TIME(ns),FREQ(Hz)
0,          0
375000,         16
625000,         80
875000,         20
1125000,         24
1375000,         24
1625000,         76
1875000,         28
2125000,         24
2375000,         28
2625000,         80
2875000,         32
3125000,         32
3375000,         52
3625000,         36
3875000,         36
4125000,         40
4375000,         64
4625000,         44
4875000,         40
5125000,         60
5375000,         48
5625000,         48
5875000,         64
6125000,         48
6375000,         52
6625000,         80
6875000,         60
7125000,         60
7375000,         64
7625000,         60
7875000,         96
8125000,         68
8375000,        108
8625000,         72
8875000,        128
9125000,        112
9375000,         80
9625000,        144
9875000,        136
10125000,        124
10375000,        108
10625000,        100
10875000,        148
11125000,        140
11375000,        140
11625000,        132
11875000,        124
12125000,        124
12375000,        176
12625000,        184
12875000,        176
13125000,        168
13375000,        168
13625000,        164
13875000,        164
14125000,        160
14375000,        164
14625000,        160
14875000,        160
15125000,        160
15375000,        160
15625000,        160
15875000,        160
16125000,        160
16375000,        160
16625000,        160
16875000,        160
17125000,        160
17375000,        160
17625000,        160
17875000,        160
18125000,        160
18375000,        160
18625000,        160
18875000,        160
19125000,        160
19375000,        160
19625000,        160
19875000,        160
20125000,        160
20375000,        160
20625000,        160
20875000,        160
21125000,        160
21375000,        160
21625000,        160
21875000,        160
22125000,        160
22375000,        160
22625000,        160
22875000,        160
23125000,        160
23375000,        160
23625000,        160
23875000,        160
24125000,        160
24375000,        160
24625000,        160
24875000,        160
25125000,        160
25375000,        160
25625000,        160
25875000,        160
26125000,        160
26375000,        160
26625000,        160
26875000,        160
27125000,        160
27375000,        160
27625000,        160
27875000,        160
28125000,        160
28375000,        160
28625000,        160
28875000,        160
29125000,        160
29375000,        160
29625000,        160
29875000,        160
30125000,        160
30375000,        160
30625000,        160
30875000,        160
31125000,        160
31375000,        160
31625000,        160
31875000,        160
32125000,        160
32375000,        160
32625000,        160
32875000,        160
33125000,        160
33375000,        160
33625000,        160
33875000,        160
34125000,        160
34375000,        160
34625000,        160
34875000,        160
35125000,        160
35375000,        160
35625000,        160
35875000,        160
36125000,        160
36375000,        160
36625000,        160
36875000,        160
37125000,        160
37375000,        160
37625000,        160
37875000,        160
38125000,        160
38375000,        160
38625000,        160
38875000,        160
39125000,        160
39375000,        160
39625000,        160
39875000,        160
40125000,        160
40375000,        160
40625000,        160
40875000,        160
41125000,        160
41375000,        160
41625000,        160
41875000,        160
42125000,        160
42375000,        160
42625000,        160
42875000,        160
43125000,        160
43375000,        160
43625000,        160
43875000,        160
44125000,        160
44375000,        160
44625000,        160
44875000,        160
45125000,        160
45375000,        160
45625000,        160
45875000,        160
46125000,        160
46375000,        160
46625000,        160
46875000,        160
47125000,        160
47375000,        160
47625000,        160
47875000,        160
48125000,        160
48375000,        160
48625000,        160
48875000,        160
49125000,        160
49375000,        160
49625000,        160
49875000,        160
50125000,        160
50375000,        160
50625000,        160
50875000,        160
51125000,        160
51375000,        160
51625000,        160
51875000,        160
52125000,        160
52375000,        160
52625000,        160
52875000,        160
53125000,        160
53375000,        160
53625000,        160
53875000,        160
54125000,        160
54375000,        160
54625000,        160
54875000,        160
55125000,        160
55375000,        160
55625000,        160
55875000,        160
56125000,        160
56375000,        160
56625000,        160
56875000,        160
57125000,        160
57375000,        160
57625000,        160
57875000,        160
58125000,        160
58375000,        160
58625000,        160
58875000,        160
59125000,        160
59375000,        160
59625000,        160
59875000,        160
60125000,        160
60375000,        160
60625000,        160
60875000,        160
61125000,        160
61375000,        160
61625000,        160
61875000,        160
62125000,        160
62375000,        160
62625000,        160
62875000,        160
63125000,        160
63375000,        160
63625000,        160
63875000,        160
64125000,        160
64375000,        160
64625000,        160
64875000,        160
65125000,        160
65375000,        160
65625000,        160
65875000,        160
66125000,        160
66375000,        160
66625000,        160
66875000,        160
67125000,        160
67375000,        160
67625000,        160
67875000,        160
68125000,        160
68375000,        160
68625000,        160
68875000,        160
69125000,        160
69375000,        160
69625000,        160
69875000,        160
70125000,        160
70375000,        160
70625000,        160
70875000,        160
71125000,        160
71375000,        160
71625000,        160
71875000,        160
72125000,        160
72375000,        160
72625000,        160
72875000,        160
73125000,        160
73375000,        160
73625000,        160
73875000,        160
74125000,        160
74375000,        160
74625000,        160
74875000,        160
75125000,        160
75375000,        160
75625000,        160
75875000,        160
76125000,        160
76375000,        160
76625000,        160
76875000,        160
77125000,        160
77375000,        160
77625000,        160
77875000,        160
78125000,        160
78375000,        160
78625000,        160
78875000,        160
79125000,        160
79375000,        160
79625000,        160
79875000,        160
80125000,        160
80375000,        160
80625000,        160
80875000,        160
81125000,        160
81375000,        160
81625000,        160
81875000,        160
82125000,        160
82375000,        160
82625000,        160
82875000,        160
83125000,        160
83375000,        160
83625000,        160
83875000,        160
84125000,        160
84375000,        160
84625000,        160
84875000,        160
85125000,        160
85375000,        160
85625000,        160
85875000,        160
86125000,        160
86375000,        160
86625000,        160
86875000,        160
87125000,        160
87375000,        160
87625000,        160
87875000,        160
88125000,        160
88375000,        160
88625000,        160
88875000,        160
89125000,        160
89375000,        160
89625000,        160
89875000,        160
90125000,        160
90375000,        160
90625000,        160
90875000,        160
91125000,        160
91375000,        160
91625000,        160
91875000,        160
92125000,        160
92375000,        160
92625000,        160
92875000,        160
93125000,        160
93375000,        160
93625000,        160
93875000,        160
94125000,        160
94375000,        160
94625000,        160
94875000,        160
95125000,        160
95375000,        160
95625000,        160
95875000,        160
96125000,        160
96375000,        160
96625000,        160
96875000,        160
97125000,        160
97375000,        160
97625000,        160
97875000,        160
98125000,        160
98375000,        160
98625000,        160
98875000,        160
99125000,        160
99375000,        160
99625000,        160
99875000,        160
100125000,        160
100375000,        160
100625000,        160
100875000,        160
101125000,        160
101375000,        160
101625000,        160
101875000,        160
102125000,        160
102375000,        160
102625000,        160
102875000,        160
103125000,        160
103375000,        160
103625000,        160
103875000,        160
104125000,        160
104375000,        160
104625000,        160
104875000,        160
105125000,        160
105375000,        160
105625000,        160
105875000,        160
106125000,        160
106375000,        160
106625000,        160
106875000,        160
107125000,        160
107375000,        160
107625000,        160
107875000,        160
108125000,        160
108375000,        160
108625000,        160
108875000,        160
109125000,        160
109375000,        160
109625000,        160
109875000,        160
110125000,        160
110375000,        160
110625000,        160
110875000,        160
111125000,        160
111375000,        160
111625000,        160
111875000,        160
112125000,        160
112375000,        160
112625000,        160
112875000,        160
113125000,        160
113375000,        160
113625000,        160
113875000,        160
114125000,        160
114375000,        160
114625000,        160
114875000,        160
115125000,        160
115375000,        160
115625000,        160
115875000,        160
116125000,        160
116375000,        160
116625000,        160
116875000,        160
117125000,        160
117375000,        160
117625000,        160
117875000,        160
118125000,        160
118375000,        160
118625000,        160
118875000,        160
119125000,        160
119375000,        160
119625000,        160
119875000,        160
120125000,        160
120375000,        160
120625000,        160
120875000,        160
121125000,        160
121375000,        160
121625000,        160
121875000,        160
122125000,        160
122375000,        160
122625000,        160
122875000,        160
123125000,        160
123375000,        160
123625000,        160
123875000,        160
124125000,        160
124375000,        160
124625000,        160
124875000,        160
125125000,        160
125375000,        160
125625000,        160
125875000,        160
126125000,        160
126375000,        160
126625000,        160
126875000,        160
127125000,        160
127375000,        160
127625000,        160
127875000,        160
128125000,        160
128375000,        160
128625000,        160
128875000,        160
129125000,        160
129375000,        160
129625000,        160
129875000,        160
130125000,        160
130375000,        160
130625000,        160
130875000,        160
131125000,        160
131375000,        160
131625000,        160
131875000,        160
132125000,        160
132375000,        160
132625000,        160
132875000,        160
133125000,        160
133375000,        160
133625000,        160
133875000,        160
134125000,        160
134375000,        160
134625000,        160
134875000,        160
135125000,        160
135375000,        160
135625000,        160
135875000,        160
136125000,        160
136375000,        160
136625000,        160
136875000,        160
137125000,        160
137375000,        160
137625000,        160
137875000,        160
138125000,        160
138375000,        160
138625000,        160
138875000,        160
139125000,        160
139375000,        160
139625000,        160
139875000,        160
140125000,        160
140375000,        160
140625000,        160
140875000,        160
141125000,        160
141375000,        160
141625000,        160
141875000,        160
142125000,        160
142375000,        160
142625000,        160
142875000,        160
143125000,        160
143375000,        160
143625000,        160
143875000,        160
144125000,        160
144375000,        160
144625000,        160
144875000,        160
145125000,        160
145375000,        160
145625000,        160
145875000,        160
146125000,        160
146375000,        160
146625000,        160
146875000,        160
147125000,        160
147375000,        160
147625000,        160
147875000,        160
148125000,        160
148375000,        160
148625000,        160
148875000,        160
149125000,        160
149375000,        160
149625000,        160
149875000,        160
150125000,        160
150375000,        160
150625000,        160
150875000,        160
151125000,        160
151375000,        160
151625000,        160
151875000,        160
152125000,        160
152375000,        160
152625000,        160
152875000,        160
153125000,        160
153375000,        160
153625000,        160
153875000,        160
154125000,        160
154375000,        160
154625000,        160
154875000,        160
155125000,        160
155375000,        160
155625000,        160
155875000,        160
156125000,        160
156375000,        160
156625000,        160
156875000,        160
157125000,        160
157375000,        160
157625000,        160
157875000,        160
158125000,        160
158375000,        160
158625000,        160
158875000,        160
159125000,        160
159375000,        160
159625000,        160
159875000,        160
160125000,        160
160375000,        160
160625000,        160
160875000,        160
161125000,        160
161375000,        160
161625000,        160
161875000,        160
162125000,        160
162375000,        160
162625000,        160
162875000,        160
163125000,        160
163375000,        160
163625000,        160
163875000,        160
164125000,        160
164375000,        160
164625000,        160
164875000,        160
165125000,        160
165375000,        160
165625000,        160
165875000,        160
166125000,        160
166375000,        160
166625000,        160
166875000,        160
167125000,        160
167375000,        160
167625000,        160
167875000,        160
168125000,        160
168375000,        160
168625000,        160
168875000,        160
169125000,        160
169375000,        160
169625000,        160
169875000,        160
170125000,        160
170375000,        160
170625000,        160
170875000,        160
171125000,        160
171375000,        160
171625000,        160
171875000,        160
172125000,        160
172375000,        160
172625000,        160
172875000,        160
173125000,        160
173375000,        160
173625000,        160
173875000,        160
174125000,        160
174375000,        160
174625000,        160
174875000,        160
175125000,        160
175375000,        160
175625000,        160
175875000,        160
176125000,        160
176375000,        160
176625000,        160
176875000,        160
177125000,        160
177375000,        160
177625000,        160
177875000,        160
178125000,        160
178375000,        160
178625000,        160
178875000,        160
179125000,        160
179375000,        160
179625000,        160
179875000,        160
180125000,        160
180375000,        160
180625000,        160
180875000,        160
181125000,        160
181375000,        160
181625000,        160
181875000,        160
182125000,        160
182375000,        160
182625000,        160
182875000,        160
183125000,        160
183375000,        160
183625000,        160
183875000,        160
184125000,        160
184375000,        160
184625000,        160
184875000,        160
185125000,        160
185375000,        160
185625000,        160
185875000,        160
186125000,        160
186375000,        160
186625000,        160
186875000,        160
187125000,        160
187375000,        160
187625000,        160
187875000,        160
188125000,        160
188375000,        160
188625000,        160
188875000,        160
189125000,        160
189375000,        160
189625000,        160
189875000,        160
190125000,        160
190375000,        160
190625000,        160
190875000,        160
191125000,        160
191375000,        160
191625000,        160
191875000,        160
192125000,        160
192375000,        160
192625000,        160
192875000,        160
193125000,        160
193375000,        160
193625000,        160
193875000,        160
194125000,        160
194375000,        160
194625000,        160
194875000,        160
195125000,        160
195375000,        160
195625000,        160
195875000,        160
196125000,        160
196375000,        160
196625000,        160
196875000,        160
197125000,        160
197375000,        160
197625000,        160
197875000,        160
198125000,        160
198375000,        160
198625000,        160
198875000,        160
199125000,        160
199375000,        160
199625000,        160
199875000,        160
200125000,        160
200375000,        160
200625000,        160
200875000,        160
201125000,        160
201375000,        160
201625000,        160
201875000,        160
202125000,        160
202375000,        160
202625000,        160
202875000,        160
203125000,        160
203375000,        160
203625000,        160
203875000,        160
204125000,        160
204375000,        160
204625000,        160
204875000,        160
205125000,        160
205375000,        160
205625000,        160
205875000,        160
206125000,        160
206375000,        160
206625000,        160
206875000,        160
207125000,        160
207375000,        160
207625000,        160
207875000,        160
208125000,        160
208375000,        160
208625000,        160
208875000,        160
209125000,        160
209375000,        160
209625000,        160
209875000,        160
210125000,        160
210375000,        160
210625000,        160
210875000,        160
211125000,        160
211375000,        160
211625000,        160
211875000,        160
212125000,        160
212375000,        160
212625000,        160
212875000,        160
213125000,        160
213375000,        160
213625000,        160
213875000,        160
214125000,        160
214375000,        160
214625000,        160
214875000,        160
215125000,        160
215375000,        160
215625000,        160
215875000,        160
216125000,        160
216375000,        160
216625000,        160
216875000,        160
217125000,        160
217375000,        160
217625000,        160
217875000,        160
218125000,        160
218375000,        160
218625000,        160
218875000,        160
219125000,        160
219375000,        160
219625000,        160
219875000,        160
220125000,        160
220375000,        160
220625000,        160
220875000,        160
221125000,        160
221375000,        160
221625000,        160
221875000,        160
222125000,        160
222375000,        160
222625000,        160
222875000,        160
223125000,        160
223375000,        160
223625000,        160
223875000,        160
224125000,        160
224375000,        160
224625000,        160
224875000,        160
225125000,        160
225375000,        160
225625000,        160
225875000,        160
226125000,        160
226375000,        160
226625000,        160
226875000,        160
227125000,        160
227375000,        160
227625000,        160
227875000,        160
228125000,        160
228375000,        160
228625000,        160
228875000,        160
229125000,        160
229375000,        160
229625000,        160
229875000,        160
230125000,        160
230375000,        160
230625000,        160
230875000,        160
231125000,        160
231375000,        160
231625000,        160
231875000,        160
232125000,        160
232375000,        160
232625000,        160
232875000,        160
233125000,        160
233375000,        160
233625000,        160
233875000,        160
234125000,        160
234375000,        160
234625000,        160
234875000,        160
235125000,        160
235375000,        160
235625000,        160
235875000,        160
236125000,        160
236375000,        160
236625000,        160
236875000,        160
237125000,        160
237375000,        160
237625000,        160
237875000,        160
238125000,        160
238375000,        160
238625000,        160
238875000,        160
239125000,        160
239375000,        160
239625000,        160
239875000,        160
240125000,        160
240375000,        160
240625000,        160
240875000,        160
241125000,        160
241375000,        160
241625000,        160
241875000,        160
242125000,        160
242375000,        160
242625000,        160
242875000,        160
243125000,        160
243375000,        160
243625000,        160
243875000,        160
244125000,        160
244375000,        160
244625000,        160
244875000,        160
245125000,        160
245375000,        160
245625000,        160
245875000,        160
246125000,        160
246375000,        160
246625000,        160
246875000,        160
247125000,        160
247375000,        160
247625000,        160
247875000,        160
248125000,        160
248375000,        160
248625000,        160
248875000,        160
249125000,        160
249375000,        160
249625000,        160
249875000,        160
250125000,        160
250375000,        160
250625000,        160
250875000,        160
251125000,        160
251375000,        160
251625000,        160
251875000,        160
252125000,        160
252375000,        160
252625000,        160
252875000,        160
253125000,        160
253375000,        160
253625000,        160
253875000,        160
254125000,        160
254375000,        160
254625000,        160
254875000,        160
255125000,        160
255375000,        160
255625000,        160
255875000,        160
256125000,        160
256375000,        160
256625000,        160
256875000,        160
257125000,        160
257375000,        160
257625000,        160
257875000,        160
258125000,        160
258375000,        160
258625000,        160
258875000,        160
259125000,        160
259375000,        160
259625000,        160
259875000,        160
260125000,        160
260375000,        160
260625000,        160
260875000,        160
261125000,        160
261375000,        160
261625000,        160
261875000,        160
262125000,        160
262375000,        160
262625000,        160
262875000,        160
263125000,        160
263375000,        160
263625000,        160
263875000,        160
264125000,        160
264375000,        160
264625000,        160
264875000,        160
265125000,        160
265375000,        160
265625000,        160
265875000,        160
266125000,        160
266375000,        160
266625000,        160
266875000,        160
267125000,        160
267375000,        160
267625000,        160
267875000,        160
268125000,        160
268375000,        160
268625000,        160
268875000,        160
269125000,        160
269375000,        160
269625000,        160
269875000,        160
270125000,        160
270375000,        160
270625000,        160
270875000,        160
271125000,        160
271375000,        160
271625000,        160
271875000,        160
272125000,        160
272375000,        160
272625000,        160
272875000,        160
273125000,        160
273375000,        160
273625000,        160
273875000,        160
274125000,        160
274375000,        160
274625000,        160
274875000,        160
275125000,        160
275375000,        160
275625000,        160
275875000,        160
276125000,        160
276375000,        160
276625000,        160
276875000,        160
277125000,        160
277375000,        160
277625000,        160
277875000,        160
278125000,        160
278375000,        160
278625000,        160
278875000,        160
279125000,        160
279375000,        160
279625000,        160
279875000,        160
280125000,        160
280375000,        160
280625000,        160
280875000,        160
281125000,        160
281375000,        160
281625000,        160
281875000,        160
282125000,        160
282375000,        160
282625000,        160
282875000,        160
283125000,        160
283375000,        160
283625000,        160
283875000,        160
284125000,        160
284375000,        160
284625000,        160
284875000,        160
285125000,        160
285375000,        160
285625000,        160
285875000,        160
286125000,        160
286375000,        160
286625000,        160
286875000,        160
287125000,        160
287375000,        160
287625000,        160
287875000,        160
288125000,        160
288375000,        160
288625000,        160
288875000,        160
289125000,        160
289375000,        160
289625000,        160
289875000,        160
290125000,        160
290375000,        160
290625000,        160
290875000,        160
291125000,        160
291375000,        160
291625000,        160
291875000,        160
292125000,        160
292375000,        160
292625000,        160
292875000,        160
293125000,        160
293375000,        160
293625000,        160
293875000,        160
294125000,        160
294375000,        160
294625000,        160
294875000,        160
295125000,        160
295375000,        160
295625000,        160
295875000,        160
296125000,        160
296375000,        160
296625000,        160
296875000,        160
297125000,        160
297375000,        160
297625000,        160
297875000,        160
298125000,        160
298375000,        160
298625000,        160
298875000,        160
299125000,        160
299375000,        160
299625000,        160
299875000,        160
300125000,        160
300375000,        160
300625000,        160
300875000,        160
301125000,        160
301375000,        160
301625000,        160
301875000,        160
302125000,        160
302375000,        160
302625000,        160
302875000,        160
303125000,        160
303375000,        160
303625000,        160
303875000,        160
304125000,        160
304375000,        160
304625000,        160
304875000,        160
305125000,        160
305375000,        160
305625000,        160
305875000,        160
306125000,        160
306375000,        160
306625000,        160
306875000,        160
307125000,        160
307375000,        160
307625000,        160
307875000,        160
308125000,        160
308375000,        160
308625000,        160
308875000,        160
309125000,        160
309375000,        160
309625000,        160
309875000,        160
310125000,        160
310375000,        160
310625000,        160
310875000,        160
311125000,        160
311375000,        160
311625000,        160
311875000,        160
312125000,        160
312375000,        160
312625000,        160
312875000,        160
313125000,        160
313375000,        160
313625000,        160
313875000,        160
314125000,        160
314375000,        160
314625000,        160
314875000,        160
315125000,        160
315375000,        160
315625000,        160
315875000,        160
316125000,        160
316375000,        160
316625000,        160
316875000,        160
317125000,        160
317375000,        160
317625000,        160
317875000,        160
318125000,        160
318375000,        160
318625000,        160
318875000,        160
319125000,        160
319375000,        160
319625000,        160
319875000,        160
320125000,        160
320375000,        160
320625000,        160
320875000,        160
321125000,        160
321375000,        160
321625000,        160
321875000,        160
322125000,        160
322375000,        160
322625000,        160
322875000,        160
323125000,        160
323375000,        160
323625000,        160
323875000,        160
324125000,        160
324375000,        160
324625000,        160
324875000,        160
325125000,        160
325375000,        160
325625000,        160
325875000,        160
326125000,        160
326375000,        160
326625000,        160
326875000,        160
327125000,        160
327375000,        160
327625000,        160
327875000,        160
328125000,        160
328375000,        160
328625000,        160
328875000,        160
329125000,        160
329375000,        160
329625000,        160
329875000,        160
330125000,        160
330375000,        160
330625000,        160
330875000,        160
331125000,        160
331375000,        160
331625000,        160
331875000,        160
332125000,        160
332375000,        160
332625000,        160
332875000,        160
333125000,        160
333375000,        160
333625000,        160
333875000,        160
334125000,        160
334375000,        160
334625000,        160
334875000,        160
335125000,        160
335375000,        160
335625000,        160
335875000,        160
336125000,        160
336375000,        160
336625000,        160
336875000,        160
337125000,        160
337375000,        160
337625000,        160
337875000,        160
338125000,        160
338375000,        160
338625000,        160
338875000,        160
339125000,        160
339375000,        160
339625000,        160
339875000,        160
340125000,        160
340375000,        160
340625000,        160
340875000,        160
341125000,        160
341375000,        160
341625000,        160
341875000,        160
342125000,        160
342375000,        160
342625000,        160
342875000,        160
343125000,        160
343375000,        160
343625000,        160
343875000,        160
344125000,        160
344375000,        160
344625000,        160
344875000,        160
345125000,        160
345375000,        160
345625000,        160
345875000,        160
346125000,        160
346375000,        160
346625000,        160
346875000,        160
347125000,        160
347375000,        160
347625000,        160
347875000,        160
348125000,        160
348375000,        160
348625000,        160
348875000,        160
349125000,        160
349375000,        160
349625000,        160
349875000,        160
350125000,        160
350375000,        160
350625000,        160
350875000,        160
351125000,        160
351375000,        160
351625000,        160
351875000,        160
352125000,        160
352375000,        160
352625000,        160
352875000,        160
353125000,        160
353375000,        160
353625000,        160
353875000,        160
354125000,        160
354375000,        160
354625000,        160
354875000,        160
355125000,        160
355375000,        160
355625000,        160
355875000,        160
356125000,        160
356375000,        160
356625000,        160
356875000,        160
357125000,        160
357375000,        160
357625000,        160
357875000,        160
358125000,        160
358375000,        160
358625000,        160
358875000,        160
359125000,        160
359375000,        160
359625000,        160
359875000,        160
360125000,        160
360375000,        160
360625000,        160
360875000,        160
361125000,        160
361375000,        160
361625000,        160
361875000,        160
362125000,        160
362375000,        160
362625000,        160
362875000,        160
363125000,        160
363375000,        160
363625000,        160
363875000,        160
364125000,        160
364375000,        160
364625000,        160
364875000,        160
365125000,        160
365375000,        160
365625000,        160
365875000,        160
366125000,        160
366375000,        160
366625000,        160
366875000,        160
367125000,        160
367375000,        160
367625000,        160
367875000,        160
368125000,        160
368375000,        160
368625000,        160
368875000,        160
369125000,        160
369375000,        160
369625000,        160
369875000,        160
370125000,        160
370375000,        160
370625000,        160
370875000,        160
371125000,        160
371375000,        160
371625000,        160
371875000,        160
372125000,        160
372375000,        160
372625000,        160
372875000,        160
373125000,        160
373375000,        160
373625000,        160
373875000,        160
374125000,        160
374375000,        160
374625000,        160
374875000,        160
375125000,        160
375375000,        160
375625000,        160
375875000,        160
376125000,        160
376375000,        160
376625000,        160
376875000,        160
377125000,        160
377375000,        160
377625000,        160
377875000,        160
378125000,        160
378375000,        160
378625000,        160
378875000,        160
379125000,        160
379375000,        160
379625000,        160
379875000,        160
380125000,        160
380375000,        160
380625000,        160
380875000,        160
381125000,        160
381375000,        160
381625000,        160
381875000,        160
382125000,        160
382375000,        160
382625000,        160
382875000,        160
383125000,        160
383375000,        160
383625000,        160
383875000,        160
384125000,        160
384375000,        160
384625000,        160
384875000,        160
385125000,        160
385375000,        160
385625000,        160
385875000,        160
386125000,        160
386375000,        160
386625000,        160
386875000,        160
387125000,        160
387375000,        160
387625000,        160
387875000,        160
388125000,        160
388375000,        160
388625000,        160
388875000,        160
389125000,        160
389375000,        160
389625000,        160
389875000,        160
390125000,        160
390375000,        160
390625000,        160
390875000,        160
391125000,        160
391375000,        160
391625000,        160
391875000,        160
392125000,        160
392375000,        160
392625000,        160
392875000,        160
393125000,        160
393375000,        160
393625000,        160
393875000,        160
394125000,        160
394375000,        160
394625000,        160
394875000,        160
395125000,        160
395375000,        160
395625000,        160
395875000,        160
396125000,        160
396375000,        160
396625000,        160
396875000,        160
397125000,        160
397375000,        160
397625000,        160
397875000,        160
398125000,        160
398375000,        160
398625000,        160
398875000,        160
399125000,        160
399375000,        160
399625000,        160
399875000,        160
400125000,        160
400375000,        160
400625000,        160
400875000,        160
401125000,        160
401375000,        160
401625000,        160
401875000,        160
402125000,        160
402375000,        160
402625000,        160
402875000,        160
403125000,        160
403375000,        160
403625000,        160
403875000,        160
404125000,        160
404375000,        160
404625000,        160
404875000,        160
405125000,        160
405375000,        160
405625000,        160
405875000,        160
406125000,        160
406375000,        160
406625000,        160
406875000,        160
407125000,        160
407375000,        160
407625000,        160
407875000,        160
408125000,        160
408375000,        160
408625000,        160
408875000,        160
409125000,        160
409375000,        160
409625000,        160
409875000,        160
410125000,        160
410375000,        160
410625000,        160
410875000,        160
411125000,        160
411375000,        160
411625000,        160
411875000,        160
412125000,        160
412375000,        160
412625000,        160
412875000,        160
413125000,        160
413375000,        160
413625000,        160
413875000,        160
414125000,        160
414375000,        160
414625000,        160
414875000,        160
415125000,        160
415375000,        160
415625000,        160
415875000,        160
416125000,        160
416375000,        160
416625000,        160
416875000,        160
417125000,        160
417375000,        160
417625000,        160
417875000,        160
418125000,        160
418375000,        160
418625000,        160
418875000,        160
419125000,        160
419375000,        160
419625000,        160
419875000,        160
420125000,        160
420375000,        160
420625000,        160
420875000,        160
421125000,        160
421375000,        160
421625000,        160
421875000,        160
422125000,        160
422375000,        160
422625000,        160
422875000,        160
423125000,        160
423375000,        160
423625000,        160
423875000,        160
424125000,        160
424375000,        160
424625000,        160
424875000,        160
425125000,        160
425375000,        160
425625000,        160
425875000,        160
426125000,        160
426375000,        160
426625000,        160
426875000,        160
427125000,        160
427375000,        160
427625000,        160
427875000,        160
428125000,        160
428375000,        160
428625000,        160
428875000,        160
429125000,        160
429375000,        160
429625000,        160
429875000,        160
430125000,        160
430375000,        160
430625000,        160
430875000,        160
431125000,        160
431375000,        160
431625000,        160
431875000,        160
432125000,        160
432375000,        160
432625000,        160
432875000,        160
433125000,        160
433375000,        160
433625000,        160
433875000,        160
434125000,        160
434375000,        160
434625000,        160
434875000,        160
435125000,        160
435375000,        160
435625000,        160
435875000,        160
436125000,        160
436375000,        160
436625000,        160
436875000,        160
437125000,        160
437375000,        160
437625000,        160
437875000,        160
438125000,        160
438375000,        160
438625000,        160
438875000,        160
439125000,        160
439375000,        160
439625000,        160
439875000,        160
440125000,        160
440375000,        160
440625000,        160
440875000,        160
441125000,        160
441375000,        160
441625000,        160
441875000,        160
442125000,        160
442375000,        160
442625000,        160
442875000,        160
443125000,        160
443375000,        160
443625000,        160
443875000,        160
444125000,        160
444375000,        160
444625000,        160
444875000,        160
445125000,        160
445375000,        160
445625000,        160
445875000,        160
446125000,        160
446375000,        160
446625000,        160
446875000,        160
447125000,        160
447375000,        160
447625000,        160
447875000,        160
448125000,        160
448375000,        160
448625000,        160
448875000,        160
449125000,        160
449375000,        160
449625000,        160
449875000,        160
450125000,        160
450375000,        160
450625000,        160
450875000,        160
451125000,        160
451375000,        160
451625000,        160
451875000,        160
452125000,        160
452375000,        160
452625000,        160
452875000,        160
453125000,        160
453375000,        160
453625000,        160
453875000,        160
454125000,        160
454375000,        160
454625000,        160
454875000,        160
455125000,        160
455375000,        160
455625000,        160
455875000,        160
456125000,        160
456375000,        160
456625000,        160
456875000,        160
457125000,        160
457375000,        160
457625000,        160
457875000,        160
458125000,        160
458375000,        160
458625000,        160
458875000,        160
459125000,        160
459375000,        160
459625000,        160
459875000,        160
460125000,        160
460375000,        160
460625000,        160
460875000,        160
461125000,        160
461375000,        160
461625000,        160
461875000,        160
462125000,        160
462375000,        160
462625000,        160
462875000,        160
463125000,        160
463375000,        160
463625000,        160
463875000,        160
464125000,        160
464375000,        160
464625000,        160
464875000,        160
465125000,        160
465375000,        160
465625000,        160
465875000,        160
466125000,        160
466375000,        160
466625000,        160
466875000,        160
467125000,        160
467375000,        160
467625000,        160
467875000,        160
468125000,        160
468375000,        160
468625000,        160
468875000,        160
469125000,        160
469375000,        160
469625000,        160
469875000,        160
470125000,        160
470375000,        160
470625000,        160
470875000,        160
471125000,        160
471375000,        160
471625000,        160
471875000,        160
472125000,        160
472375000,        160
472625000,        160
472875000,        160
473125000,        160
473375000,        160
473625000,        160
473875000,        160
474125000,        160
474375000,        160
474625000,        160
474875000,        160
475125000,        160
475375000,        160
475625000,        160
475875000,        160
476125000,        160
476375000,        160
476625000,        160
476875000,        160
477125000,        160
477375000,        160
477625000,        160
477875000,        160
478125000,        160
478375000,        160
478625000,        160
478875000,        160
479125000,        160
479375000,        160
479625000,        160
479875000,        160
480125000,        160
480375000,        160
480625000,        160
480875000,        160
481125000,        160
481375000,        160
481625000,        160
481875000,        160
482125000,        160
482375000,        160
482625000,        160
482875000,        160
483125000,        160
483375000,        160
483625000,        160
483875000,        160
484125000,        160
484375000,        160
484625000,        160
484875000,        160
485125000,        160
485375000,        160
485625000,        160
485875000,        160
486125000,        160
486375000,        160
486625000,        160
486875000,        160
487125000,        160
487375000,        160
487625000,        160
487875000,        160
488125000,        160
488375000,        160
488625000,        160
488875000,        160
489125000,        160
489375000,        160
489625000,        160
489875000,        160
490125000,        160
490375000,        160
490625000,        160
490875000,        160
491125000,        160
491375000,        160
491625000,        160
491875000,        160
492125000,        160
492375000,        160
492625000,        160
492875000,        160
493125000,        160
493375000,        160
493625000,        160
493875000,        160
494125000,        160
494375000,        160
494625000,        160
494875000,        160
495125000,        160
495375000,        160
495625000,        160
495875000,        160
496125000,        160
496375000,        160
496625000,        160
496875000,        160
497125000,        160
497375000,        160
497625000,        160
497875000,        160
498125000,        160
498375000,        160
498625000,        160
498875000,        160
499125000,        160
499375000,        160
499625000,        160
499875000,        160
500125000,        160
500375000,        160
500625000,        160
500875000,        160
501125000,        160
501375000,        160
501625000,        160
501875000,        160
502125000,        160
502375000,        160
502625000,        160
502875000,        160
503125000,        160
503375000,        160
503625000,        160
503875000,        160
504125000,        160
504375000,        160
504625000,        160
504875000,        160
505125000,        160
505375000,        160
505625000,        160
505875000,        160
506125000,        160
506375000,        160
506625000,        160
506875000,        160
507125000,        160
507375000,        160
507625000,        160
507875000,        160
508125000,        160
508375000,        160
508625000,        160
508875000,        160
509125000,        160
509375000,        160
509625000,        160
509875000,        160
510125000,        160
510375000,        160
510625000,        160
510875000,        160
511125000,        160
511375000,        160
511625000,        160
511875000,        160
512125000,        160
512375000,        160
512625000,        160
512875000,        160
513125000,        160
513375000,        160
513625000,        160
513875000,        160
514125000,        160
514375000,        160
514625000,        160
514875000,        160
515125000,        160
515375000,        160
515625000,        160
515875000,        160
516125000,        160
516375000,        160
516625000,        160
516875000,        160
517125000,        160
517375000,        160
517625000,        160
517875000,        160
518125000,        160
518375000,        160
518625000,        160
518875000,        160
519125000,        160
519375000,        160
519625000,        160
519875000,        160
520125000,        160
520375000,        160
520625000,        160
520875000,        160
521125000,        160
521375000,        160
521625000,        160
521875000,        160
522125000,        160
522375000,        160
522625000,        160
522875000,        160
523125000,        160
523375000,        160
523625000,        160
523875000,        160
524125000,        160
524375000,        160
524625000,        160
524875000,        160
525125000,        160
525375000,        160
525625000,        160
525875000,        160
526125000,        160
526375000,        160
526625000,        160
526875000,        160
527125000,        160
527375000,        160
527625000,        160
527875000,        160
528125000,        160
528375000,        160
528625000,        160
528875000,        160
529125000,        160
529375000,        160
529625000,        160
529875000,        160
530125000,        160
530375000,        160
530625000,        160
530875000,        160
531125000,        160
531375000,        160
531625000,        160
531875000,        160
532125000,        160
532375000,        160
532625000,        160
532875000,        160
533125000,        160
533375000,        160
533625000,        160
533875000,        160
534125000,        160
534375000,        160
534625000,        160
534875000,        160
535125000,        160
535375000,        160
535625000,        160
535875000,        160
536125000,        160
536375000,        160
536625000,        160
536875000,        160
537125000,        160
537375000,        160
537625000,        160
537875000,        160
538125000,        160
538375000,        160
538625000,        160
538875000,        160
539125000,        160
539375000,        160
539625000,        160
539875000,        160
540125000,        160
540375000,        160
540625000,        160
540875000,        160
541125000,        160
541375000,        160
541625000,        160
541875000,        160
542125000,        160
542375000,        160
542625000,        160
542875000,        160
543125000,        160
543375000,        160
543625000,        160
543875000,        160
544125000,        160
544375000,        160
544625000,        160
544875000,        160
545125000,        160
545375000,        160
545625000,        160
545875000,        160
546125000,        160
546375000,        160
546625000,        160
546875000,        160
547125000,        160
547375000,        160
547625000,        160
547875000,        160
548125000,        160
548375000,        160
548625000,        160
548875000,        160
549125000,        160
549375000,        160
549625000,        160
549875000,        160
550125000,        160
550375000,        160
550625000,        160
550875000,        160
551125000,        160
551375000,        160
551625000,        160
551875000,        160
552125000,        160
552375000,        160
552625000,        160
552875000,        160
553125000,        160
553375000,        160
553625000,        160
553875000,        160
554125000,        160
554375000,        160
554625000,        160
554875000,        160
555125000,        160
555375000,        160
555625000,        160
555875000,        160
556125000,        160
556375000,        160
556625000,        160
556875000,        160
557125000,        160
557375000,        160
557625000,        160
557875000,        160
558125000,        160
558375000,        160
558625000,        160
558875000,        160
559125000,        160
559375000,        160
559625000,        160
559875000,        160
560125000,        160
560375000,        160
560625000,        160
560875000,        160
561125000,        160
561375000,        160
561625000,        160
561875000,        160
562125000,        160
562375000,        160
562625000,        160
562875000,        160
563125000,        160
563375000,        160
563625000,        160
563875000,        160
564125000,        160
564375000,        160
564625000,        160
564875000,        160
565125000,        160
565375000,        160
565625000,        160
565875000,        160
566125000,        160
566375000,        160
566625000,        160
566875000,        160
567125000,        160
567375000,        160
567625000,        160
567875000,        160
568125000,        160
568375000,        160
568625000,        160
568875000,        160
569125000,        160
569375000,        160
569625000,        160
569875000,        160
570125000,        160
570375000,        160
570625000,        160
570875000,        160
571125000,        160
571375000,        160
571625000,        160
571875000,        160
572125000,        160
572375000,        160
572625000,        160
572875000,        160
573125000,        160
573375000,        160
573625000,        160
573875000,        160
574125000,        160
574375000,        160
574625000,        160
574875000,        160
575125000,        160
575375000,        160
575625000,        160
575875000,        160
576125000,        160
576375000,        160
576625000,        160
576875000,        160
577125000,        160
577375000,        160
577625000,        160
577875000,        160
578125000,        160
578375000,        160
578625000,        160
578875000,        160
579125000,        160
579375000,        160
579625000,        160
579875000,        160
580125000,        160
580375000,        160
580625000,        160
580875000,        160
581125000,        160
581375000,        160
581625000,        160
581875000,        160
582125000,        160
582375000,        160
582625000,        160
582875000,        160
583125000,        160
583375000,        160
583625000,        160
583875000,        160
584125000,        160
584375000,        160
584625000,        160
584875000,        160
585125000,        160
585375000,        160
585625000,        160
585875000,        160
586125000,        160
586375000,        160
586625000,        160
586875000,        160
587125000,        160
587375000,        160
587625000,        160
587875000,        160
588125000,        160
588375000,        160
588625000,        160
588875000,        160
589125000,        160
589375000,        160
589625000,        160
589875000,        160
590125000,        160
590375000,        160
590625000,        160
590875000,        160
591125000,        160
591375000,        160
591625000,        160
591875000,        160
592125000,        160
592375000,        160
592625000,        160
592875000,        160
593125000,        160
593375000,        160
593625000,        160
593875000,        160
594125000,        160
594375000,        160
594625000,        160
594875000,        160
595125000,        160
595375000,        160
595625000,        160
595875000,        160
596125000,        160
596375000,        160
596625000,        160
596875000,        160
597125000,        160
597375000,        160
597625000,        160
597875000,        160
598125000,        160
598375000,        160
598625000,        160
598875000,        160
599125000,        160
599375000,        160
599625000,        160
599875000,        160
600125000,        160
600375000,        160
600625000,        160
600875000,        160
601125000,        160
601375000,        160
601625000,        160
601875000,        160
602125000,        160
602375000,        160
602625000,        160
602875000,        160
603125000,        160
603375000,        160
603625000,        160
603875000,        160
604125000,        160
604375000,        160
604625000,        160
604875000,        160
605125000,        160
605375000,        160
605625000,        160
605875000,        160
606125000,        160
606375000,        160
606625000,        160
606875000,        160
607125000,        160
607375000,        160
607625000,        160
607875000,        160
608125000,        160
608375000,        160
608625000,        160
608875000,        160
609125000,        160
609375000,        160
609625000,        160
609875000,        160
610125000,        160
610375000,        160
610625000,        160
610875000,        160
611125000,        160
611375000,        160
611625000,        160
611875000,        160
612125000,        160
612375000,        160
612625000,        160
612875000,        160
613125000,        160
613375000,        160
613625000,        160
613875000,        160
614125000,        160
614375000,        160
614625000,        160
614875000,        160
615125000,        160
615375000,        160
615625000,        160
615875000,        160
616125000,        160
616375000,        160
616625000,        160
616875000,        160
617125000,        160
617375000,        160
617625000,        160
617875000,        160
618125000,        160
618375000,        160
618625000,        160
618875000,        160
619125000,        160
619375000,        160
619625000,        160
619875000,        160
620125000,        160
620375000,        160
620625000,        160
620875000,        160
621125000,        160
621375000,        160
621625000,        160
621875000,        160
622125000,        160
622375000,        160
622625000,        160
622875000,        160
623125000,        160
623375000,        160
623625000,        160
623875000,        160
624125000,        160
624375000,        160
624625000,        160
624875000,        160
625125000,        160
625375000,        160
625625000,        160
625875000,        160
626125000,        160
626375000,        160
626625000,        160
626875000,        160
627125000,        160
627375000,        160
627625000,        160
627875000,        160
628125000,        160
628375000,        160
628625000,        160
628875000,        160
629125000,        160
629375000,        160
629625000,        160
629875000,        160
630125000,        160
630375000,        160
630625000,        160
630875000,        160
631125000,        160
631375000,        160
631625000,        160
631875000,        160
632125000,        160
632375000,        160
632625000,        160
632875000,        160
633125000,        160
633375000,        160
633625000,        160
633875000,        160
634125000,        160
634375000,        160
634625000,        160
634875000,        160
635125000,        160
635375000,        160
635625000,        160
635875000,        160
636125000,        160
636375000,        160
636625000,        160
636875000,        160
637125000,        160
637375000,        160
637625000,        160
637875000,        160
638125000,        160
638375000,        160
638625000,        160
638875000,        160
639125000,        160
639375000,        160
639625000,        160
639875000,        160
640125000,        160
640375000,        160
640625000,        160
640875000,        160
641125000,        160
641375000,        160
641625000,        160
641875000,        160
642125000,        160
642375000,        160
642625000,        160
642875000,        160
643125000,        160
643375000,        160
643625000,        160
643875000,        160
644125000,        160
644375000,        160
644625000,        160
644875000,        160
645125000,        160
645375000,        160
645625000,        160
645875000,        160
646125000,        160
646375000,        160
646625000,        160
646875000,        160
647125000,        160
647375000,        160
647625000,        160
647875000,        160
648125000,        160
648375000,        160
648625000,        160
648875000,        160
649125000,        160
649375000,        160
649625000,        160
649875000,        160
650125000,        160
650375000,        160
650625000,        160
650875000,        160
651125000,        160
651375000,        160
651625000,        160
651875000,        160
652125000,        160
652375000,        160
652625000,        160
652875000,        160
653125000,        160
653375000,        160
653625000,        160
653875000,        160
654125000,        160
654375000,        160
654625000,        160
654875000,        160
655125000,        160
655375000,        160
655625000,        160
655875000,        160
656125000,        160
656375000,        160
656625000,        160
656875000,        160
657125000,        160
657375000,        160
657625000,        160
657875000,        160
658125000,        160
658375000,        160
658625000,        160
658875000,        160
659125000,        160
659375000,        160
659625000,        160
659875000,        160
660125000,        160
660375000,        160
660625000,        160
660875000,        160
661125000,        160
661375000,        160
661625000,        160
661875000,        160
662125000,        160
662375000,        160
662625000,        160
662875000,        160
663125000,        160
663375000,        160
663625000,        160
663875000,        160
664125000,        160
664375000,        160
664625000,        160
664875000,        160
665125000,        160
665375000,        160
665625000,        160
665875000,        160
666125000,        160
666375000,        160
666625000,        160
666875000,        160
667125000,        160
667375000,        160
667625000,        160
667875000,        160
668125000,        160
668375000,        160
668625000,        160
668875000,        160
669125000,        160
669375000,        160
669625000,        160
669875000,        160
670125000,        160
670375000,        160
670625000,        160
670875000,        160
671125000,        160
671375000,        160
671625000,        160
671875000,        160
672125000,        160
672375000,        160
672625000,        160
672875000,        160
673125000,        160
673375000,        160
673625000,        160
673875000,        160
674125000,        160
674375000,        160
674625000,        160
674875000,        160
675125000,        160
675375000,        160
675625000,        160
675875000,        160
676125000,        160
676375000,        160
676625000,        160
676875000,        160
677125000,        160
677375000,        160
677625000,        160
677875000,        160
678125000,        160
678375000,        160
678625000,        160
678875000,        160
679125000,        160
679375000,        160
679625000,        160
679875000,        160
680125000,        160
680375000,        160
680625000,        160
680875000,        160
681125000,        160
681375000,        160
681625000,        160
681875000,        160
682125000,        160
682375000,        160
682625000,        160
682875000,        160
683125000,        160
683375000,        160
683625000,        160
683875000,        160
684125000,        160
684375000,        160
684625000,        160
684875000,        160
685125000,        160
685375000,        160
685625000,        160
685875000,        160
686125000,        160
686375000,        160
686625000,        160
686875000,        160
687125000,        160
687375000,        160
687625000,        160
687875000,        160
688125000,        160
688375000,        160
688625000,        160
688875000,        160
689125000,        160
689375000,        160
689625000,        160
689875000,        160
690125000,        160
690375000,        160
690625000,        160
690875000,        160
691125000,        160
691375000,        160
691625000,        160
691875000,        160
692125000,        160
692375000,        160
692625000,        160
692875000,        160
693125000,        160
693375000,        160
693625000,        160
693875000,        160
694125000,        160
694375000,        160
694625000,        160
694875000,        160
695125000,        160
695375000,        160
695625000,        160
695875000,        160
696125000,        160
696375000,        160
696625000,        160
696875000,        160
697125000,        160
697375000,        160
697625000,        160
697875000,        160
698125000,        160
698375000,        160
698625000,        160
698875000,        160
699125000,        160
699375000,        160
699625000,        160
699875000,        160
700125000,        160
700375000,        160
700625000,        160
700875000,        160
701125000,        160
701375000,        160
701625000,        160
701875000,        160
702125000,        160
702375000,        160
702625000,        160
702875000,        160
703125000,        160
703375000,        160
703625000,        160
703875000,        160
704125000,        160
704375000,        160
704625000,        160
704875000,        160
705125000,        160
705375000,        160
705625000,        160
705875000,        160
706125000,        160
706375000,        160
706625000,        160
706875000,        160
707125000,        160
707375000,        160
707625000,        160
707875000,        160
708125000,        160
708375000,        160
708625000,        160
708875000,        160
709125000,        160
709375000,        160
709625000,        160
709875000,        160
710125000,        160
710375000,        160
710625000,        160
710875000,        160
711125000,        160
711375000,        160
711625000,        160
711875000,        160
712125000,        160
712375000,        160
712625000,        160
712875000,        160
713125000,        160
713375000,        160
713625000,        160
713875000,        160
714125000,        160
714375000,        160
714625000,        160
714875000,        160
715125000,        160
715375000,        160
715625000,        160
715875000,        160
716125000,        160
716375000,        160
716625000,        160
716875000,        160
717125000,        160
717375000,        160
717625000,        160
717875000,        160
718125000,        160
718375000,        160
718625000,        160
718875000,        160
719125000,        160
719375000,        160
719625000,        160
719875000,        160
720125000,        160
720375000,        160
720625000,        160
720875000,        160
721125000,        160
721375000,        160
721625000,        160
721875000,        160
722125000,        160
722375000,        160
722625000,        160
722875000,        160
723125000,        160
723375000,        160
723625000,        160
723875000,        160
724125000,        160
724375000,        160
724625000,        160
724875000,        160
725125000,        160
725375000,        160
725625000,        160
725875000,        160
726125000,        160
726375000,        160
726625000,        160
726875000,        160
727125000,        160
727375000,        160
727625000,        160
727875000,        160
728125000,        160
728375000,        160
728625000,        160
728875000,        160
729125000,        160
729375000,        160
729625000,        160
729875000,        160
730125000,        160
730375000,        160
730625000,        160
730875000,        160
731125000,        160
731375000,        160
731625000,        160
731875000,        160
732125000,        160
732375000,        160
732625000,        160
732875000,        160
733125000,        160
733375000,        160
733625000,        160
733875000,        160
734125000,        160
734375000,        160
734625000,        160
734875000,        160
735125000,        160
735375000,        160
735625000,        160
735875000,        160
736125000,        160
736375000,        160
736625000,        160
736875000,        160
737125000,        160
737375000,        160
737625000,        160
737875000,        160
738125000,        160
738375000,        160
738625000,        160
738875000,        160
739125000,        160
739375000,        160
739625000,        160
739875000,        160
740125000,        160
740375000,        160
740625000,        160
740875000,        160
741125000,        160
741375000,        160
741625000,        160
741875000,        160
742125000,        160
742375000,        160
742625000,        160
742875000,        160
743125000,        160
743375000,        160
743625000,        160
743875000,        160
744125000,        160
744375000,        160
744625000,        160
744875000,        160
745125000,        160
745375000,        160
745625000,        160
745875000,        160
746125000,        160
746375000,        160
746625000,        160
746875000,        160
747125000,        160
747375000,        160
747625000,        160
747875000,        160
748125000,        160
748375000,        160
748625000,        160
748875000,        160
749125000,        160
749375000,        160
749625000,        160
749875000,        160
750125000,        160
750375000,        160
750625000,        160
750875000,        160
751125000,        160
751375000,        160
751625000,        160
751875000,        160
752125000,        160
752375000,        160
752625000,        160
752875000,        160
753125000,        160
753375000,        160
753625000,        160
753875000,        160
754125000,        160
754375000,        160
754625000,        160
754875000,        160
755125000,        160
755375000,        160
755625000,        160
755875000,        160
756125000,        160
756375000,        160
756625000,        160
756875000,        160
757125000,        160
757375000,        160
757625000,        160
757875000,        160
758125000,        160
758375000,        160
758625000,        160
758875000,        160
759125000,        160
759375000,        160
759625000,        160
759875000,        160
760125000,        160
760375000,        160
760625000,        160
760875000,        160
761125000,        160
761375000,        160
761625000,        160
761875000,        160
762125000,        160
762375000,        160
762625000,        160
762875000,        160
763125000,        160
763375000,        160
763625000,        160
763875000,        160
764125000,        160
764375000,        160
764625000,        160
764875000,        160
765125000,        160
765375000,        160
765625000,        160
765875000,        160
766125000,        160
766375000,        160
766625000,        160
766875000,        160
767125000,        160
767375000,        160
767625000,        160
767875000,        160
768125000,        160
768375000,        160
768625000,        160
768875000,        160
769125000,        160
769375000,        160
769625000,        160
769875000,        160
770125000,        160
770375000,        160
770625000,        160
770875000,        160
771125000,        160
771375000,        160
771625000,        160
771875000,        160
772125000,        160
772375000,        160
772625000,        160
772875000,        160
773125000,        160
773375000,        160
773625000,        160
773875000,        160
774125000,        160
774375000,        160
774625000,        160
774875000,        160
775125000,        160
775375000,        160
775625000,        160
775875000,        160
776125000,        160
776375000,        160
776625000,        160
776875000,        160
777125000,        160
777375000,        160
777625000,        160
777875000,        160
778125000,        160
778375000,        160
778625000,        160
778875000,        160
779125000,        160
779375000,        160
779625000,        160
779875000,        160
780125000,        160
780375000,        160
780625000,        160
780875000,        160
781125000,        160
781375000,        160
781625000,        160
781875000,        160
782125000,        160
782375000,        160
782625000,        160
782875000,        160
783125000,        160
783375000,        160
783625000,        160
783875000,        160
784125000,        160
784375000,        160
784625000,        160
784875000,        160
785125000,        160
785375000,        160
785625000,        160
785875000,        160
786125000,        160
786375000,        160
786625000,        160
786875000,        160
787125000,        160
787375000,        160
787625000,        160
787875000,        160
788125000,        160
788375000,        160
788625000,        160
788875000,        160
789125000,        160
789375000,        160
789625000,        160
789875000,        160
790125000,        160
790375000,        160
790625000,        160
790875000,        160
791125000,        160
791375000,        160
791625000,        160
791875000,        160
792125000,        160
792375000,        160
792625000,        160
792875000,        160
793125000,        160
793375000,        160
793625000,        160
793875000,        160
794125000,        160
794375000,        160
794625000,        160
794875000,        160
795125000,        160
795375000,        160
795625000,        160
795875000,        160
796125000,        160
796375000,        160
796625000,        160
796875000,        160
797125000,        160
797375000,        160
797625000,        160
797875000,        160
798125000,        160
798375000,        160
798625000,        160
798875000,        160
799125000,        160
799375000,        160
799625000,        160
799875000,        160
800125000,        160
800375000,        160
800625000,        160
800875000,        160
801125000,        160
801375000,        160
801625000,        160
801875000,        160
802125000,        160
802375000,        160
802625000,        160
802875000,        160
803125000,        160
803375000,        160
803625000,        160
803875000,        160
804125000,        160
804375000,        160
804625000,        160
804875000,        160
805125000,        160
805375000,        160
805625000,        160
805875000,        160
806125000,        160
806375000,        160
806625000,        160
806875000,        160
807125000,        160
807375000,        160
807625000,        160
807875000,        160
808125000,        160
808375000,        160
808625000,        160
808875000,        160
809125000,        160
809375000,        160
809625000,        160
809875000,        160
810125000,        160
810375000,        160
810625000,        160
810875000,        160
811125000,        160
811375000,        160
811625000,        160
811875000,        160
812125000,        160
812375000,        160
812625000,        160
812875000,        160
813125000,        160
813375000,        160
813625000,        160
813875000,        160
814125000,        160
814375000,        160
814625000,        160
814875000,        160
815125000,        160
815375000,        160
815625000,        160
815875000,        160
816125000,        160
816375000,        160
816625000,        160
816875000,        160
817125000,        160
817375000,        160
817625000,        160
817875000,        160
818125000,        160
818375000,        160
818625000,        160
818875000,        160
819125000,        160
819375000,        160
819625000,        160
819875000,        160
820125000,        160
820375000,        160
820625000,        160
820875000,        160
821125000,        160
821375000,        160
821625000,        160
821875000,        160
822125000,        160
822375000,        160
822625000,        160
822875000,        160
823125000,        160
823375000,        160
823625000,        160
823875000,        160
824125000,        160
824375000,        160
824625000,        160
824875000,        160
825125000,        160
825375000,        160
825625000,        160
825875000,        160
826125000,        160
826375000,        160
826625000,        160
826875000,        160
827125000,        160
827375000,        160
827625000,        160
827875000,        160
828125000,        160
828375000,        160
828625000,        160
828875000,        160
829125000,        160
829375000,        160
829625000,        160
829875000,        160
830125000,        160
830375000,        160
830625000,        160
830875000,        160
831125000,        160
831375000,        160
831625000,        160
831875000,        160
832125000,        160
832375000,        160
832625000,        160
832875000,        160
833125000,        160
833375000,        160
833625000,        160
833875000,        160
834125000,        160
834375000,        160
834625000,        160
834875000,        160
835125000,        160
835375000,        160
835625000,        160
835875000,        160
836125000,        160
836375000,        160
836625000,        160
836875000,        160
837125000,        160
837375000,        160
837625000,        160
837875000,        160
838125000,        160
838375000,        160
838625000,        160
838875000,        160
839125000,        160
839375000,        160
839625000,        160
839875000,        160
840125000,        160
840375000,        160
840625000,        160
840875000,        160
841125000,        160
841375000,        160
841625000,        160
841875000,        160
842125000,        160
842375000,        160
842625000,        160
842875000,        160
843125000,        160
843375000,        160
843625000,        160
843875000,        160
844125000,        160
844375000,        160
844625000,        160
844875000,        160
845125000,        160
845375000,        160
845625000,        160
845875000,        160
846125000,        160
846375000,        160
846625000,        160
846875000,        160
847125000,        160
847375000,        160
847625000,        160
847875000,        160
848125000,        160
848375000,        160
848625000,        160
848875000,        160
849125000,        160
849375000,        160
849625000,        160
849875000,        160
850125000,        160
850375000,        160
850625000,        160
850875000,        160
851125000,        160
851375000,        160
851625000,        160
851875000,        160
852125000,        160
852375000,        160
852625000,        160
852875000,        160
853125000,        160
853375000,        160
853625000,        160
853875000,        160
854125000,        160
854375000,        160
854625000,        160
854875000,        160
855125000,        160
855375000,        160
855625000,        160
855875000,        160
856125000,        160
856375000,        160
856625000,        160
856875000,        160
857125000,        160
857375000,        160
857625000,        160
857875000,        160
858125000,        160
858375000,        160
858625000,        160
858875000,        160
859125000,        160
859375000,        160
859625000,        160
859875000,        160
860125000,        160
860375000,        160
860625000,        160
860875000,        160
861125000,        160
861375000,        160
861625000,        160
861875000,        160
862125000,        160
862375000,        160
862625000,        160
862875000,        160
863125000,        160
863375000,        160
863625000,        160
863875000,        160
864125000,        160
864375000,        160
864625000,        160
864875000,        160
865125000,        160
865375000,        160
865625000,        160
865875000,        160
866125000,        160
866375000,        160
866625000,        160
866875000,        160
867125000,        160
867375000,        160
867625000,        160
867875000,        160
868125000,        160
868375000,        160
868625000,        160
868875000,        160
869125000,        160
869375000,        160
869625000,        160
869875000,        160
870125000,        160
870375000,        160
870625000,        160
870875000,        160
871125000,        160
871375000,        160
871625000,        160
871875000,        160
872125000,        160
872375000,        160
872625000,        160
872875000,        160
873125000,        160
873375000,        160
873625000,        160
873875000,        160
874125000,        160
874375000,        160
874625000,        160
874875000,        160
875125000,        160
875375000,        160
875625000,        160
875875000,        160
876125000,        160
876375000,        160
876625000,        160
876875000,        160
877125000,        160
877375000,        160
877625000,        160
877875000,        160
878125000,        160
878375000,        160
878625000,        160
878875000,        160
879125000,        160
879375000,        160
879625000,        160
879875000,        160
880125000,        160
880375000,        160
880625000,        160
880875000,        160
881125000,        160
881375000,        160
881625000,        160
881875000,        160
882125000,        160
882375000,        160
882625000,        160
882875000,        160
883125000,        160
883375000,        160
883625000,        160
883875000,        160
884125000,        160
884375000,        160
884625000,        160
884875000,        160
885125000,        160
885375000,        160
885625000,        160
885875000,        160
886125000,        160
886375000,        160
886625000,        160
886875000,        160
887125000,        160
887375000,        160
887625000,        160
887875000,        160
888125000,        160
888375000,        160
888625000,        160
888875000,        160
889125000,        160
889375000,        160
889625000,        160
889875000,        160
890125000,        160
890375000,        160
890625000,        160
890875000,        160
891125000,        160
891375000,        160
891625000,        160
891875000,        160
892125000,        160
892375000,        160
892625000,        160
892875000,        160
893125000,        160
893375000,        160
893625000,        160
893875000,        160
894125000,        160
894375000,        160
894625000,        160
894875000,        160
895125000,        160
895375000,        160
895625000,        160
895875000,        160
896125000,        160
896375000,        160
896625000,        160
896875000,        160
897125000,        160
897375000,        160
897625000,        160
897875000,        160
898125000,        160
898375000,        160
898625000,        160
898875000,        160
899125000,        160
899375000,        160
899625000,        160
899875000,        160
900125000,        160
900375000,        160
900625000,        160
900875000,        160
901125000,        160
901375000,        160
901625000,        160
901875000,        160
902125000,        160
902375000,        160
902625000,        160
902875000,        160
903125000,        160
903375000,        160
903625000,        160
903875000,        160
904125000,        160
904375000,        160
904625000,        160
904875000,        160
905125000,        160
905375000,        160
905625000,        160
905875000,        160
906125000,        160
906375000,        160
906625000,        160
906875000,        160
907125000,        160
907375000,        160
907625000,        160
907875000,        160
908125000,        160
908375000,        160
908625000,        160
908875000,        160
909125000,        160
909375000,        160
909625000,        160
909875000,        160
910125000,        160
910375000,        160
910625000,        160
910875000,        160
911125000,        160
911375000,        160
911625000,        160
911875000,        160
912125000,        160
912375000,        160
912625000,        160
912875000,        160
913125000,        160
913375000,        160
913625000,        160
913875000,        160
914125000,        160
914375000,        160
914625000,        160
914875000,        160
915125000,        160
915375000,        160
915625000,        160
915875000,        160
916125000,        160
916375000,        160
916625000,        160
916875000,        160
917125000,        160
917375000,        160
917625000,        160
917875000,        160
918125000,        160
918375000,        160
918625000,        160
918875000,        160
919125000,        160
919375000,        160
919625000,        160
919875000,        160
920125000,        160
920375000,        160
920625000,        160
920875000,        160
921125000,        160
921375000,        160
921625000,        160
921875000,        160
922125000,        160
922375000,        160
922625000,        160
922875000,        160
923125000,        160
923375000,        160
923625000,        160
923875000,        160
924125000,        160
924375000,        160
924625000,        160
924875000,        160
925125000,        160
925375000,        160
925625000,        160
925875000,        160
926125000,        160
926375000,        160
926625000,        160
926875000,        160
927125000,        160
927375000,        160
927625000,        160
927875000,        160
928125000,        160
928375000,        160
928625000,        160
928875000,        160
929125000,        160
929375000,        160
929625000,        160
929875000,        160
930125000,        160
930375000,        160
930625000,        160
930875000,        160
931125000,        160
931375000,        160
931625000,        160
931875000,        160
932125000,        160
932375000,        160
932625000,        160
932875000,        160
933125000,        160
933375000,        160
933625000,        160
933875000,        160
934125000,        160
934375000,        160
934625000,        160
934875000,        160
935125000,        160
935375000,        160
935625000,        160
935875000,        160
936125000,        160
936375000,        160
936625000,        160
936875000,        160
937125000,        160
937375000,        160
937625000,        160
937875000,        160
938125000,        160
938375000,        160
938625000,        160
938875000,        160
939125000,        160
939375000,        160
939625000,        160
939875000,        160
940125000,        160
940375000,        160
940625000,        160
940875000,        160
941125000,        160
941375000,        160
941625000,        160
941875000,        160
942125000,        160
942375000,        160
942625000,        160
942875000,        160
943125000,        160
943375000,        160
943625000,        160
943875000,        160
944125000,        160
944375000,        160
944625000,        160
944875000,        160
945125000,        160
945375000,        160
945625000,        160
945875000,        160
946125000,        160
946375000,        160
946625000,        160
946875000,        160
947125000,        160
947375000,        160
947625000,        160
947875000,        160
948125000,        160
948375000,        160
948625000,        160
948875000,        160
949125000,        160
949375000,        160
949625000,        160
949875000,        160
950125000,        160
950375000,        160
950625000,        160
950875000,        160
951125000,        160
951375000,        160
951625000,        160
951875000,        160
952125000,        160
952375000,        160
952625000,        160
952875000,        160
953125000,        160
953375000,        160
953625000,        160
953875000,        160
954125000,        160
954375000,        160
954625000,        160
954875000,        160
955125000,        160
955375000,        160
955625000,        160
955875000,        160
956125000,        160
956375000,        160
956625000,        160
956875000,        160
957125000,        160
957375000,        160
957625000,        160
957875000,        160
958125000,        160
958375000,        160
958625000,        160
958875000,        160
959125000,        160
959375000,        160
959625000,        160
959875000,        160
960125000,        160
960375000,        160
960625000,        160
960875000,        160
961125000,        160
961375000,        160
961625000,        160
961875000,        160
962125000,        160
962375000,        160
962625000,        160
962875000,        160
963125000,        160
963375000,        160
963625000,        160
963875000,        160
964125000,        160
964375000,        160
964625000,        160
964875000,        160
965125000,        160
965375000,        160
965625000,        160
965875000,        160
966125000,        160
966375000,        160
966625000,        160
966875000,        160
967125000,        160
967375000,        160
967625000,        160
967875000,        160
968125000,        160
968375000,        160
968625000,        160
968875000,        160
969125000,        160
969375000,        160
969625000,        160
969875000,        160
970125000,        160
970375000,        160
970625000,        160
970875000,        160
971125000,        160
971375000,        160
971625000,        160
971875000,        160
972125000,        160
972375000,        160
972625000,        160
972875000,        160
973125000,        160
973375000,        160
973625000,        160
973875000,        160
974125000,        160
974375000,        160
974625000,        160
974875000,        160
975125000,        160
975375000,        160
975625000,        160
975875000,        160
976125000,        160
976375000,        160
976625000,        160
976875000,        160
977125000,        160
977375000,        160
977625000,        160
977875000,        160
978125000,        160
978375000,        160
978625000,        160
978875000,        160
979125000,        160
979375000,        160
979625000,        160
979875000,        160
980125000,        160
980375000,        160
980625000,        160
980875000,        160
981125000,        160
981375000,        160
981625000,        160
981875000,        160
982125000,        160
982375000,        160
982625000,        160
982875000,        160
983125000,        160
983375000,        160
983625000,        160
983875000,        160
984125000,        160
984375000,        160
984625000,        160
984875000,        160
985125000,        160
985375000,        160
985625000,        160
985875000,        160
986125000,        160
986375000,        160
986625000,        160
986875000,        160
987125000,        160
987375000,        160
987625000,        160
987875000,        160
988125000,        160
988375000,        160
988625000,        160
988875000,        160
989125000,        160
989375000,        160
989625000,        160
989875000,        160
990125000,        160
990375000,        160
990625000,        160
990875000,        160
991125000,        160
991375000,        160
991625000,        160
991875000,        160
992125000,        160
992375000,        160
992625000,        160
992875000,        160
993125000,        160
993375000,        160
993625000,        160
993875000,        160
994125000,        160
994375000,        160
994625000,        160
994875000,        160
995125000,        160
995375000,        160
995625000,        160
995875000,        160
996125000,        160
996375000,        160
996625000,        160
996875000,        160
997125000,        160
997375000,        160
997625000,        160
997875000,        160
998125000,        160
998375000,        160
998625000,        160
998875000,        160
999125000,        160
999375000,        160
999625000,        160
999875000,        160
1000125000,        160
1000375000,        160
1000625000,        160
1000875000,        160
1001125000,        160
1001375000,        160
1001625000,        160
1001875000,        160
1002125000,        160
1002375000,        160
1002625000,        160
1002875000,        160
1003125000,        160
1003375000,        160
1003625000,        160
1003875000,        160
1004125000,        160
1004375000,        160
1004625000,        160
1004875000,        160
1005125000,        160
1005375000,        160
1005625000,        160
1005875000,        160
1006125000,        160
1006375000,        160
1006625000,        160
1006875000,        160
1007125000,        160
1007375000,        160
1007625000,        160
1007875000,        160
1008125000,        160
1008375000,        160
1008625000,        160
1008875000,        160
1009125000,        160
1009375000,        160
1009625000,        160
1009875000,        160
1010125000,        160
1010375000,        160
1010625000,        160
1010875000,        160
1011125000,        160
1011375000,        160
1011625000,        160
1011875000,        160
1012125000,        160
1012375000,        160
1012625000,        160
1012875000,        160
1013125000,        160
1013375000,        160
1013625000,        160
1013875000,        160
1014125000,        160
1014375000,        160
1014625000,        160
1014875000,        160
1015125000,        160
1015375000,        160
1015625000,        160
1015875000,        160
1016125000,        160
1016375000,        160
1016625000,        160
1016875000,        160
1017125000,        160
1017375000,        160
1017625000,        160
1017875000,        160
1018125000,        160
1018375000,        160
1018625000,        160
1018875000,        160
1019125000,        160
1019375000,        160
1019625000,        160
1019875000,        160
1020125000,        160
1020375000,        160
1020625000,        160
1020875000,        160
1021125000,        160
1021375000,        160
1021625000,        160
1021875000,        160
1022125000,        160
1022375000,        160
1022625000,        160
1022875000,        160
1023125000,        160
1023375000,        160
1023625000,        160
1023875000,        160
1024125000,        160
1024375000,        160
1024625000,        160
1024875000,        160
1025125000,        160
1025375000,        160
1025625000,        160
1025875000,        160
1026125000,        160
1026375000,        160
1026625000,        160
1026875000,        160
1027125000,        160
1027375000,        160
1027625000,        160
1027875000,        160
1028125000,        160
1028375000,        160
1028625000,        160
1028875000,        160
1029125000,        160
1029375000,        160
1029625000,        160
1029875000,        160
1030125000,        160
1030375000,        160
1030625000,        160
1030875000,        160
1031125000,        160
1031375000,        160
1031625000,        160
1031875000,        160
1032125000,        160
1032375000,        160
1032625000,        160
1032875000,        160
1033125000,        160
1033375000,        160
1033625000,        160
1033875000,        160
1034125000,        160
1034375000,        160
1034625000,        160
1034875000,        160
1035125000,        160
1035375000,        160
1035625000,        160
1035875000,        160
1036125000,        160
1036375000,        160
1036625000,        160
1036875000,        160
1037125000,        160
1037375000,        160
1037625000,        160
1037875000,        160
1038125000,        160
1038375000,        160
1038625000,        160
1038875000,        160
1039125000,        160
1039375000,        160
1039625000,        160
1039875000,        160
1040125000,        160
1040375000,        160
1040625000,        160
1040875000,        160
1041125000,        160
1041375000,        160
1041625000,        160
1041875000,        160
1042125000,        160
1042375000,        160
1042625000,        160
1042875000,        160
1043125000,        160
1043375000,        160
1043625000,        160
1043875000,        160
1044125000,        160
1044375000,        160
1044625000,        160
1044875000,        160
1045125000,        160
1045375000,        160
1045625000,        160
1045875000,        160
1046125000,        160
1046375000,        160
1046625000,        160
1046875000,        160
1047125000,        160
1047375000,        160
1047625000,        160
1047875000,        160
1048125000,        160
1048375000,        160
1048625000,        160
1048875000,        160
1049125000,        160
1049375000,        160
1049625000,        160
1049875000,        160
1050125000,        160
1050375000,        160
1050625000,        160
1050875000,        160
1051125000,        160
1051375000,        160
1051625000,        160
1051875000,        160
1052125000,        160
1052375000,        160
1052625000,        160
1052875000,        160
1053125000,        160
1053375000,        160
1053625000,        160
1053875000,        160
1054125000,        160
1054375000,        160
1054625000,        160
1054875000,        160
1055125000,        160
1055375000,        160
1055625000,        160
1055875000,        160
1056125000,        160
1056375000,        160
1056625000,        160
1056875000,        160
1057125000,        160
1057375000,        160
1057625000,        160
1057875000,        160
1058125000,        160
1058375000,        160
1058625000,        160
1058875000,        160
1059125000,        160
1059375000,        160
1059625000,        160
1059875000,        160
1060125000,        160
1060375000,        160
1060625000,        160
1060875000,        160
1061125000,        160
1061375000,        160
1061625000,        160
1061875000,        160
1062125000,        160
1062375000,        160
1062625000,        160
1062875000,        160
1063125000,        160
1063375000,        160
1063625000,        160
1063875000,        160
1064125000,        160
1064375000,        160
1064625000,        160
1064875000,        160
1065125000,        160
1065375000,        160
1065625000,        160
1065875000,        160
1066125000,        160
1066375000,        160
1066625000,        160
1066875000,        160
1067125000,        160
1067375000,        160
1067625000,        160
1067875000,        160
1068125000,        160
1068375000,        160
1068625000,        160
1068875000,        160
1069125000,        160
1069375000,        160
1069625000,        160
1069875000,        160
1070125000,        160
1070375000,        160
1070625000,        160
1070875000,        160
1071125000,        160
1071375000,        160
1071625000,        160
1071875000,        160
1072125000,        160
1072375000,        160
1072625000,        160
1072875000,        160
1073125000,        160
1073375000,        160
1073625000,        160
1073875000,        160
1074125000,        160
1074375000,        160
1074625000,        160
1074875000,        160
1075125000,        160
1075375000,        160
1075625000,        160
1075875000,        160
1076125000,        160
1076375000,        160
1076625000,        160
1076875000,        160
1077125000,        160
1077375000,        160
1077625000,        160
1077875000,        160
1078125000,        160
1078375000,        160
1078625000,        160
1078875000,        160
1079125000,        160
1079375000,        160
1079625000,        160
1079875000,        160
1080125000,        160
1080375000,        160
1080625000,        160
1080875000,        160
1081125000,        160
1081375000,        160
1081625000,        160
1081875000,        160
1082125000,        160
1082375000,        160
1082625000,        160
1082875000,        160
1083125000,        160
1083375000,        160
1083625000,        160
1083875000,        160
1084125000,        160
1084375000,        160
1084625000,        160
1084875000,        160
1085125000,        160
1085375000,        160
1085625000,        160
1085875000,        160
1086125000,        160
1086375000,        160
1086625000,        160
1086875000,        160
1087125000,        160
1087375000,        160
1087625000,        160
1087875000,        160
1088125000,        160
1088375000,        160
1088625000,        160
1088875000,        160
1089125000,        160
1089375000,        160
1089625000,        160
1089875000,        160
1090125000,        160
1090375000,        160
1090625000,        160
1090875000,        160
1091125000,        160
1091375000,        160
1091625000,        160
1091875000,        160
1092125000,        160
1092375000,        160
1092625000,        160
1092875000,        160
1093125000,        160
1093375000,        160
1093625000,        160
1093875000,        160
1094125000,        160
1094375000,        160
1094625000,        160
1094875000,        160
1095125000,        160
1095375000,        160
1095625000,        160
1095875000,        160
1096125000,        160
1096375000,        160
1096625000,        160
1096875000,        160
1097125000,        160
1097375000,        160
1097625000,        160
1097875000,        160
1098125000,        160
1098375000,        160
1098625000,        160
1098875000,        160
1099125000,        160
1099375000,        160
1099625000,        160
1099875000,        160
1100125000,        160
1100375000,        160
1100625000,        160
1100875000,        160
1101125000,        160
1101375000,        160
1101625000,        160
1101875000,        160
1102125000,        160
1102375000,        160
1102625000,        160
1102875000,        160
1103125000,        160
1103375000,        160
1103625000,        160
1103875000,        160
1104125000,        160
1104375000,        160
1104625000,        160
1104875000,        160
1105125000,        160
1105375000,        160
1105625000,        160
1105875000,        160
1106125000,        160
1106375000,        160
1106625000,        160
1106875000,        160
1107125000,        160
1107375000,        160
1107625000,        160
1107875000,        160
1108125000,        160
1108375000,        160
1108625000,        160
1108875000,        160
1109125000,        160
1109375000,        160
1109625000,        160
1109875000,        160
1110125000,        160
1110375000,        160
1110625000,        160
1110875000,        160
1111125000,        160
1111375000,        160
1111625000,        160
1111875000,        160
1112125000,        160
1112375000,        160
1112625000,        160
1112875000,        160
1113125000,        160
1113375000,        160
1113625000,        160
1113875000,        160
1114125000,        160
1114375000,        160
1114625000,        160
1114875000,        160
1115125000,        160
1115375000,        160
1115625000,        160
1115875000,        160
1116125000,        160
1116375000,        160
1116625000,        160
1116875000,        160
1117125000,        160
1117375000,        160
1117625000,        160
1117875000,        160
1118125000,        160
1118375000,        160
1118625000,        160
1118875000,        160
1119125000,        160
1119375000,        160
1119625000,        160
1119875000,        160
1120125000,        160
1120375000,        160
1120625000,        160
1120875000,        160
1121125000,        160
1121375000,        160
1121625000,        160
1121875000,        160
1122125000,        160
1122375000,        160
1122625000,        160
1122875000,        160
1123125000,        160
1123375000,        160
1123625000,        160
1123875000,        160
1124125000,        160
1124375000,        160
1124625000,        160
1124875000,        160
1125125000,        160
1125375000,        160
1125625000,        160
1125875000,        160
1126125000,        160
1126375000,        160
1126625000,        160
1126875000,        160
1127125000,        160
1127375000,        160
1127625000,        160
1127875000,        160
1128125000,        160
1128375000,        160
1128625000,        160
1128875000,        160
1129125000,        160
1129375000,        160
1129625000,        160
1129875000,        160
1130125000,        160
1130375000,        160
1130625000,        160
1130875000,        160
1131125000,        160
1131375000,        160
1131625000,        160
1131875000,        160
1132125000,        160
1132375000,        160
1132625000,        160
1132875000,        160
1133125000,        160
1133375000,        160
1133625000,        160
1133875000,        160
1134125000,        160
1134375000,        160
1134625000,        160
1134875000,        160
1135125000,        160
1135375000,        160
1135625000,        160
1135875000,        160
1136125000,        160
1136375000,        160
1136625000,        160
1136875000,        160
1137125000,        160
1137375000,        160
1137625000,        160
1137875000,        160
1138125000,        160
1138375000,        160
1138625000,        160
1138875000,        160
1139125000,        160
1139375000,        160
1139625000,        160
1139875000,        160
1140125000,        160
1140375000,        160
1140625000,        160
1140875000,        160
1141125000,        160
1141375000,        160
1141625000,        160
1141875000,        160
1142125000,        160
1142375000,        160
1142625000,        160
1142875000,        160
1143125000,        160
1143375000,        160
1143625000,        160
1143875000,        160
1144125000,        160
1144375000,        160
1144625000,        160
1144875000,        160
1145125000,        160
1145375000,        160
1145625000,        160
1145875000,        160
1146125000,        160
1146375000,        160
1146625000,        160
1146875000,        160
1147125000,        160
1147375000,        160
1147625000,        160
1147875000,        160
1148125000,        160
1148375000,        160
1148625000,        160
1148875000,        160
1149125000,        160
1149375000,        160
1149625000,        160
1149875000,        160
1150125000,        160
1150375000,        160
1150625000,        160
1150875000,        160
1151125000,        160
1151375000,        160
1151625000,        160
1151875000,        160
1152125000,        160
1152375000,        160
1152625000,        160
1152875000,        160
1153125000,        160
1153375000,        160
1153625000,        160
1153875000,        160
1154125000,        160
1154375000,        160
1154625000,        160
1154875000,        160
1155125000,        160
1155375000,        160
1155625000,        160
1155875000,        160
1156125000,        160
1156375000,        160
1156625000,        160
1156875000,        160
1157125000,        160
1157375000,        160
1157625000,        160
1157875000,        160
1158125000,        160
1158375000,        160
1158625000,        160
1158875000,        160
1159125000,        160
1159375000,        160
1159625000,        160
1159875000,        160
1160125000,        160
1160375000,        160
1160625000,        160
1160875000,        160
1161125000,        160
1161375000,        160
1161625000,        160
1161875000,        160
1162125000,        160
1162375000,        160
1162625000,        160
1162875000,        160
1163125000,        160
1163375000,        160
1163625000,        160
1163875000,        160
1164125000,        160
1164375000,        160
1164625000,        160
1164875000,        160
1165125000,        160
1165375000,        160
1165625000,        160
1165875000,        160
1166125000,        160
1166375000,        160
1166625000,        160
1166875000,        160
1167125000,        160
1167375000,        160
1167625000,        160
1167875000,        160
1168125000,        160
1168375000,        160
1168625000,        160
1168875000,        160
1169125000,        160
1169375000,        160
1169625000,        160
1169875000,        160
1170125000,        160
1170375000,        160
1170625000,        160
1170875000,        160
1171125000,        160
1171375000,        160
1171625000,        160
1171875000,        160
1172125000,        160
1172375000,        160
1172625000,        160
1172875000,        160
1173125000,        160
1173375000,        160
1173625000,        160
1173875000,        160
1174125000,        160
1174375000,        160
1174625000,        160
1174875000,        160
1175125000,        160
1175375000,        160
1175625000,        160
1175875000,        160
1176125000,        160
1176375000,        160
1176625000,        160
1176875000,        160
1177125000,        160
1177375000,        160
1177625000,        160
1177875000,        160
1178125000,        160
1178375000,        160
1178625000,        160
1178875000,        160
1179125000,        160
1179375000,        160
1179625000,        160
1179875000,        160
1180125000,        160
1180375000,        160
1180625000,        160
1180875000,        160
1181125000,        160
1181375000,        160
1181625000,        160
1181875000,        160
1182125000,        160
1182375000,        160
1182625000,        160
1182875000,        160
1183125000,        160
1183375000,        160
1183625000,        160
1183875000,        160
1184125000,        160
1184375000,        160
1184625000,        160
1184875000,        160
1185125000,        160
1185375000,        160
1185625000,        160
1185875000,        160
1186125000,        160
1186375000,        160
1186625000,        160
1186875000,        160
1187125000,        160
1187375000,        160
1187625000,        160
1187875000,        160
1188125000,        160
1188375000,        160
1188625000,        160
1188875000,        160
1189125000,        160
1189375000,        160
1189625000,        160
1189875000,        160
1190125000,        160
1190375000,        160
1190625000,        160
1190875000,        160
1191125000,        160
1191375000,        160
1191625000,        160
1191875000,        160
1192125000,        160
1192375000,        160
1192625000,        160
1192875000,        160
1193125000,        160
1193375000,        160
1193625000,        160
1193875000,        160
1194125000,        160
1194375000,        160
1194625000,        160
1194875000,        160
1195125000,        160
1195375000,        160
1195625000,        160
1195875000,        160
1196125000,        160
1196375000,        160
1196625000,        160
1196875000,        160
1197125000,        160
1197375000,        160
1197625000,        160
1197875000,        160
1198125000,        160
1198375000,        160
1198625000,        160
1198875000,        160
1199125000,        160
1199375000,        160
1199625000,        160
1199875000,        160
1200125000,        160
1200375000,        160
1200625000,        160
1200875000,        160
1201125000,        160
1201375000,        160
1201625000,        160
1201875000,        160
1202125000,        160
1202375000,        160
1202625000,        160
1202875000,        160
1203125000,        160
1203375000,        160
1203625000,        160
1203875000,        160
1204125000,        160
1204375000,        160
1204625000,        160
1204875000,        160
1205125000,        160
1205375000,        160
1205625000,        160
1205875000,        160
1206125000,        160
1206375000,        160
1206625000,        160
1206875000,        160
1207125000,        160
1207375000,        160
1207625000,        160
1207875000,        160
1208125000,        160
1208375000,        160
1208625000,        160
1208875000,        160
1209125000,        160
1209375000,        160
1209625000,        160
1209875000,        160
1210125000,        160
1210375000,        160
1210625000,        160
1210875000,        160
1211125000,        160
1211375000,        160
1211625000,        160
1211875000,        160
1212125000,        160
1212375000,        160
1212625000,        160
1212875000,        160
1213125000,        160
1213375000,        160
1213625000,        160
1213875000,        160
1214125000,        160
1214375000,        160
1214625000,        160
1214875000,        160
1215125000,        160
1215375000,        160
1215625000,        160
1215875000,        160
1216125000,        160
1216375000,        160
1216625000,        160
1216875000,        160
1217125000,        160
1217375000,        160
1217625000,        160
1217875000,        160
1218125000,        160
1218375000,        160
1218625000,        160
1218875000,        160
1219125000,        160
1219375000,        160
1219625000,        160
1219875000,        160
1220125000,        160
1220375000,        160
1220625000,        160
1220875000,        160
1221125000,        160
1221375000,        160
1221625000,        160
1221875000,        160
1222125000,        160
1222375000,        160
1222625000,        160
1222875000,        160
1223125000,        160
1223375000,        160
1223625000,        160
1223875000,        160
1224125000,        160
1224375000,        160
1224625000,        160
1224875000,        160
1225125000,        160
1225375000,        160
1225625000,        160
1225875000,        160
1226125000,        160
1226375000,        160
1226625000,        160
1226875000,        160
1227125000,        160
1227375000,        160
1227625000,        160
1227875000,        160
1228125000,        160
1228375000,        160
1228625000,        160
1228875000,        160
1229125000,        160
1229375000,        160
1229625000,        160
1229875000,        160
1230125000,        160
1230375000,        160
1230625000,        160
1230875000,        160
1231125000,        160
1231375000,        160
1231625000,        160
1231875000,        160
1232125000,        160
1232375000,        160
1232625000,        160
1232875000,        160
1233125000,        160
1233375000,        160
1233625000,        160
1233875000,        160
1234125000,        160
1234375000,        160
1234625000,        160
1234875000,        160
1235125000,        160
1235375000,        160
1235625000,        160
1235875000,        160
1236125000,        160
1236375000,        160
1236625000,        160
1236875000,        160
1237125000,        160
1237375000,        160
1237625000,        160
1237875000,        160
1238125000,        160
1238375000,        160
1238625000,        160
1238875000,        160
1239125000,        160
1239375000,        160
1239625000,        160
1239875000,        160
1240125000,        160
1240375000,        160
1240625000,        160
1240875000,        160
1241125000,        160
1241375000,        160
1241625000,        160
1241875000,        160
1242125000,        160
1242375000,        160
1242625000,        160
1242875000,        160
1243125000,        160
1243375000,        160
1243625000,        160
1243875000,        160
1244125000,        160
1244375000,        160
1244625000,        160
1244875000,        160
1245125000,        160
1245375000,        160
1245625000,        160
1245875000,        160
1246125000,        160
1246375000,        160
1246625000,        160
1246875000,        160
1247125000,        160
1247375000,        160
1247625000,        160
1247875000,        160
1248125000,        160
1248375000,        160
1248625000,        160
1248875000,        160
1249125000,        160
1249375000,        160
1249625000,        160
1249875000,        160
1250125000,        160
1250375000,        160
1250625000,        160
1250875000,        160
1251125000,        160
1251375000,        160
1251625000,        160
1251875000,        160
1252125000,        160
1252375000,        160
1252625000,        160
1252875000,        160
1253125000,        160
1253375000,        160
1253625000,        160
1253875000,        160
1254125000,        160
1254375000,        160
1254625000,        160
1254875000,        160
1255125000,        160
1255375000,        160
1255625000,        160
1255875000,        160
1256125000,        160
1256375000,        160
1256625000,        160
1256875000,        160
1257125000,        160
1257375000,        160
1257625000,        160
1257875000,        160
1258125000,        160
1258375000,        160
1258625000,        160
1258875000,        160
1259125000,        160
1259375000,        160
1259625000,        160
1259875000,        160
1260125000,        160
1260375000,        160
1260625000,        160
1260875000,        160
1261125000,        160
1261375000,        160
1261625000,        160
1261875000,        160
1262125000,        160
1262375000,        160
1262625000,        160
1262875000,        160
1263125000,        160
1263375000,        160
1263625000,        160
1263875000,        160
1264125000,        160
1264375000,        160
1264625000,        160
1264875000,        160
1265125000,        160
1265375000,        160
1265625000,        160
1265875000,        160
1266125000,        160
1266375000,        160
1266625000,        160
1266875000,        160
1267125000,        160
1267375000,        160
1267625000,        160
1267875000,        160
1268125000,        160
1268375000,        160
1268625000,        160
1268875000,        160
1269125000,        160
1269375000,        160
1269625000,        160
1269875000,        160
1270125000,        160
1270375000,        160
1270625000,        160
1270875000,        160
1271125000,        160
1271375000,        160
1271625000,        160
1271875000,        160
1272125000,        160
1272375000,        160
1272625000,        160
1272875000,        160
1273125000,        160
1273375000,        160
1273625000,        160
1273875000,        160
1274125000,        160
1274375000,        160
1274625000,        160
1274875000,        160
1275125000,        160
1275375000,        160
1275625000,        160
1275875000,        160
1276125000,        160
1276375000,        160
1276625000,        160
1276875000,        160
1277125000,        160
1277375000,        160
1277625000,        160
1277875000,        160
1278125000,        160
1278375000,        160
1278625000,        160
1278875000,        160
1279125000,        160
1279375000,        160
1279625000,        160
1279875000,        160
1280125000,        160
1280375000,        160
1280625000,        160
1280875000,        160
1281125000,        160
1281375000,        160
1281625000,        160
1281875000,        160
1282125000,        160
1282375000,        160
1282625000,        160
1282875000,        160
1283125000,        160
1283375000,        160
1283625000,        160
1283875000,        160
1284125000,        160
1284375000,        160
1284625000,        160
1284875000,        160
1285125000,        160
1285375000,        160
1285625000,        160
1285875000,        160
1286125000,        160
1286375000,        160
1286625000,        160
1286875000,        160
1287125000,        160
1287375000,        160
1287625000,        160
1287875000,        160
1288125000,        160
1288375000,        160
1288625000,        160
1288875000,        160
1289125000,        160
1289375000,        160
1289625000,        160
1289875000,        160
1290125000,        160
1290375000,        160
1290625000,        160
1290875000,        160
1291125000,        160
1291375000,        160
1291625000,        160
1291875000,        160
1292125000,        160
1292375000,        160
1292625000,        160
1292875000,        160
1293125000,        160
1293375000,        160
1293625000,        160
1293875000,        160
1294125000,        160
1294375000,        160
1294625000,        160
1294875000,        160
1295125000,        160
1295375000,        160
1295625000,        160
1295875000,        160
1296125000,        160
1296375000,        160
1296625000,        160
1296875000,        160
1297125000,        160
1297375000,        160
1297625000,        160
1297875000,        160
1298125000,        160
1298375000,        160
1298625000,        160
1298875000,        160
1299125000,        160
1299375000,        160
1299625000,        160
1299875000,        160
1300125000,        160
1300375000,        160
1300625000,        160
1300875000,        160
1301125000,        160
1301375000,        160
1301625000,        160
1301875000,        160
1302125000,        160
1302375000,        160
1302625000,        160
1302875000,        160
1303125000,        160
1303375000,        160
1303625000,        160
1303875000,        160
1304125000,        160
1304375000,        160
1304625000,        160
1304875000,        160
1305125000,        160
1305375000,        160
1305625000,        160
1305875000,        160
1306125000,        160
1306375000,        160
1306625000,        160
1306875000,        160
1307125000,        160
1307375000,        160
1307625000,        160
1307875000,        160
1308125000,        160
1308375000,        160
1308625000,        160
1308875000,        160
1309125000,        160
1309375000,        160
1309625000,        160
1309875000,        160
1310125000,        160
1310375000,        160
1310625000,        160
1310875000,        160
1311125000,        160
1311375000,        160
1311625000,        160
1311875000,        160
1312125000,        160
1312375000,        160
1312625000,        160
1312875000,        160
1313125000,        160
1313375000,        160
1313625000,        160
1313875000,        160
1314125000,        160
1314375000,        160
1314625000,        160
1314875000,        160
1315125000,        160
1315375000,        160
1315625000,        160
1315875000,        160
1316125000,        160
1316375000,        160
1316625000,        160
1316875000,        160
1317125000,        160
1317375000,        160
1317625000,        160
1317875000,        160
1318125000,        160
1318375000,        160
1318625000,        160
1318875000,        160
1319125000,        160
1319375000,        160
1319625000,        160
1319875000,        160
1320125000,        160
1320375000,        160
1320625000,        160
1320875000,        160
1321125000,        160
1321375000,        160
1321625000,        160
1321875000,        160
1322125000,        160
1322375000,        160
1322625000,        160
1322875000,        160
1323125000,        160
1323375000,        160
1323625000,        160
1323875000,        160
1324125000,        160
1324375000,        160
1324625000,        160
1324875000,        160
1325125000,        160
1325375000,        160
1325625000,        160
1325875000,        160
1326125000,        160
1326375000,        160
1326625000,        160
1326875000,        160
1327125000,        160
1327375000,        160
1327625000,        160
1327875000,        160
1328125000,        160
1328375000,        160
1328625000,        160
1328875000,        160
1329125000,        160
1329375000,        160
1329625000,        160
1329875000,        160
1330125000,        160
1330375000,        160
1330625000,        160
1330875000,        160
1331125000,        160
1331375000,        160
1331625000,        160
1331875000,        160
1332125000,        160
1332375000,        160
1332625000,        160
1332875000,        160
1333125000,        160
1333375000,        160
1333625000,        160
1333875000,        160
1334125000,        160
1334375000,        160
1334625000,        160
1334875000,        160
1335125000,        160
1335375000,        160
1335625000,        160
1335875000,        160
1336125000,        160
1336375000,        160
1336625000,        160
1336875000,        160
1337125000,        160
1337375000,        160
1337625000,        160
1337875000,        160
1338125000,        160
1338375000,        160
1338625000,        160
1338875000,        160
1339125000,        160
1339375000,        160
1339625000,        160
1339875000,        160
1340125000,        160
1340375000,        160
1340625000,        160
1340875000,        160
1341125000,        160
1341375000,        160
1341625000,        160
1341875000,        160
1342125000,        160
1342375000,        160
1342625000,        160
1342875000,        160
1343125000,        160
1343375000,        160
1343625000,        160
1343875000,        160
1344125000,        160
1344375000,        160
1344625000,        160
1344875000,        160
1345125000,        160
1345375000,        160
1345625000,        160
1345875000,        160
1346125000,        160
1346375000,        160
1346625000,        160
1346875000,        160
1347125000,        160
1347375000,        160
1347625000,        160
1347875000,        160
1348125000,        160
1348375000,        160
1348625000,        160
1348875000,        160
1349125000,        160
1349375000,        160
1349625000,        160
1349875000,        160
1350125000,        160
1350375000,        160
1350625000,        160
1350875000,        160
1351125000,        160
1351375000,        160
1351625000,        160
1351875000,        160
1352125000,        160
1352375000,        160
1352625000,        160
1352875000,        160
1353125000,        160
1353375000,        160
1353625000,        160
1353875000,        160
1354125000,        160
1354375000,        160
1354625000,        160
1354875000,        160
1355125000,        160
1355375000,        160
1355625000,        160
1355875000,        160
1356125000,        160
1356375000,        160
1356625000,        160
1356875000,        160
1357125000,        160
1357375000,        160
1357625000,        160
1357875000,        160
1358125000,        160
1358375000,        160
1358625000,        160
1358875000,        160
1359125000,        160
1359375000,        160
1359625000,        160
1359875000,        160
1360125000,        160
1360375000,        160
1360625000,        160
1360875000,        160
1361125000,        160
1361375000,        160
1361625000,        160
1361875000,        160
1362125000,        160
1362375000,        160
1362625000,        160
1362875000,        160
1363125000,        160
1363375000,        160
1363625000,        160
1363875000,        160
1364125000,        160
1364375000,        160
1364625000,        160
1364875000,        160
1365125000,        160
1365375000,        160
1365625000,        160
1365875000,        160
1366125000,        160
1366375000,        160
1366625000,        160
1366875000,        160
1367125000,        160
1367375000,        160
1367625000,        160
1367875000,        160
1368125000,        160
1368375000,        160
1368625000,        160
1368875000,        160
1369125000,        160
1369375000,        160
1369625000,        160
1369875000,        160
1370125000,        160
1370375000,        160
1370625000,        160
1370875000,        160
1371125000,        160
1371375000,        160
1371625000,        160
1371875000,        160
1372125000,        160
1372375000,        160
1372625000,        160
1372875000,        160
1373125000,        160
1373375000,        160
1373625000,        160
1373875000,        160
1374125000,        160
1374375000,        160
1374625000,        160
1374875000,        160
1375125000,        160
1375375000,        160
1375625000,        160
1375875000,        160
1376125000,        160
1376375000,        160
1376625000,        160
1376875000,        160
1377125000,        160
1377375000,        160
1377625000,        160
1377875000,        160
1378125000,        160
1378375000,        160
1378625000,        160
1378875000,        160
1379125000,        160
1379375000,        160
1379625000,        160
1379875000,        160
1380125000,        160
1380375000,        160
1380625000,        160
1380875000,        160
1381125000,        160
1381375000,        160
1381625000,        160
1381875000,        160
1382125000,        160
1382375000,        160
1382625000,        160
1382875000,        160
1383125000,        160
1383375000,        160
1383625000,        160
1383875000,        160
1384125000,        160
1384375000,        160
1384625000,        160
1384875000,        160
1385125000,        160
1385375000,        160
1385625000,        160
1385875000,        160
1386125000,        160
1386375000,        160
1386625000,        160
1386875000,        160
1387125000,        160
1387375000,        160
1387625000,        160
1387875000,        160
1388125000,        160
1388375000,        160
1388625000,        160
1388875000,        160
1389125000,        160
1389375000,        160
1389625000,        160
1389875000,        160
1390125000,        160
1390375000,        160
1390625000,        160
1390875000,        160
1391125000,        160
1391375000,        160
1391625000,        160
1391875000,        160
1392125000,        160
1392375000,        160
1392625000,        160
1392875000,        160
1393125000,        160
1393375000,        160
1393625000,        160
1393875000,        160
1394125000,        160
1394375000,        160
1394625000,        160
1394875000,        160
1395125000,        160
1395375000,        160
1395625000,        160
1395875000,        160
1396125000,        160
1396375000,        160
1396625000,        160
1396875000,        160
1397125000,        160
1397375000,        160
1397625000,        160
1397875000,        160
1398125000,        160
1398375000,        160
1398625000,        160
1398875000,        160
1399125000,        160
1399375000,        160
1399625000,        160
1399875000,        160
1400125000,        160
1400375000,        160
1400625000,        160
1400875000,        160
1401125000,        160
1401375000,        160
1401625000,        160
1401875000,        160
1402125000,        160
1402375000,        160
1402625000,        160
1402875000,        160
1403125000,        160
1403375000,        160
1403625000,        160
1403875000,        160
1404125000,        160
1404375000,        160
1404625000,        160
1404875000,        160
1405125000,        160
1405375000,        160
1405625000,        160
1405875000,        160
1406125000,        160
1406375000,        160
1406625000,        160
1406875000,        160
1407125000,        160
1407375000,        160
1407625000,        160
1407875000,        160
1408125000,        160
1408375000,        160
1408625000,        160
1408875000,        160
1409125000,        160
1409375000,        160
1409625000,        160
1409875000,        160
1410125000,        160
1410375000,        160
1410625000,        160
1410875000,        160
1411125000,        160
1411375000,        160
1411625000,        160
1411875000,        160
1412125000,        160
1412375000,        160
1412625000,        160
1412875000,        160
1413125000,        160
1413375000,        160
1413625000,        160
1413875000,        160
1414125000,        160
1414375000,        160
1414625000,        160
1414875000,        160
1415125000,        160
1415375000,        160
1415625000,        160
1415875000,        160
1416125000,        160
1416375000,        160
1416625000,        160
1416875000,        160
1417125000,        160
1417375000,        160
1417625000,        160
1417875000,        160
1418125000,        160
1418375000,        160
1418625000,        160
1418875000,        160
1419125000,        160
1419375000,        160
1419625000,        160
1419875000,        160
1420125000,        160
1420375000,        160
1420625000,        160
1420875000,        160
1421125000,        160
1421375000,        160
1421625000,        160
1421875000,        160
1422125000,        160
1422375000,        160
1422625000,        160
1422875000,        160
1423125000,        160
1423375000,        160
1423625000,        160
1423875000,        160
1424125000,        160
1424375000,        160
1424625000,        160
1424875000,        160
1425125000,        160
1425375000,        160
1425625000,        160
1425875000,        160
1426125000,        160
1426375000,        160
1426625000,        160
1426875000,        160
1427125000,        160
1427375000,        160
1427625000,        160
1427875000,        160
1428125000,        160
1428375000,        160
1428625000,        160
1428875000,        160
1429125000,        160
1429375000,        160
1429625000,        160
1429875000,        160
1430125000,        160
1430375000,        160
1430625000,        160
1430875000,        160
1431125000,        160
1431375000,        160
1431625000,        160
1431875000,        160
1432125000,        160
1432375000,        160
1432625000,        160
1432875000,        160
1433125000,        160
1433375000,        160
1433625000,        160
1433875000,        160
1434125000,        160
1434375000,        160
1434625000,        160
1434875000,        160
1435125000,        160
1435375000,        160
1435625000,        160
1435875000,        160
1436125000,        160
1436375000,        160
1436625000,        160
1436875000,        160
1437125000,        160
1437375000,        160
1437625000,        160
1437875000,        160
1438125000,        160
1438375000,        160
1438625000,        160
1438875000,        160
1439125000,        160
1439375000,        160
1439625000,        160
1439875000,        160
1440125000,        160
1440375000,        160
1440625000,        160
1440875000,        160
1441125000,        160
1441375000,        160
1441625000,        160
1441875000,        160
1442125000,        160
1442375000,        160
1442625000,        160
1442875000,        160
1443125000,        160
1443375000,        160
1443625000,        160
1443875000,        160
1444125000,        160
1444375000,        160
1444625000,        160
1444875000,        160
1445125000,        160
1445375000,        160
1445625000,        160
1445875000,        160
1446125000,        160
1446375000,        160
1446625000,        160
1446875000,        160
1447125000,        160
1447375000,        160
1447625000,        160
1447875000,        160
1448125000,        160
1448375000,        160
1448625000,        160
1448875000,        160
1449125000,        160
1449375000,        160
1449625000,        160
1449875000,        160
1450125000,        160
1450375000,        160
1450625000,        160
1450875000,        160
1451125000,        160
1451375000,        160
1451625000,        160
1451875000,        160
1452125000,        160
1452375000,        160
1452625000,        160
1452875000,        160
1453125000,        160
1453375000,        160
1453625000,        160
1453875000,        160
1454125000,        160
1454375000,        160
1454625000,        160
1454875000,        160
1455125000,        160
1455375000,        160
1455625000,        160
1455875000,        160
1456125000,        160
1456375000,        160
1456625000,        160
1456875000,        160
1457125000,        160
1457375000,        160
1457625000,        160
1457875000,        160
1458125000,        160
1458375000,        160
1458625000,        160
1458875000,        160
1459125000,        160
1459375000,        160
1459625000,        160
1459875000,        160
1460125000,        160
1460375000,        160
1460625000,        160
1460875000,        160
1461125000,        160
1461375000,        160
1461625000,        160
1461875000,        160
1462125000,        160
1462375000,        160
1462625000,        160
1462875000,        160
1463125000,        160
1463375000,        160
1463625000,        160
1463875000,        160
1464125000,        160
1464375000,        160
1464625000,        160
1464875000,        160
1465125000,        160
1465375000,        160
1465625000,        160
1465875000,        160
1466125000,        160
1466375000,        160
1466625000,        160
1466875000,        160
1467125000,        160
1467375000,        160
1467625000,        160
1467875000,        160
1468125000,        160
1468375000,        160
1468625000,        160
1468875000,        160
1469125000,        160
1469375000,        160
1469625000,        160
1469875000,        160
1470125000,        160
1470375000,        160
1470625000,        160
1470875000,        160
1471125000,        160
1471375000,        160
1471625000,        160
1471875000,        160
1472125000,        160
1472375000,        160
1472625000,        160
1472875000,        160
1473125000,        160
1473375000,        160
1473625000,        160
1473875000,        160
1474125000,        160
1474375000,        160
1474625000,        160
1474875000,        160
1475125000,        160
1475375000,        160
1475625000,        160
1475875000,        160
1476125000,        160
1476375000,        160
1476625000,        160
1476875000,        160
1477125000,        160
1477375000,        160
1477625000,        160
1477875000,        160
1478125000,        160
1478375000,        160
1478625000,        160
1478875000,        160
1479125000,        160
1479375000,        160
1479625000,        160
1479875000,        160
1480125000,        160
1480375000,        160
1480625000,        160
1480875000,        160
1481125000,        160
1481375000,        160
1481625000,        160
1481875000,        160
1482125000,        160
1482375000,        160
1482625000,        160
1482875000,        160
1483125000,        160
1483375000,        160
1483625000,        160
1483875000,        160
1484125000,        160
1484375000,        160
1484625000,        160
1484875000,        160
1485125000,        160
1485375000,        160
1485625000,        160
1485875000,        160
1486125000,        160
1486375000,        160
1486625000,        160
1486875000,        160
1487125000,        160
1487375000,        160
1487625000,        160
1487875000,        160
1488125000,        160
1488375000,        160
1488625000,        160
1488875000,        160
1489125000,        160
1489375000,        160
1489625000,        160
1489875000,        160
1490125000,        160
1490375000,        160
1490625000,        160
1490875000,        160
1491125000,        160
1491375000,        160
1491625000,        160
1491875000,        160
1492125000,        160
1492375000,        160
1492625000,        160
1492875000,        160
1493125000,        160
1493375000,        160
1493625000,        160
1493875000,        160
1494125000,        160
1494375000,        160
1494625000,        160
1494875000,        160
1495125000,        160
1495375000,        160
1495625000,        160
1495875000,        160
1496125000,        160
1496375000,        160
1496625000,        160
1496875000,        160
1497125000,        160
1497375000,        160
1497625000,        160
1497875000,        160
1498125000,        160
1498375000,        160
1498625000,        160
1498875000,        160
1499125000,        160
1499375000,        160
1499625000,        160
1499875000,        160
1500125000,        160
1500375000,        160
1500625000,        160
1500875000,        160
1501125000,        160
1501375000,        160
1501625000,        160
1501875000,        160
1502125000,        160
1502375000,        160
1502625000,        160
1502875000,        160
1503125000,        160
1503375000,        160
1503625000,        160
1503875000,        160
1504125000,        160
1504375000,        160
1504625000,        160
1504875000,        160
1505125000,        160
1505375000,        160
1505625000,        160
1505875000,        160
1506125000,        160
1506375000,        160
1506625000,        160
1506875000,        160
1507125000,        160
1507375000,        160
1507625000,        160
1507875000,        160
1508125000,        160
1508375000,        160
1508625000,        160
1508875000,        160
1509125000,        160
1509375000,        160
1509625000,        160
1509875000,        160
1510125000,        160
1510375000,        160
1510625000,        160
1510875000,        160
1511125000,        160
1511375000,        160
1511625000,        160
1511875000,        160
1512125000,        160
1512375000,        160
1512625000,        160
1512875000,        160
1513125000,        160
1513375000,        160
1513625000,        160
1513875000,        160
1514125000,        160
1514375000,        160
1514625000,        160
1514875000,        160
1515125000,        160
1515375000,        160
1515625000,        160
1515875000,        160
1516125000,        160
1516375000,        160
1516625000,        160
1516875000,        160
1517125000,        160
1517375000,        160
1517625000,        160
1517875000,        160
1518125000,        160
1518375000,        160
1518625000,        160
1518875000,        160
1519125000,        160
1519375000,        160
1519625000,        160
1519875000,        160
1520125000,        160
1520375000,        160
1520625000,        160
1520875000,        160
1521125000,        160
1521375000,        160
1521625000,        160
1521875000,        160
1522125000,        160
1522375000,        160
1522625000,        160
1522875000,        160
1523125000,        160
1523375000,        160
1523625000,        160
1523875000,        160
1524125000,        160
1524375000,        160
1524625000,        160
1524875000,        160
1525125000,        160
1525375000,        160
1525625000,        160
1525875000,        160
1526125000,        160
1526375000,        160
1526625000,        160
1526875000,        160
1527125000,        160
1527375000,        160
1527625000,        160
1527875000,        160
1528125000,        160
1528375000,        160
1528625000,        160
1528875000,        160
1529125000,        160
1529375000,        160
1529625000,        160
1529875000,        160
1530125000,        160
1530375000,        160
1530625000,        160
1530875000,        160
1531125000,        160
1531375000,        160
1531625000,        160
1531875000,        160
1532125000,        160
1532375000,        160
1532625000,        160
1532875000,        160
1533125000,        160
1533375000,        160
1533625000,        160
1533875000,        160
1534125000,        160
1534375000,        160
1534625000,        160
1534875000,        160
1535125000,        160
1535375000,        160
1535625000,        160
1535875000,        160
1536125000,        160
1536375000,        160
1536625000,        160
1536875000,        160
1537125000,        160
1537375000,        160
1537625000,        160
1537875000,        160
1538125000,        160
1538375000,        160
1538625000,        160
1538875000,        160
1539125000,        160
1539375000,        160
1539625000,        160
1539875000,        160
1540125000,        160
1540375000,        160
1540625000,        160
1540875000,        160
1541125000,        160
1541375000,        160
1541625000,        160
1541875000,        160
1542125000,        160
1542375000,        160
1542625000,        160
1542875000,        160
1543125000,        160
1543375000,        160
1543625000,        160
1543875000,        160
1544125000,        160
1544375000,        160
1544625000,        160
1544875000,        160
1545125000,        160
1545375000,        160
1545625000,        160
1545875000,        160
1546125000,        160
1546375000,        160
1546625000,        160
1546875000,        160
1547125000,        160
1547375000,        160
1547625000,        160
1547875000,        160
1548125000,        160
1548375000,        160
1548625000,        160
1548875000,        160
1549125000,        160
1549375000,        160
1549625000,        160
1549875000,        160
1550125000,        160
1550375000,        160
1550625000,        160
1550875000,        160
1551125000,        160
1551375000,        160
1551625000,        160
1551875000,        160
1552125000,        160
1552375000,        160
1552625000,        160
1552875000,        160
1553125000,        160
1553375000,        160
1553625000,        160
1553875000,        160
1554125000,        160
1554375000,        160
1554625000,        160
1554875000,        160
1555125000,        160
1555375000,        160
1555625000,        160
1555875000,        160
1556125000,        160
1556375000,        160
1556625000,        160
1556875000,        160
1557125000,        160
1557375000,        160
1557625000,        160
1557875000,        160
1558125000,        160
1558375000,        160
1558625000,        160
1558875000,        160
1559125000,        160
1559375000,        160
1559625000,        160
1559875000,        160
1560125000,        160
1560375000,        160
1560625000,        160
1560875000,        160
1561125000,        160
1561375000,        160
1561625000,        160
1561875000,        160
1562125000,        160
1562375000,        160
1562625000,        160
1562875000,        160
1563125000,        160
1563375000,        160
1563625000,        160
1563875000,        160
1564125000,        160
1564375000,        160
1564625000,        160
1564875000,        160
1565125000,        160
1565375000,        160
1565625000,        160
1565875000,        160
1566125000,        160
1566375000,        160
1566625000,        160
1566875000,        160
1567125000,        160
1567375000,        160
1567625000,        160
1567875000,        160
1568125000,        160
1568375000,        160
1568625000,        160
1568875000,        160
1569125000,        160
1569375000,        160
1569625000,        160
1569875000,        160
1570125000,        160
1570375000,        160
1570625000,        160
1570875000,        160
1571125000,        160
1571375000,        160
1571625000,        160
1571875000,        160
1572125000,        160
1572375000,        160
1572625000,        160
1572875000,        160
1573125000,        160
1573375000,        160
1573625000,        160
1573875000,        160
1574125000,        160
1574375000,        160
1574625000,        160
1574875000,        160
1575125000,        160
1575375000,        160
1575625000,        160
1575875000,        160
1576125000,        160
1576375000,        160
1576625000,        160
1576875000,        160
1577125000,        160
1577375000,        160
1577625000,        160
1577875000,        160
1578125000,        160
1578375000,        160
1578625000,        160
1578875000,        160
1579125000,        160
1579375000,        160
1579625000,        160
1579875000,        160
1580125000,        160
1580375000,        160
1580625000,        160
1580875000,        160
1581125000,        160
1581375000,        160
1581625000,        160
1581875000,        160
1582125000,        160
1582375000,        160
1582625000,        160
1582875000,        160
1583125000,        160
1583375000,        160
1583625000,        160
1583875000,        160
1584125000,        160
1584375000,        160
1584625000,        160
1584875000,        160
1585125000,        160
1585375000,        160
1585625000,        160
1585875000,        160
1586125000,        160
1586375000,        160
1586625000,        160
1586875000,        160
1587125000,        160
1587375000,        160
1587625000,        160
1587875000,        160
1588125000,        160
1588375000,        160
1588625000,        160
1588875000,        160
1589125000,        160
1589375000,        160
1589625000,        160
1589875000,        160
1590125000,        160
1590375000,        160
1590625000,        160
1590875000,        160
1591125000,        160
1591375000,        160
1591625000,        160
1591875000,        160
1592125000,        160
1592375000,        160
1592625000,        160
1592875000,        160
1593125000,        160
1593375000,        160
1593625000,        160
1593875000,        160
1594125000,        160
1594375000,        160
1594625000,        160
1594875000,        160
1595125000,        160
1595375000,        160
1595625000,        160
1595875000,        160
1596125000,        160
1596375000,        160
1596625000,        160
1596875000,        160
1597125000,        160
1597375000,        160
1597625000,        160
1597875000,        160
1598125000,        160
1598375000,        160
1598625000,        160
1598875000,        160
1599125000,        160
1599375000,        160
1599625000,        160
1599875000,        160
1600125000,        160
1600375000,        160
1600625000,        160
1600875000,        160
1601125000,        160
1601375000,        160
1601625000,        160
1601875000,        160
1602125000,        160
1602375000,        160
1602625000,        160
1602875000,        160
1603125000,        160
1603375000,        160
1603625000,        160
1603875000,        160
1604125000,        160
1604375000,        160
1604625000,        160
1604875000,        160
1605125000,        160
1605375000,        160
1605625000,        160
1605875000,        160
1606125000,        160
1606375000,        160
1606625000,        160
1606875000,        160
1607125000,        160
1607375000,        160
1607625000,        160
1607875000,        160
1608125000,        160
1608375000,        160
1608625000,        160
1608875000,        160
1609125000,        160
1609375000,        160
1609625000,        160
1609875000,        160
1610125000,        160
1610375000,        160
1610625000,        160
1610875000,        160
1611125000,        160
1611375000,        160
1611625000,        160
1611875000,        160
1612125000,        160
1612375000,        160
1612625000,        160
1612875000,        160
1613125000,        160
1613375000,        160
1613625000,        160
1613875000,        160
1614125000,        160
1614375000,        160
1614625000,        160
1614875000,        160
1615125000,        160
1615375000,        160
1615625000,        160
1615875000,        160
1616125000,        160
1616375000,        160
1616625000,        160
1616875000,        160
1617125000,        160
1617375000,        160
1617625000,        160
1617875000,        160
1618125000,        160
1618375000,        160
1618625000,        160
1618875000,        160
1619125000,        160
1619375000,        160
1619625000,        160
1619875000,        160
1620125000,        160
1620375000,        160
1620625000,        160
1620875000,        160
1621125000,        160
1621375000,        160
1621625000,        160
1621875000,        160
1622125000,        160
1622375000,        160
1622625000,        160
1622875000,        160
1623125000,        160
1623375000,        160
1623625000,        160
1623875000,        160
1624125000,        160
1624375000,        160
1624625000,        160
1624875000,        160
1625125000,        160
1625375000,        160
1625625000,        160
1625875000,        160
1626125000,        160
1626375000,        160
1626625000,        160
1626875000,        160
1627125000,        160
1627375000,        160
1627625000,        160
1627875000,        160
1628125000,        160
1628375000,        160
1628625000,        160
1628875000,        160
1629125000,        160
1629375000,        160
1629625000,        160
1629875000,        160
1630125000,        160
1630375000,        160
1630625000,        160
1630875000,        160
1631125000,        160
1631375000,        160
1631625000,        160
1631875000,        160
1632125000,        160
1632375000,        160
1632625000,        160
1632875000,        160
1633125000,        160
1633375000,        160
1633625000,        160
1633875000,        160
1634125000,        160
1634375000,        160
1634625000,        160
1634875000,        160
1635125000,        160
1635375000,        160
1635625000,        160
1635875000,        160
1636125000,        160
1636375000,        160
1636625000,        160
1636875000,        160
1637125000,        160
1637375000,        160
1637625000,        160
1637875000,        160
1638125000,        160
1638375000,        160
1638625000,        160
1638875000,        160
1639125000,        160
1639375000,        160
1639625000,        160
1639875000,        160
1640125000,        160
1640375000,        160
1640625000,        160
1640875000,        160
1641125000,        160
1641375000,        160
1641625000,        160
1641875000,        160
1642125000,        160
1642375000,        160
1642625000,        160
1642875000,        160
1643125000,        160
1643375000,        160
1643625000,        160
1643875000,        160
1644125000,        160
1644375000,        160
1644625000,        160
1644875000,        160
1645125000,        160
1645375000,        160
1645625000,        160
1645875000,        160
1646125000,        160
1646375000,        160
1646625000,        160
1646875000,        160
1647125000,        160
1647375000,        160
1647625000,        160
1647875000,        160
1648125000,        160
1648375000,        160
1648625000,        160
1648875000,        160
1649125000,        160
1649375000,        160
1649625000,        160
1649875000,        160
1650125000,        160
1650375000,        160
1650625000,        160
1650875000,        160
1651125000,        160
1651375000,        160
1651625000,        160
1651875000,        160
1652125000,        160
1652375000,        160
1652625000,        160
1652875000,        160
1653125000,        160
1653375000,        160
1653625000,        160
1653875000,        160
1654125000,        160
1654375000,        160
1654625000,        160
1654875000,        160
1655125000,        160
1655375000,        160
1655625000,        160
1655875000,        160
1656125000,        160
1656375000,        160
1656625000,        160
1656875000,        160
1657125000,        160
1657375000,        160
1657625000,        160
1657875000,        160
1658125000,        160
1658375000,        160
1658625000,        160
1658875000,        160
1659125000,        160
1659375000,        160
1659625000,        160
1659875000,        160
1660125000,        160
1660375000,        160
1660625000,        160
1660875000,        160
1661125000,        160
1661375000,        160
1661625000,        160
1661875000,        160
1662125000,        160
1662375000,        160
1662625000,        160
1662875000,        160
1663125000,        160
1663375000,        160
1663625000,        160
1663875000,        160
1664125000,        160
1664375000,        160
1664625000,        160
1664875000,        160
1665125000,        160
1665375000,        160
1665625000,        160
1665875000,        160
1666125000,        160
1666375000,        160
1666625000,        160
1666875000,        160
1667125000,        160
1667375000,        160
1667625000,        160
1667875000,        160
1668125000,        160
1668375000,        160
1668625000,        160
1668875000,        160
1669125000,        160
1669375000,        160
1669625000,        160
1669875000,        160
1670125000,        160
1670375000,        160
1670625000,        160
1670875000,        160
1671125000,        160
1671375000,        160
1671625000,        160
1671875000,        160
1672125000,        160
1672375000,        160
1672625000,        160
1672875000,        160
1673125000,        160
1673375000,        160
1673625000,        160
1673875000,        160
1674125000,        160
1674375000,        160
1674625000,        160
1674875000,        160
1675125000,        160
1675375000,        160
1675625000,        160
1675875000,        160
1676125000,        160
1676375000,        160
1676625000,        160
1676875000,        160
1677125000,        160
1677375000,        160
1677625000,        160
1677875000,        160
1678125000,        160
1678375000,        160
1678625000,        160
1678875000,        160
1679125000,        160
1679375000,        160
1679625000,        160
1679875000,        160
1680125000,        160
1680375000,        160
1680625000,        160
1680875000,        160
1681125000,        160
1681375000,        160
1681625000,        160
1681875000,        160
1682125000,        160
1682375000,        160
1682625000,        160
1682875000,        160
1683125000,        160
1683375000,        160
1683625000,        160
1683875000,        160
1684125000,        160
1684375000,        160
1684625000,        160
1684875000,        160
1685125000,        160
1685375000,        160
1685625000,        160
1685875000,        160
1686125000,        160
1686375000,        160
1686625000,        160
1686875000,        160
1687125000,        160
1687375000,        160
1687625000,        160
1687875000,        160
1688125000,        160
1688375000,        160
1688625000,        160
1688875000,        160
1689125000,        160
1689375000,        160
1689625000,        160
1689875000,        160
1690125000,        160
1690375000,        160
1690625000,        160
1690875000,        160
1691125000,        160
1691375000,        160
1691625000,        160
1691875000,        160
1692125000,        160
1692375000,        160
1692625000,        160
1692875000,        160
1693125000,        160
1693375000,        160
1693625000,        160
1693875000,        160
1694125000,        160
1694375000,        160
1694625000,        160
1694875000,        160
1695125000,        160
1695375000,        160
1695625000,        160
1695875000,        160
1696125000,        160
1696375000,        160
1696625000,        160
1696875000,        160
1697125000,        160
1697375000,        160
1697625000,        160
1697875000,        160
1698125000,        160
1698375000,        160
1698625000,        160
1698875000,        160
1699125000,        160
1699375000,        160
1699625000,        160
1699875000,        160
1700125000,        160
1700375000,        160
1700625000,        160
1700875000,        160
1701125000,        160
1701375000,        160
1701625000,        160
1701875000,        160
1702125000,        160
1702375000,        160
1702625000,        160
1702875000,        160
1703125000,        160
1703375000,        160
1703625000,        160
1703875000,        160
1704125000,        160
1704375000,        160
1704625000,        160
1704875000,        160
1705125000,        160
1705375000,        160
1705625000,        160
1705875000,        160
1706125000,        160
1706375000,        160
1706625000,        160
1706875000,        160
1707125000,        160
1707375000,        160
1707625000,        160
1707875000,        160
1708125000,        160
1708375000,        160
1708625000,        160
1708875000,        160
1709125000,        160
1709375000,        160
1709625000,        160
1709875000,        160
1710125000,        160
1710375000,        160
1710625000,        160
1710875000,        160
1711125000,        160
1711375000,        160
1711625000,        160
1711875000,        160
1712125000,        160
1712375000,        160
1712625000,        160
1712875000,        160
1713125000,        160
1713375000,        160
1713625000,        160
1713875000,        160
1714125000,        160
1714375000,        160
1714625000,        160
1714875000,        160
1715125000,        160
1715375000,        160
1715625000,        160
1715875000,        160
1716125000,        160
1716375000,        160
1716625000,        160
1716875000,        160
1717125000,        160
1717375000,        160
1717625000,        160
1717875000,        160
1718125000,        160
1718375000,        160
1718625000,        160
1718875000,        160
1719125000,        160
1719375000,        160
1719625000,        160
1719875000,        160
1720125000,        160
1720375000,        160
1720625000,        160
1720875000,        160
1721125000,        160
1721375000,        160
1721625000,        160
1721875000,        160
1722125000,        160
1722375000,        160
1722625000,        160
1722875000,        160
1723125000,        160
1723375000,        160
1723625000,        160
1723875000,        160
1724125000,        160
1724375000,        160
1724625000,        160
1724875000,        160
1725125000,        160
1725375000,        160
1725625000,        160
1725875000,        160
1726125000,        160
1726375000,        160
1726625000,        160
1726875000,        160
1727125000,        160
1727375000,        160
1727625000,        160
1727875000,        160
1728125000,        160
1728375000,        160
1728625000,        160
1728875000,        160
1729125000,        160
1729375000,        160
1729625000,        160
1729875000,        160
1730125000,        160
1730375000,        160
1730625000,        160
1730875000,        160
1731125000,        160
1731375000,        160
1731625000,        160
1731875000,        160
1732125000,        160
1732375000,        160
1732625000,        160
1732875000,        160
1733125000,        160
1733375000,        160
1733625000,        160
1733875000,        160
1734125000,        160
1734375000,        160
1734625000,        160
1734875000,        160
1735125000,        160
1735375000,        160
1735625000,        160
1735875000,        160
1736125000,        160
1736375000,        160
1736625000,        160
1736875000,        160
1737125000,        160
1737375000,        160
1737625000,        160
1737875000,        160
1738125000,        160
1738375000,        160
1738625000,        160
1738875000,        160
1739125000,        160
1739375000,        160
1739625000,        160
1739875000,        160
1740125000,        160
1740375000,        160
1740625000,        160
1740875000,        160
1741125000,        160
1741375000,        160
1741625000,        160
1741875000,        160
1742125000,        160
1742375000,        160
1742625000,        160
1742875000,        160
1743125000,        160
1743375000,        160
1743625000,        160
1743875000,        160
1744125000,        160
1744375000,        160
1744625000,        160
1744875000,        160
1745125000,        160
1745375000,        160
1745625000,        160
1745875000,        160
1746125000,        160
1746375000,        160
1746625000,        160
1746875000,        160
1747125000,        160
1747375000,        160
1747625000,        160
1747875000,        160
1748125000,        160
1748375000,        160
1748625000,        160
1748875000,        160
1749125000,        160
1749375000,        160
1749625000,        160
1749875000,        160
1750125000,        160
1750375000,        160
1750625000,        160
1750875000,        160
1751125000,        160
1751375000,        160
1751625000,        160
1751875000,        160
1752125000,        160
1752375000,        160
1752625000,        160
1752875000,        160
1753125000,        160
1753375000,        160
1753625000,        160
1753875000,        160
1754125000,        160
1754375000,        160
1754625000,        160
1754875000,        160
1755125000,        160
1755375000,        160
1755625000,        160
1755875000,        160
1756125000,        160
1756375000,        160
1756625000,        160
1756875000,        160
1757125000,        160
1757375000,        160
1757625000,        160
1757875000,        160
1758125000,        160
1758375000,        160
1758625000,        160
1758875000,        160
1759125000,        160
1759375000,        160
1759625000,        160
1759875000,        160
1760125000,        160
1760375000,        160
1760625000,        160
1760875000,        160
1761125000,        160
1761375000,        160
1761625000,        160
1761875000,        160
1762125000,        160
1762375000,        160
1762625000,        160
1762875000,        160
1763125000,        160
1763375000,        160
1763625000,        160
1763875000,        160
1764125000,        160
1764375000,        160
1764625000,        160
1764875000,        160
1765125000,        160
1765375000,        160
1765625000,        160
1765875000,        160
1766125000,        160
1766375000,        160
1766625000,        160
1766875000,        160
1767125000,        160
1767375000,        160
1767625000,        160
1767875000,        160
1768125000,        160
1768375000,        160
1768625000,        160
1768875000,        160
1769125000,        160
1769375000,        160
1769625000,        160
1769875000,        160
1770125000,        160
1770375000,        160
1770625000,        160
1770875000,        160
1771125000,        160
1771375000,        160
1771625000,        160
1771875000,        160
1772125000,        160
1772375000,        160
1772625000,        160
1772875000,        160
1773125000,        160
1773375000,        160
1773625000,        160
1773875000,        160
1774125000,        160
1774375000,        160
1774625000,        160
1774875000,        160
1775125000,        160
1775375000,        160
1775625000,        160
1775875000,        160
1776125000,        160
1776375000,        160
1776625000,        160
1776875000,        160
1777125000,        160
1777375000,        160
1777625000,        160
1777875000,        160
1778125000,        160
1778375000,        160
1778625000,        160
1778875000,        160
1779125000,        160
1779375000,        160
1779625000,        160
1779875000,        160
1780125000,        160
1780375000,        160
1780625000,        160
1780875000,        160
1781125000,        160
1781375000,        160
1781625000,        160
1781875000,        160
1782125000,        160
1782375000,        160
1782625000,        160
1782875000,        160
1783125000,        160
1783375000,        160
1783625000,        160
1783875000,        160
1784125000,        160
1784375000,        160
1784625000,        160
1784875000,        160
1785125000,        160
1785375000,        160
1785625000,        160
1785875000,        160
1786125000,        160
1786375000,        160
1786625000,        160
1786875000,        160
1787125000,        160
1787375000,        160
1787625000,        160
1787875000,        160
1788125000,        160
1788375000,        160
1788625000,        160
1788875000,        160
1789125000,        160
1789375000,        160
1789625000,        160
1789875000,        160
1790125000,        160
1790375000,        160
1790625000,        160
1790875000,        160
1791125000,        160
1791375000,        160
1791625000,        160
1791875000,        160
1792125000,        160
1792375000,        160
1792625000,        160
1792875000,        160
1793125000,        160
1793375000,        160
1793625000,        160
1793875000,        160
1794125000,        160
1794375000,        160
1794625000,        160
1794875000,        160
1795125000,        160
1795375000,        160
1795625000,        160
1795875000,        160
1796125000,        160
1796375000,        160
1796625000,        160
1796875000,        160
1797125000,        160
1797375000,        160
1797625000,        160
1797875000,        160
1798125000,        160
1798375000,        160
1798625000,        160
1798875000,        160
1799125000,        160
1799375000,        160
1799625000,        160
1799875000,        160
1800125000,        160
1800375000,        160
1800625000,        160
1800875000,        160
1801125000,        160
1801375000,        160
1801625000,        160
1801875000,        160
1802125000,        160
1802375000,        160
1802625000,        160
1802875000,        160
1803125000,        160
1803375000,        160
1803625000,        160
1803875000,        160
1804125000,        160
1804375000,        160
1804625000,        160
1804875000,        160
1805125000,        160
1805375000,        160
1805625000,        160
1805875000,        160
1806125000,        160
1806375000,        160
1806625000,        160
1806875000,        160
1807125000,        160
1807375000,        160
1807625000,        160
1807875000,        160
1808125000,        160
1808375000,        160
1808625000,        160
1808875000,        160
1809125000,        160
1809375000,        160
1809625000,        160
1809875000,        160
1810125000,        160
1810375000,        160
1810625000,        160
1810875000,        160
1811125000,        160
1811375000,        160
1811625000,        160
1811875000,        160
1812125000,        160
1812375000,        160
1812625000,        160
1812875000,        160
1813125000,        160
1813375000,        160
1813625000,        160
1813875000,        160
1814125000,        160
1814375000,        160
1814625000,        160
1814875000,        160
1815125000,        160
1815375000,        160
1815625000,        160
1815875000,        160
1816125000,        160
1816375000,        160
1816625000,        160
1816875000,        160
1817125000,        160
1817375000,        160
1817625000,        160
1817875000,        160
1818125000,        160
1818375000,        160
1818625000,        160
1818875000,        160
1819125000,        160
1819375000,        160
1819625000,        160
1819875000,        160
1820125000,        160
1820375000,        160
1820625000,        160
1820875000,        160
1821125000,        160
1821375000,        160
1821625000,        160
1821875000,        160
1822125000,        160
1822375000,        160
1822625000,        160
1822875000,        160
1823125000,        160
1823375000,        160
1823625000,        160
1823875000,        160
1824125000,        160
1824375000,        160
1824625000,        160
1824875000,        160
1825125000,        160
1825375000,        160
1825625000,        160
1825875000,        160
1826125000,        160
1826375000,        160
1826625000,        160
1826875000,        160
1827125000,        160
1827375000,        160
1827625000,        160
1827875000,        160
1828125000,        160
1828375000,        160
1828625000,        160
1828875000,        160
1829125000,        160
1829375000,        160
1829625000,        160
1829875000,        160
1830125000,        160
1830375000,        160
1830625000,        160
1830875000,        160
1831125000,        160
1831375000,        160
1831625000,        160
1831875000,        160
1832125000,        160
1832375000,        160
1832625000,        160
1832875000,        160
1833125000,        160
1833375000,        160
1833625000,        160
1833875000,        160
1834125000,        160
1834375000,        160
1834625000,        160
1834875000,        160
1835125000,        160
1835375000,        160
1835625000,        160
1835875000,        160
1836125000,        160
1836375000,        160
1836625000,        160
1836875000,        160
1837125000,        160
1837375000,        160
1837625000,        160
1837875000,        160
1838125000,        160
1838375000,        160
1838625000,        160
1838875000,        160
1839125000,        160
1839375000,        160
1839625000,        160
1839875000,        160
1840125000,        160
1840375000,        160
1840625000,        160
1840875000,        160
1841125000,        160
1841375000,        160
1841625000,        160
1841875000,        160
1842125000,        160
1842375000,        160
1842625000,        160
1842875000,        160
1843125000,        160
1843375000,        160
1843625000,        160
1843875000,        160
1844125000,        160
1844375000,        160
1844625000,        160
1844875000,        160
1845125000,        160
1845375000,        160
1845625000,        160
1845875000,        160
1846125000,        160
1846375000,        160
1846625000,        160
1846875000,        160
1847125000,        160
1847375000,        160
1847625000,        160
1847875000,        160
1848125000,        160
1848375000,        160
1848625000,        160
1848875000,        160
1849125000,        160
1849375000,        160
1849625000,        160
1849875000,        160
1850125000,        160
1850375000,        160
1850625000,        160
1850875000,        160
1851125000,        160
1851375000,        160
1851625000,        160
1851875000,        160
1852125000,        160
1852375000,        160
1852625000,        160
1852875000,        160
1853125000,        160
1853375000,        160
1853625000,        160
1853875000,        160
1854125000,        160
1854375000,        160
1854625000,        160
1854875000,        160
1855125000,        160
1855375000,        160
1855625000,        160
1855875000,        160
1856125000,        160
1856375000,        160
1856625000,        160
1856875000,        160
1857125000,        160
1857375000,        160
1857625000,        160
1857875000,        160
1858125000,        160
1858375000,        160
1858625000,        160
1858875000,        160
1859125000,        160
1859375000,        160
1859625000,        160
1859875000,        160
1860125000,        160
1860375000,        160
1860625000,        160
1860875000,        160
1861125000,        160
1861375000,        160
1861625000,        160
1861875000,        160
1862125000,        160
1862375000,        160
1862625000,        160
1862875000,        160
1863125000,        160
1863375000,        160
1863625000,        160
1863875000,        160
1864125000,        160
1864375000,        160
1864625000,        160
1864875000,        160
1865125000,        160
1865375000,        160
1865625000,        160
1865875000,        160
1866125000,        160
1866375000,        160
1866625000,        160
1866875000,        160
1867125000,        160
1867375000,        160
1867625000,        160
1867875000,        160
1868125000,        160
1868375000,        160
1868625000,        160
1868875000,        160
1869125000,        160
1869375000,        160
1869625000,        160
1869875000,        160
1870125000,        160
1870375000,        160
1870625000,        160
1870875000,        160
1871125000,        160
1871375000,        160
1871625000,        160
1871875000,        160
1872125000,        160
1872375000,        160
1872625000,        160
1872875000,        160
1873125000,        160
1873375000,        160
1873625000,        160
1873875000,        160
1874125000,        160
1874375000,        160
1874625000,        160
1874875000,        160
1875125000,        160
1875375000,        160
1875625000,        160
1875875000,        160
1876125000,        160
1876375000,        160
1876625000,        160
1876875000,        160
1877125000,        160
1877375000,        160
1877625000,        160
1877875000,        160
1878125000,        160
1878375000,        160
1878625000,        160
1878875000,        160
1879125000,        160
1879375000,        160
1879625000,        160
1879875000,        160
1880125000,        160
1880375000,        160
1880625000,        160
1880875000,        160
1881125000,        160
1881375000,        160
1881625000,        160
1881875000,        160
1882125000,        160
1882375000,        160
1882625000,        160
1882875000,        160
1883125000,        160
1883375000,        160
1883625000,        160
1883875000,        160
1884125000,        160
1884375000,        160
1884625000,        160
1884875000,        160
1885125000,        160
1885375000,        160
1885625000,        160
1885875000,        160
1886125000,        160
1886375000,        160
1886625000,        160
1886875000,        160
1887125000,        160
1887375000,        160
1887625000,        160
1887875000,        160
1888125000,        160
1888375000,        160
1888625000,        160
1888875000,        160
1889125000,        160
1889375000,        160
1889625000,        160
1889875000,        160
1890125000,        160
1890375000,        160
1890625000,        160
1890875000,        160
1891125000,        160
1891375000,        160
1891625000,        160
1891875000,        160
1892125000,        160
1892375000,        160
1892625000,        160
1892875000,        160
1893125000,        160
1893375000,        160
1893625000,        160
1893875000,        160
1894125000,        160
1894375000,        160
1894625000,        160
1894875000,        160
1895125000,        160
1895375000,        160
1895625000,        160
1895875000,        160
1896125000,        160
1896375000,        160
1896625000,        160
1896875000,        160
1897125000,        160
1897375000,        160
1897625000,        160
1897875000,        160
1898125000,        160
1898375000,        160
1898625000,        160
1898875000,        160
1899125000,        160
1899375000,        160
1899625000,        160
1899875000,        160
1900125000,        160
1900375000,        160
1900625000,        160
1900875000,        160
1901125000,        160
1901375000,        160
1901625000,        160
1901875000,        160
1902125000,        160
1902375000,        160
1902625000,        160
1902875000,        160
1903125000,        160
1903375000,        160
1903625000,        160
1903875000,        160
1904125000,        160
1904375000,        160
1904625000,        160
1904875000,        160
1905125000,        160
1905375000,        160
1905625000,        160
1905875000,        160
1906125000,        160
1906375000,        160
1906625000,        160
1906875000,        160
1907125000,        160
1907375000,        160
1907625000,        160
1907875000,        160
1908125000,        160
1908375000,        160
1908625000,        160
1908875000,        160
1909125000,        160
1909375000,        160
1909625000,        160
1909875000,        160
1910125000,        160
1910375000,        160
1910625000,        160
1910875000,        160
1911125000,        160
1911375000,        160
1911625000,        160
1911875000,        160
1912125000,        160
1912375000,        160
1912625000,        160
1912875000,        160
1913125000,        160
1913375000,        160
1913625000,        160
1913875000,        160
1914125000,        160
1914375000,        160
1914625000,        160
1914875000,        160
1915125000,        160
1915375000,        160
1915625000,        160
1915875000,        160
1916125000,        160
1916375000,        160
1916625000,        160
1916875000,        160
1917125000,        160
1917375000,        160
1917625000,        160
1917875000,        160
1918125000,        160
1918375000,        160
1918625000,        160
1918875000,        160
1919125000,        160
1919375000,        160
1919625000,        160
1919875000,        160
1920125000,        160
1920375000,        160
1920625000,        160
1920875000,        160
1921125000,        160
1921375000,        160
1921625000,        160
1921875000,        160
1922125000,        160
1922375000,        160
1922625000,        160
1922875000,        160
1923125000,        160
1923375000,        160
1923625000,        160
1923875000,        160
1924125000,        160
1924375000,        160
1924625000,        160
1924875000,        160
1925125000,        160
1925375000,        160
1925625000,        160
1925875000,        160
1926125000,        160
1926375000,        160
1926625000,        160
1926875000,        160
1927125000,        160
1927375000,        160
1927625000,        160
1927875000,        160
1928125000,        160
1928375000,        160
1928625000,        160
1928875000,        160
1929125000,        160
1929375000,        160
1929625000,        160
1929875000,        160
1930125000,        160
1930375000,        160
1930625000,        160
1930875000,        160
1931125000,        160
1931375000,        160
1931625000,        160
1931875000,        160
1932125000,        160
1932375000,        160
1932625000,        160
1932875000,        160
1933125000,        160
1933375000,        160
1933625000,        160
1933875000,        160
1934125000,        160
1934375000,        160
1934625000,        160
1934875000,        160
1935125000,        160
1935375000,        160
1935625000,        160
1935875000,        160
1936125000,        160
1936375000,        160
1936625000,        160
1936875000,        160
1937125000,        160
1937375000,        160
1937625000,        160
1937875000,        160
1938125000,        160
1938375000,        160
1938625000,        160
1938875000,        160
1939125000,        160
1939375000,        160
1939625000,        160
1939875000,        160
1940125000,        160
1940375000,        160
1940625000,        160
1940875000,        160
1941125000,        160
1941375000,        160
1941625000,        160
1941875000,        160
1942125000,        160
1942375000,        160
1942625000,        160
1942875000,        160
1943125000,        160
1943375000,        160
1943625000,        160
1943875000,        160
1944125000,        160
1944375000,        160
1944625000,        160
1944875000,        160
1945125000,        160
1945375000,        160
1945625000,        160
1945875000,        160
1946125000,        160
1946375000,        160
1946625000,        160
1946875000,        160
1947125000,        160
1947375000,        160
1947625000,        160
1947875000,        160
1948125000,        160
1948375000,        160
1948625000,        160
1948875000,        160
1949125000,        160
1949375000,        160
1949625000,        160
1949875000,        160
1950125000,        160
1950375000,        160
1950625000,        160
1950875000,        160
1951125000,        160
1951375000,        160
1951625000,        160
1951875000,        160
1952125000,        160
1952375000,        160
1952625000,        160
1952875000,        160
1953125000,        160
1953375000,        160
1953625000,        160
1953875000,        160
1954125000,        160
1954375000,        160
1954625000,        160
1954875000,        160
1955125000,        160
1955375000,        160
1955625000,        160
1955875000,        160
1956125000,        160
1956375000,        160
1956625000,        160
1956875000,        160
1957125000,        160
1957375000,        160
1957625000,        160
1957875000,        160
1958125000,        160
1958375000,        160
1958625000,        160
1958875000,        160
1959125000,        160
1959375000,        160
1959625000,        160
1959875000,        160
1960125000,        160
1960375000,        160
1960625000,        160
1960875000,        160
1961125000,        160
1961375000,        160
1961625000,        160
1961875000,        160
1962125000,        160
1962375000,        160
1962625000,        160
1962875000,        160
1963125000,        160
1963375000,        160
1963625000,        160
1963875000,        160
1964125000,        160
1964375000,        160
1964625000,        160
1964875000,        160
1965125000,        160
1965375000,        160
1965625000,        160
1965875000,        160
1966125000,        160
1966375000,        160
1966625000,        160
1966875000,        160
1967125000,        160
1967375000,        160
1967625000,        160
1967875000,        160
1968125000,        160
1968375000,        160
1968625000,        160
1968875000,        160
1969125000,        160
1969375000,        160
1969625000,        160
1969875000,        160
1970125000,        160
1970375000,        160
1970625000,        160
1970875000,        160
1971125000,        160
1971375000,        160
1971625000,        160
1971875000,        160
1972125000,        160
1972375000,        160
1972625000,        160
1972875000,        160
1973125000,        160
1973375000,        160
1973625000,        160
1973875000,        160
1974125000,        160
1974375000,        160
1974625000,        160
1974875000,        160
1975125000,        160
1975375000,        160
1975625000,        160
1975875000,        160
1976125000,        160
1976375000,        160
1976625000,        160
1976875000,        160
1977125000,        160
1977375000,        160
1977625000,        160
1977875000,        160
1978125000,        160
1978375000,        160
1978625000,        160
1978875000,        160
1979125000,        160
1979375000,        160
1979625000,        160
1979875000,        160
1980125000,        160
1980375000,        160
1980625000,        160
1980875000,        160
1981125000,        160
1981375000,        160
1981625000,        160
1981875000,        160
1982125000,        160
1982375000,        160
1982625000,        160
1982875000,        160
1983125000,        160
1983375000,        160
1983625000,        160
1983875000,        160
1984125000,        160
1984375000,        160
1984625000,        160
1984875000,        160
1985125000,        160
1985375000,        160
1985625000,        160
1985875000,        160
1986125000,        160
1986375000,        160
1986625000,        160
1986875000,        160
1987125000,        160
1987375000,        160
1987625000,        160
1987875000,        160
1988125000,        160
1988375000,        160
1988625000,        160
1988875000,        160
1989125000,        160
1989375000,        160
1989625000,        160
1989875000,        160
1990125000,        160
1990375000,        160
1990625000,        160
1990875000,        160
1991125000,        160
1991375000,        160
1991625000,        160
1991875000,        160
1992125000,        160
1992375000,        160
1992625000,        160
1992875000,        160
1993125000,        160
1993375000,        160
1993625000,        160
1993875000,        160
1994125000,        160
1994375000,        160
1994625000,        160
1994875000,        160
1995125000,        160
1995375000,        160
1995625000,        160
1995875000,        160
1996125000,        160
1996375000,        160
1996625000,        160
1996875000,        160
1997125000,        160
1997375000,        160
1997625000,        160
1997875000,        160
1998125000,        160
1998375000,        160
1998625000,        160
1998875000,        160
1999125000,        160
1999375000,        160
1999625000,        160
1999875000,        160
2000125000,        160
2000375000,        160
2000625000,        160
2000875000,        160
2001125000,        160
2001375000,        160
2001625000,        160
2001875000,        160
2002125000,        160
2002375000,        160
2002625000,        160
2002875000,        160
2003125000,        160
2003375000,        160
2003625000,        160
2003875000,        160
2004125000,        160
2004375000,        160
2004625000,        160
2004875000,        160
2005125000,        160
2005375000,        160
2005625000,        160
2005875000,        160
2006125000,        160
2006375000,        160
2006625000,        160
2006875000,        160
2007125000,        160
2007375000,        160
2007625000,        160
2007875000,        160
2008125000,        160
2008375000,        160
2008625000,        160
2008875000,        160
2009125000,        160
2009375000,        160
2009625000,        160
2009875000,        160
2010125000,        160
2010375000,        160
2010625000,        160
2010875000,        160
2011125000,        160
2011375000,        160
2011625000,        160
2011875000,        160
2012125000,        160
2012375000,        160
2012625000,        160
2012875000,        160
2013125000,        160
2013375000,        160
2013625000,        160
2013875000,        160
2014125000,        160
2014375000,        160
2014625000,        160
2014875000,        160
2015125000,        160
2015375000,        160
2015625000,        160
2015875000,        160
2016125000,        160
2016375000,        160
2016625000,        160
2016875000,        160
2017125000,        160
2017375000,        160
2017625000,        160
2017875000,        160
2018125000,        160
2018375000,        160
2018625000,        160
2018875000,        160
2019125000,        160
2019375000,        160
2019625000,        160
2019875000,        160
2020125000,        160
2020375000,        160
2020625000,        160
2020875000,        160
2021125000,        160
2021375000,        160
2021625000,        160
2021875000,        160
2022125000,        160
2022375000,        160
2022625000,        160
2022875000,        160
2023125000,        160
2023375000,        160
2023625000,        160
2023875000,        160
2024125000,        160
2024375000,        160
2024625000,        160
2024875000,        160
2025125000,        160
2025375000,        160
2025625000,        160
2025875000,        160
2026125000,        160
2026375000,        160
2026625000,        160
2026875000,        160
2027125000,        160
2027375000,        160
2027625000,        160
2027875000,        160
2028125000,        160
2028375000,        160
2028625000,        160
2028875000,        160
2029125000,        160
2029375000,        160
2029625000,        160
2029875000,        160
2030125000,        160
2030375000,        160
2030625000,        160
2030875000,        160
2031125000,        160
2031375000,        160
2031625000,        160
2031875000,        160
2032125000,        160
2032375000,        160
2032625000,        160
2032875000,        160
2033125000,        160
2033375000,        160
2033625000,        160
2033875000,        160
2034125000,        160
2034375000,        160
2034625000,        160
2034875000,        160
2035125000,        160
2035375000,        160
2035625000,        160
2035875000,        160
2036125000,        160
2036375000,        160
2036625000,        160
2036875000,        160
2037125000,        160
2037375000,        160
2037625000,        160
2037875000,        160
2038125000,        160
2038375000,        160
2038625000,        160
2038875000,        160
2039125000,        160
2039375000,        160
2039625000,        160
2039875000,        160
2040125000,        160
2040375000,        160
2040625000,        160
2040875000,        160
2041125000,        160
2041375000,        160
2041625000,        160
2041875000,        160
2042125000,        160
2042375000,        160
2042625000,        160
2042875000,        160
2043125000,        160
2043375000,        160
2043625000,        160
2043875000,        160
2044125000,        160
2044375000,        160
2044625000,        160
2044875000,        160
2045125000,        160
2045375000,        160
2045625000,        160
2045875000,        160
2046125000,        160
2046375000,        160
2046625000,        160
2046875000,        160
2047125000,        160
2047375000,        160
2047625000,        160
2047875000,        160
2048125000,        160
2048375000,        160
2048625000,        160
2048875000,        160
2049125000,        160
2049375000,        160
2049625000,        160
2049875000,        160
2050125000,        160
2050375000,        160
2050625000,        160
2050875000,        160
2051125000,        160
2051375000,        160
2051625000,        160
2051875000,        160
2052125000,        160
2052375000,        160
2052625000,        160
2052875000,        160
2053125000,        160
2053375000,        160
2053625000,        160
2053875000,        160
2054125000,        160
2054375000,        160
2054625000,        160
2054875000,        160
2055125000,        160
2055375000,        160
2055625000,        160
2055875000,        160
2056125000,        160
2056375000,        160
2056625000,        160
2056875000,        160
2057125000,        160
2057375000,        160
2057625000,        160
2057875000,        160
2058125000,        160
2058375000,        160
2058625000,        160
2058875000,        160
2059125000,        160
2059375000,        160
2059625000,        160
2059875000,        160
2060125000,        160
2060375000,        160
2060625000,        160
2060875000,        160
2061125000,        160
2061375000,        160
2061625000,        160
2061875000,        160
2062125000,        160
2062375000,        160
2062625000,        160
2062875000,        160
2063125000,        160
2063375000,        160
2063625000,        160
2063875000,        160
2064125000,        160
2064375000,        160
2064625000,        160
2064875000,        160
2065125000,        160
2065375000,        160
2065625000,        160
2065875000,        160
2066125000,        160
2066375000,        160
2066625000,        160
2066875000,        160
2067125000,        160
2067375000,        160
2067625000,        160
2067875000,        160
2068125000,        160
2068375000,        160
2068625000,        160
2068875000,        160
2069125000,        160
2069375000,        160
2069625000,        160
2069875000,        160
2070125000,        160
2070375000,        160
2070625000,        160
2070875000,        160
2071125000,        160
2071375000,        160
2071625000,        160
2071875000,        160
2072125000,        160
2072375000,        160
2072625000,        160
2072875000,        160
2073125000,        160
2073375000,        160
2073625000,        160
2073875000,        160
2074125000,        160
2074375000,        160
2074625000,        160
2074875000,        160
2075125000,        160
2075375000,        160
2075625000,        160
2075875000,        160
2076125000,        160
2076375000,        160
2076625000,        160
2076875000,        160
2077125000,        160
2077375000,        160
2077625000,        160
2077875000,        160
2078125000,        160
2078375000,        160
2078625000,        160
2078875000,        160
2079125000,        160
2079375000,        160
2079625000,        160
2079875000,        160
2080125000,        160
2080375000,        160
2080625000,        160
2080875000,        160
2081125000,        160
2081375000,        160
2081625000,        160
2081875000,        160
2082125000,        160
2082375000,        160
2082625000,        160
2082875000,        160
2083125000,        160
2083375000,        160
2083625000,        160
2083875000,        160
2084125000,        160
2084375000,        160
2084625000,        160
2084875000,        160
2085125000,        160
2085375000,        160
2085625000,        160
2085875000,        160
2086125000,        160
2086375000,        160
2086625000,        160
2086875000,        160
2087125000,        160
2087375000,        160
2087625000,        160
2087875000,        160
2088125000,        160
2088375000,        160
2088625000,        160
2088875000,        160
2089125000,        160
2089375000,        160
2089625000,        160
2089875000,        160
2090125000,        160
2090375000,        160
2090625000,        160
2090875000,        160
2091125000,        160
2091375000,        160
2091625000,        160
2091875000,        160
2092125000,        160
2092375000,        160
2092625000,        160
2092875000,        160
2093125000,        160
2093375000,        160
2093625000,        160
2093875000,        160
2094125000,        160
2094375000,        160
2094625000,        160
2094875000,        160
2095125000,        160
2095375000,        160
2095625000,        160
2095875000,        160
2096125000,        160
2096375000,        160
2096625000,        160
2096875000,        160
2097125000,        160
2097375000,        160
2097625000,        160
2097875000,        160
2098125000,        160
2098375000,        160
2098625000,        160
2098875000,        160
2099125000,        160
2099375000,        160
2099625000,        160
2099875000,        160
2100125000,        160
2100375000,        160
2100625000,        160
2100875000,        160
2101125000,        160
2101375000,        160
2101625000,        160
2101875000,        160
2102125000,        160
2102375000,        160
2102625000,        160
2102875000,        160
2103125000,        160
2103375000,        160
2103625000,        160
2103875000,        160
2104125000,        160
2104375000,        160
2104625000,        160
2104875000,        160
2105125000,        160
2105375000,        160
2105625000,        160
2105875000,        160
2106125000,        160
2106375000,        160
2106625000,        160
2106875000,        160
2107125000,        160
2107375000,        160
2107625000,        160
2107875000,        160
2108125000,        160
2108375000,        160
2108625000,        160
2108875000,        160
2109125000,        160
2109375000,        160
2109625000,        160
2109875000,        160
2110125000,        160
2110375000,        160
2110625000,        160
2110875000,        160
2111125000,        160
2111375000,        160
2111625000,        160
2111875000,        160
2112125000,        160
2112375000,        160
2112625000,        160
2112875000,        160
2113125000,        160
2113375000,        160
2113625000,        160
2113875000,        160
2114125000,        160
2114375000,        160
2114625000,        160
2114875000,        160
2115125000,        160
2115375000,        160
2115625000,        160
2115875000,        160
2116125000,        160
2116375000,        160
2116625000,        160
2116875000,        160
2117125000,        160
2117375000,        160
2117625000,        160
2117875000,        160
2118125000,        160
2118375000,        160
2118625000,        160
2118875000,        160
2119125000,        160
2119375000,        160
2119625000,        160
2119875000,        160
2120125000,        160
2120375000,        160
2120625000,        160
2120875000,        160
2121125000,        160
2121375000,        160
2121625000,        160
2121875000,        160
2122125000,        160
2122375000,        160
2122625000,        160
2122875000,        160
2123125000,        160
2123375000,        160
2123625000,        160
2123875000,        160
2124125000,        160
2124375000,        160
2124625000,        160
2124875000,        160
2125125000,        160
2125375000,        160
2125625000,        160
2125875000,        160
2126125000,        160
2126375000,        160
2126625000,        160
2126875000,        160
2127125000,        160
2127375000,        160
2127625000,        160
2127875000,        160
2128125000,        160
2128375000,        160
2128625000,        160
2128875000,        160
2129125000,        160
2129375000,        160
2129625000,        160
2129875000,        160
2130125000,        160
2130375000,        160
2130625000,        160
2130875000,        160
2131125000,        160
2131375000,        160
2131625000,        160
2131875000,        160
2132125000,        160
2132375000,        160
2132625000,        160
2132875000,        160
2133125000,        160
2133375000,        160
2133625000,        160
2133875000,        160
2134125000,        160
2134375000,        160
2134625000,        160
2134875000,        160
2135125000,        160
2135375000,        160
2135625000,        160
2135875000,        160
2136125000,        160
2136375000,        160
2136625000,        160
2136875000,        160
2137125000,        160
2137375000,        160
2137625000,        160
2137875000,        160
2138125000,        160
2138375000,        160
2138625000,        160
2138875000,        160
2139125000,        160
2139375000,        160
2139625000,        160
2139875000,        160
2140125000,        160
2140375000,        160
2140625000,        160
2140875000,        160
2141125000,        160
2141375000,        160
2141625000,        160
2141875000,        160
2142125000,        160
2142375000,        160
2142625000,        160
2142875000,        160
2143125000,        160
2143375000,        160
2143625000,        160
2143875000,        160
2144125000,        160
2144375000,        160
2144625000,        160
2144875000,        160
2145125000,        160
2145375000,        160
2145625000,        160
2145875000,        160
2146125000,        160
2146375000,        160
2146625000,        160
2146875000,        160
2147125000,        160
2147375000,        160
2147625000,        160
2147875000,        160
2148125000,        160
2148375000,        160
2148625000,        160
2148875000,        160
2149125000,        160
2149375000,        160
2149625000,        160
2149875000,        160
2150125000,        160
2150375000,        160
2150625000,        160
2150875000,        160
2151125000,        160
2151375000,        160
2151625000,        160
2151875000,        160
2152125000,        160
2152375000,        160
2152625000,        160
2152875000,        160
2153125000,        160
2153375000,        160
2153625000,        160
2153875000,        160
2154125000,        160
2154375000,        160
2154625000,        160
2154875000,        160
2155125000,        160
2155375000,        160
2155625000,        160
2155875000,        160
2156125000,        160
2156375000,        160
2156625000,        160
2156875000,        160
2157125000,        160
2157375000,        160
2157625000,        160
2157875000,        160
2158125000,        160
2158375000,        160
2158625000,        160
2158875000,        160
2159125000,        160
2159375000,        160
2159625000,        160
2159875000,        160
2160125000,        160
2160375000,        160
2160625000,        160
2160875000,        160
2161125000,        160
2161375000,        160
2161625000,        160
2161875000,        160
2162125000,        160
2162375000,        160
2162625000,        160
2162875000,        160
2163125000,        160
2163375000,        160
2163625000,        160
2163875000,        160
2164125000,        160
2164375000,        160
2164625000,        160
2164875000,        160
2165125000,        160
2165375000,        160
2165625000,        160
2165875000,        160
2166125000,        160
2166375000,        160
2166625000,        160
2166875000,        160
2167125000,        160
2167375000,        160
2167625000,        160
2167875000,        160
2168125000,        160
2168375000,        160
2168625000,        160
2168875000,        160
2169125000,        160
2169375000,        160
2169625000,        160
2169875000,        160
2170125000,        160
2170375000,        160
2170625000,        160
2170875000,        160
2171125000,        160
2171375000,        160
2171625000,        160
2171875000,        160
2172125000,        160
2172375000,        160
2172625000,        160
2172875000,        160
2173125000,        160
2173375000,        160
2173625000,        160
2173875000,        160
2174125000,        160
2174375000,        160
2174625000,        160
2174875000,        160
2175125000,        160
2175375000,        160
2175625000,        160
2175875000,        160
2176125000,        160
2176375000,        160
2176625000,        160
2176875000,        160
2177125000,        160
2177375000,        160
2177625000,        160
2177875000,        160
2178125000,        160
2178375000,        160
2178625000,        160
2178875000,        160
2179125000,        160
2179375000,        160
2179625000,        160
2179875000,        160
2180125000,        160
2180375000,        160
2180625000,        160
2180875000,        160
2181125000,        160
2181375000,        160
2181625000,        160
2181875000,        160
2182125000,        160
2182375000,        160
2182625000,        160
2182875000,        160
2183125000,        160
2183375000,        160
2183625000,        160
2183875000,        160
2184125000,        160
2184375000,        160
2184625000,        160
2184875000,        160
2185125000,        160
2185375000,        160
2185625000,        160
2185875000,        160
2186125000,        160
2186375000,        160
2186625000,        160
2186875000,        160
2187125000,        160
2187375000,        160
2187625000,        160
2187875000,        160
2188125000,        160
2188375000,        160
2188625000,        160
2188875000,        160
2189125000,        160
2189375000,        160
2189625000,        160
2189875000,        160
2190125000,        160
2190375000,        160
2190625000,        160
2190875000,        160
2191125000,        160
2191375000,        160
2191625000,        160
2191875000,        160
2192125000,        160
2192375000,        160
2192625000,        160
2192875000,        160
2193125000,        160
2193375000,        160
2193625000,        160
2193875000,        160
2194125000,        160
2194375000,        160
2194625000,        160
2194875000,        160
2195125000,        160
2195375000,        160
2195625000,        160
2195875000,        160
2196125000,        160
2196375000,        160
2196625000,        160
2196875000,        160
2197125000,        160
2197375000,        160
2197625000,        160
2197875000,        160
2198125000,        160
2198375000,        160
2198625000,        160
2198875000,        160
2199125000,        160
2199375000,        160
2199625000,        160
2199875000,        160
2200125000,        160
2200375000,        160
2200625000,        160
2200875000,        160
2201125000,        160
2201375000,        160
2201625000,        160
2201875000,        160
2202125000,        160
2202375000,        160
2202625000,        160
2202875000,        160
2203125000,        160
2203375000,        160
2203625000,        160
2203875000,        160
2204125000,        160
2204375000,        160
2204625000,        160
2204875000,        160
2205125000,        160
2205375000,        160
2205625000,        160
2205875000,        160
2206125000,        160
2206375000,        160
2206625000,        160
2206875000,        160
2207125000,        160
2207375000,        160
2207625000,        160
2207875000,        160
2208125000,        160
2208375000,        160
2208625000,        160
2208875000,        160
2209125000,        160
2209375000,        160
2209625000,        160
2209875000,        160
2210125000,        160
2210375000,        160
2210625000,        160
2210875000,        160
2211125000,        160
2211375000,        160
2211625000,        160
2211875000,        160
2212125000,        160
2212375000,        160
2212625000,        160
2212875000,        160
2213125000,        160
2213375000,        160
2213625000,        160
2213875000,        160
2214125000,        160
2214375000,        160
2214625000,        160
2214875000,        160
2215125000,        160
2215375000,        160
2215625000,        160
2215875000,        160
2216125000,        160
2216375000,        160
2216625000,        160
2216875000,        160
2217125000,        160
2217375000,        160
2217625000,        160
2217875000,        160
2218125000,        160
2218375000,        160
2218625000,        160
2218875000,        160
2219125000,        160
2219375000,        160
2219625000,        160
2219875000,        160
2220125000,        160
2220375000,        160
2220625000,        160
2220875000,        160
2221125000,        160
2221375000,        160
2221625000,        160
2221875000,        160
2222125000,        160
2222375000,        160
2222625000,        160
2222875000,        160
2223125000,        160
2223375000,        160
2223625000,        160
2223875000,        160
2224125000,        160
2224375000,        160
2224625000,        160
2224875000,        160
2225125000,        160
2225375000,        160
2225625000,        160
2225875000,        160
2226125000,        160
2226375000,        160
2226625000,        160
2226875000,        160
2227125000,        160
2227375000,        160
2227625000,        160
2227875000,        160
2228125000,        160
2228375000,        160
2228625000,        160
2228875000,        160
2229125000,        160
2229375000,        160
2229625000,        160
2229875000,        160
2230125000,        160
2230375000,        160
2230625000,        160
2230875000,        160
2231125000,        160
2231375000,        160
2231625000,        160
2231875000,        160
2232125000,        160
2232375000,        160
2232625000,        160
2232875000,        160
2233125000,        160
2233375000,        160
2233625000,        160
2233875000,        160
2234125000,        160
2234375000,        160
2234625000,        160
2234875000,        160
2235125000,        160
2235375000,        160
2235625000,        160
2235875000,        160
2236125000,        160
2236375000,        160
2236625000,        160
2236875000,        160
2237125000,        160
2237375000,        160
2237625000,        160
2237875000,        160
2238125000,        160
2238375000,        160
2238625000,        160
2238875000,        160
2239125000,        160
2239375000,        160
2239625000,        160
2239875000,        160
2240125000,        160
2240375000,        160
2240625000,        160
2240875000,        160
2241125000,        160
2241375000,        160
2241625000,        160
2241875000,        160
2242125000,        160
2242375000,        160
2242625000,        160
2242875000,        160
2243125000,        160
2243375000,        160
2243625000,        160
2243875000,        160
2244125000,        160
2244375000,        160
2244625000,        160
2244875000,        160
2245125000,        160
2245375000,        160
2245625000,        160
2245875000,        160
2246125000,        160
2246375000,        160
2246625000,        160
2246875000,        160
2247125000,        160
2247375000,        160
2247625000,        160
2247875000,        160
2248125000,        160
2248375000,        160
2248625000,        160
2248875000,        160
2249125000,        160
2249375000,        160
2249625000,        160
2249875000,        160
2250125000,        160
2250375000,        160
2250625000,        160
2250875000,        160
2251125000,        160
2251375000,        160
2251625000,        160
2251875000,        160
2252125000,        160
2252375000,        160
2252625000,        160
2252875000,        160
2253125000,        160
2253375000,        160
2253625000,        160
2253875000,        160
2254125000,        160
2254375000,        160
2254625000,        160
2254875000,        160
2255125000,        160
2255375000,        160
2255625000,        160
2255875000,        160
2256125000,        160
2256375000,        160
2256625000,        160
2256875000,        160
2257125000,        160
2257375000,        160
2257625000,        160
2257875000,        160
2258125000,        160
2258375000,        160
2258625000,        160
2258875000,        160
2259125000,        160
2259375000,        160
2259625000,        160
2259875000,        160
2260125000,        160
2260375000,        160
2260625000,        160
2260875000,        160
2261125000,        160
2261375000,        160
2261625000,        160
2261875000,        160
2262125000,        160
2262375000,        160
2262625000,        160
2262875000,        160
2263125000,        160
2263375000,        160
2263625000,        160
2263875000,        160
2264125000,        160
2264375000,        160
2264625000,        160
2264875000,        160
2265125000,        160
2265375000,        160
2265625000,        160
2265875000,        160
2266125000,        160
2266375000,        160
2266625000,        160
2266875000,        160
2267125000,        160
2267375000,        160
2267625000,        160
2267875000,        160
2268125000,        160
2268375000,        160
2268625000,        160
2268875000,        160
2269125000,        160
2269375000,        160
2269625000,        160
2269875000,        160
2270125000,        160
2270375000,        160
2270625000,        160
2270875000,        160
2271125000,        160
2271375000,        160
2271625000,        160
2271875000,        160
2272125000,        160
2272375000,        160
2272625000,        160
2272875000,        160
2273125000,        160
2273375000,        160
2273625000,        160
2273875000,        160
2274125000,        160
2274375000,        160
2274625000,        160
2274875000,        160
2275125000,        160
2275375000,        160
2275625000,        160
2275875000,        160
2276125000,        160
2276375000,        160
2276625000,        160
2276875000,        160
2277125000,        160
2277375000,        160
2277625000,        160
2277875000,        160
2278125000,        160
2278375000,        160
2278625000,        160
2278875000,        160
2279125000,        160
2279375000,        160
2279625000,        160
2279875000,        160
2280125000,        160
2280375000,        160
2280625000,        160
2280875000,        160
2281125000,        160
2281375000,        160
2281625000,        160
2281875000,        160
2282125000,        160
2282375000,        160
2282625000,        160
2282875000,        160
2283125000,        160
2283375000,        160
2283625000,        160
2283875000,        160
2284125000,        160
2284375000,        160
2284625000,        160
2284875000,        160
2285125000,        160
2285375000,        160
2285625000,        160
2285875000,        160
2286125000,        160
2286375000,        160
2286625000,        160
2286875000,        160
2287125000,        160
2287375000,        160
2287625000,        160
2287875000,        160
2288125000,        160
2288375000,        160
2288625000,        160
2288875000,        160
2289125000,        160
2289375000,        160
2289625000,        160
2289875000,        160
2290125000,        160
2290375000,        160
2290625000,        160
2290875000,        160
2291125000,        160
2291375000,        160
2291625000,        160
2291875000,        160
2292125000,        160
2292375000,        160
2292625000,        160
2292875000,        160
2293125000,        160
2293375000,        160
2293625000,        160
2293875000,        160
2294125000,        160
2294375000,        160
2294625000,        160
2294875000,        160
2295125000,        160
2295375000,        160
2295625000,        160
2295875000,        160
2296125000,        160
2296375000,        160
2296625000,        160
2296875000,        160
2297125000,        160
2297375000,        160
2297625000,        160
2297875000,        160
2298125000,        160
2298375000,        160
2298625000,        160
2298875000,        160
2299125000,        160
2299375000,        160
2299625000,        160
2299875000,        160
2300125000,        160
2300375000,        160
2300625000,        160
2300875000,        160
2301125000,        160
2301375000,        160
2301625000,        160
2301875000,        160
2302125000,        160
2302375000,        160
2302625000,        160
2302875000,        160
2303125000,        160
2303375000,        160
2303625000,        160
2303875000,        160
2304125000,        160
2304375000,        160
2304625000,        160
2304875000,        160
2305125000,        160
2305375000,        160
2305625000,        160
2305875000,        160
2306125000,        160
2306375000,        160
2306625000,        160
2306875000,        160
2307125000,        160
2307375000,        160
2307625000,        160
2307875000,        160
2308125000,        160
2308375000,        160
2308625000,        160
2308875000,        160
2309125000,        160
2309375000,        160
2309625000,        160
2309875000,        160
2310125000,        160
2310375000,        160
2310625000,        160
2310875000,        160
2311125000,        160
2311375000,        160
2311625000,        160
2311875000,        160
2312125000,        160
2312375000,        160
2312625000,        160
2312875000,        160
2313125000,        160
2313375000,        160
2313625000,        160
2313875000,        160
2314125000,        160
2314375000,        160
2314625000,        160
2314875000,        160
2315125000,        160
2315375000,        160
2315625000,        160
2315875000,        160
2316125000,        160
2316375000,        160
2316625000,        160
2316875000,        160
2317125000,        160
2317375000,        160
2317625000,        160
2317875000,        160
2318125000,        160
2318375000,        160
2318625000,        160
2318875000,        160
2319125000,        160
2319375000,        160
2319625000,        160
2319875000,        160
2320125000,        160
2320375000,        160
2320625000,        160
2320875000,        160
2321125000,        160
2321375000,        160
2321625000,        160
2321875000,        160
2322125000,        160
2322375000,        160
2322625000,        160
2322875000,        160
2323125000,        160
2323375000,        160
2323625000,        160
2323875000,        160
2324125000,        160
2324375000,        160
2324625000,        160
2324875000,        160
2325125000,        160
2325375000,        160
2325625000,        160
2325875000,        160
2326125000,        160
2326375000,        160
2326625000,        160
2326875000,        160
2327125000,        160
2327375000,        160
2327625000,        160
2327875000,        160
2328125000,        160
2328375000,        160
2328625000,        160
2328875000,        160
2329125000,        160
2329375000,        160
2329625000,        160
2329875000,        160
2330125000,        160
2330375000,        160
2330625000,        160
2330875000,        160
2331125000,        160
2331375000,        160
2331625000,        160
2331875000,        160
2332125000,        160
2332375000,        160
2332625000,        160
2332875000,        160
2333125000,        160
2333375000,        160
2333625000,        160
2333875000,        160
2334125000,        160
2334375000,        160
2334625000,        160
2334875000,        160
2335125000,        160
2335375000,        160
2335625000,        160
2335875000,        160
2336125000,        160
2336375000,        160
2336625000,        160
2336875000,        160
2337125000,        160
2337375000,        160
2337625000,        160
2337875000,        160
2338125000,        160
2338375000,        160
2338625000,        160
2338875000,        160
2339125000,        160
2339375000,        160
2339625000,        160
2339875000,        160
2340125000,        160
2340375000,        160
2340625000,        160
2340875000,        160
2341125000,        160
2341375000,        160
2341625000,        160
2341875000,        160
2342125000,        160
2342375000,        160
2342625000,        160
2342875000,        160
2343125000,        160
2343375000,        160
2343625000,        160
2343875000,        160
2344125000,        160
2344375000,        160
2344625000,        160
2344875000,        160
2345125000,        160
2345375000,        160
2345625000,        160
2345875000,        160
2346125000,        160
2346375000,        160
2346625000,        160
2346875000,        160
2347125000,        160
2347375000,        160
2347625000,        160
2347875000,        160
2348125000,        160
2348375000,        160
2348625000,        160
2348875000,        160
2349125000,        160
2349375000,        160
2349625000,        160
2349875000,        160
2350125000,        160
2350375000,        160
2350625000,        160
2350875000,        160
2351125000,        160
2351375000,        160
2351625000,        160
2351875000,        160
2352125000,        160
2352375000,        160
2352625000,        160
2352875000,        160
2353125000,        160
2353375000,        160
2353625000,        160
2353875000,        160
2354125000,        160
2354375000,        160
2354625000,        160
2354875000,        160
2355125000,        160
2355375000,        160
2355625000,        160
2355875000,        160
2356125000,        160
2356375000,        160
2356625000,        160
2356875000,        160
2357125000,        160
2357375000,        160
2357625000,        160
2357875000,        160
2358125000,        160
2358375000,        160
2358625000,        160
2358875000,        160
2359125000,        160
2359375000,        160
2359625000,        160
2359875000,        160
2360125000,        160
2360375000,        160
2360625000,        160
2360875000,        160
2361125000,        160
2361375000,        160
2361625000,        160
2361875000,        160
2362125000,        160
2362375000,        160
2362625000,        160
2362875000,        160
2363125000,        160
2363375000,        160
2363625000,        160
2363875000,        160
2364125000,        160
2364375000,        160
2364625000,        160
2364875000,        160
2365125000,        160
2365375000,        160
2365625000,        160
2365875000,        160
2366125000,        160
2366375000,        160
2366625000,        160
2366875000,        160
2367125000,        160
2367375000,        160
2367625000,        160
2367875000,        160
2368125000,        160
2368375000,        160
2368625000,        160
2368875000,        160
2369125000,        160
2369375000,        160
2369625000,        160
2369875000,        160
2370125000,        160
2370375000,        160
2370625000,        160
2370875000,        160
2371125000,        160
2371375000,        160
2371625000,        160
2371875000,        160
2372125000,        160
2372375000,        160
2372625000,        160
2372875000,        160
2373125000,        160
2373375000,        160
2373625000,        160
2373875000,        160
2374125000,        160
2374375000,        160
2374625000,        160
2374875000,        160
2375125000,        160
2375375000,        160
2375625000,        160
2375875000,        160
2376125000,        160
2376375000,        160
2376625000,        160
2376875000,        160
2377125000,        160
2377375000,        160
2377625000,        160
2377875000,        160
2378125000,        160
2378375000,        160
2378625000,        160
2378875000,        160
2379125000,        160
2379375000,        160
2379625000,        160
2379875000,        160
2380125000,        160
2380375000,        160
2380625000,        160
2380875000,        160
2381125000,        160
2381375000,        160
2381625000,        160
2381875000,        160
2382125000,        160
2382375000,        160
2382625000,        160
2382875000,        160
2383125000,        160
2383375000,        160
2383625000,        160
2383875000,        160
2384125000,        160
2384375000,        160
2384625000,        160
2384875000,        160
2385125000,        160
2385375000,        160
2385625000,        160
2385875000,        160
2386125000,        160
2386375000,        160
2386625000,        160
2386875000,        160
2387125000,        160
2387375000,        160
2387625000,        160
2387875000,        160
2388125000,        160
2388375000,        160
2388625000,        160
2388875000,        160
2389125000,        160
2389375000,        160
2389625000,        160
2389875000,        160
2390125000,        160
2390375000,        160
2390625000,        160
2390875000,        160
2391125000,        160
2391375000,        160
2391625000,        160
2391875000,        160
2392125000,        160
2392375000,        160
2392625000,        160
2392875000,        160
2393125000,        160
2393375000,        160
2393625000,        160
2393875000,        160
2394125000,        160
2394375000,        160
2394625000,        160
2394875000,        160
2395125000,        160
2395375000,        160
2395625000,        160
2395875000,        160
2396125000,        160
2396375000,        160
2396625000,        160
2396875000,        160
2397125000,        160
2397375000,        160
2397625000,        160
2397875000,        160
2398125000,        160
2398375000,        160
2398625000,        160
2398875000,        160
2399125000,        160
2399375000,        160
2399625000,        160
2399875000,        160
2400125000,        160
2400375000,        160
2400625000,        160
2400875000,        160
2401125000,        160
2401375000,        160
2401625000,        160
2401875000,        160
2402125000,        160
2402375000,        160
2402625000,        160
2402875000,        160
2403125000,        160
2403375000,        160
2403625000,        160
2403875000,        160
2404125000,        160
2404375000,        160
2404625000,        160
2404875000,        160
2405125000,        160
2405375000,        160
2405625000,        160
2405875000,        160
2406125000,        160
2406375000,        160
2406625000,        160
2406875000,        160
2407125000,        160
2407375000,        160
2407625000,        160
2407875000,        160
2408125000,        160
2408375000,        160
2408625000,        160
2408875000,        160
2409125000,        160
2409375000,        160
2409625000,        160
2409875000,        160
2410125000,        160
2410375000,        160
2410625000,        160
2410875000,        160
2411125000,        160
2411375000,        160
2411625000,        160
2411875000,        160
2412125000,        160
2412375000,        160
2412625000,        160
2412875000,        160
2413125000,        160
2413375000,        160
2413625000,        160
2413875000,        160
2414125000,        160
2414375000,        160
2414625000,        160
2414875000,        160
2415125000,        160
2415375000,        160
2415625000,        160
2415875000,        160
2416125000,        160
2416375000,        160
2416625000,        160
2416875000,        160
2417125000,        160
2417375000,        160
2417625000,        160
2417875000,        160
2418125000,        160
2418375000,        160
2418625000,        160
2418875000,        160
2419125000,        160
2419375000,        160
2419625000,        160
2419875000,        160
2420125000,        160
2420375000,        160
2420625000,        160
2420875000,        160
2421125000,        160
2421375000,        160
2421625000,        160
2421875000,        160
2422125000,        160
2422375000,        160
2422625000,        160
2422875000,        160
2423125000,        160
2423375000,        160
2423625000,        160
2423875000,        160
2424125000,        160
2424375000,        160
2424625000,        160
2424875000,        160
2425125000,        160
2425375000,        160
2425625000,        160
2425875000,        160
2426125000,        160
2426375000,        160
2426625000,        160
2426875000,        160
2427125000,        160
2427375000,        160
2427625000,        160
2427875000,        160
2428125000,        160
2428375000,        160
2428625000,        160
2428875000,        160
2429125000,        160
2429375000,        160
2429625000,        160
2429875000,        160
2430125000,        160
2430375000,        160
2430625000,        160
2430875000,        160
2431125000,        160
2431375000,        160
2431625000,        160
2431875000,        160
2432125000,        160
2432375000,        160
2432625000,        160
2432875000,        160
2433125000,        160
2433375000,        160
2433625000,        160
2433875000,        160
2434125000,        160
2434375000,        160
2434625000,        160
2434875000,        160
2435125000,        160
2435375000,        160
2435625000,        160
2435875000,        160
2436125000,        160
2436375000,        160
2436625000,        160
2436875000,        160
2437125000,        160
2437375000,        160
2437625000,        160
2437875000,        160
2438125000,        160
2438375000,        160
2438625000,        160
2438875000,        160
2439125000,        160
2439375000,        160
2439625000,        160
2439875000,        160
2440125000,        160
2440375000,        160
2440625000,        160
2440875000,        160
2441125000,        160
2441375000,        160
2441625000,        160
2441875000,        160
2442125000,        160
2442375000,        160
2442625000,        160
2442875000,        160
2443125000,        160
2443375000,        160
2443625000,        160
2443875000,        160
2444125000,        160
2444375000,        160
2444625000,        160
2444875000,        160
2445125000,        160
2445375000,        160
2445625000,        160
2445875000,        160
2446125000,        160
2446375000,        160
2446625000,        160
2446875000,        160
2447125000,        160
2447375000,        160
2447625000,        160
2447875000,        160
2448125000,        160
2448375000,        160
2448625000,        160
2448875000,        160
2449125000,        160
2449375000,        160
2449625000,        160
2449875000,        160
2450125000,        160
2450375000,        160
2450625000,        160
2450875000,        160
2451125000,        160
2451375000,        160
2451625000,        160
2451875000,        160
2452125000,        160
2452375000,        160
2452625000,        160
2452875000,        160
2453125000,        160
2453375000,        160
2453625000,        160
2453875000,        160
2454125000,        160
2454375000,        160
2454625000,        160
2454875000,        160
2455125000,        160
2455375000,        160
2455625000,        160
2455875000,        160
2456125000,        160
2456375000,        160
2456625000,        160
2456875000,        160
2457125000,        160
2457375000,        160
2457625000,        160
2457875000,        160
2458125000,        160
2458375000,        160
2458625000,        160
2458875000,        160
2459125000,        160
2459375000,        160
2459625000,        160
2459875000,        160
2460125000,        160
2460375000,        160
2460625000,        160
2460875000,        160
2461125000,        160
2461375000,        160
2461625000,        160
2461875000,        160
2462125000,        160
2462375000,        160
2462625000,        160
2462875000,        160
2463125000,        160
2463375000,        160
2463625000,        160
2463875000,        160
2464125000,        160
2464375000,        160
2464625000,        160
2464875000,        160
2465125000,        160
2465375000,        160
2465625000,        160
2465875000,        160
2466125000,        160
2466375000,        160
2466625000,        160
2466875000,        160
2467125000,        160
2467375000,        160
2467625000,        160
2467875000,        160
2468125000,        160
2468375000,        160
2468625000,        160
2468875000,        160
2469125000,        160
2469375000,        160
2469625000,        160
2469875000,        160
2470125000,        160
2470375000,        160
2470625000,        160
2470875000,        160
2471125000,        160
2471375000,        160
2471625000,        160
2471875000,        160
2472125000,        160
2472375000,        160
2472625000,        160
2472875000,        160
2473125000,        160
2473375000,        160
2473625000,        160
2473875000,        160
2474125000,        160
2474375000,        160
2474625000,        160
2474875000,        160
2475125000,        160
2475375000,        160
2475625000,        160
2475875000,        160
2476125000,        160
2476375000,        160
2476625000,        160
2476875000,        160
2477125000,        160
2477375000,        160
2477625000,        160
2477875000,        160
2478125000,        160
2478375000,        160
2478625000,        160
2478875000,        160
2479125000,        160
2479375000,        160
2479625000,        160
2479875000,        160
2480125000,        160
2480375000,        160
2480625000,        160
2480875000,        160
2481125000,        160
2481375000,        160
2481625000,        160
2481875000,        160
2482125000,        160
2482375000,        160
2482625000,        160
2482875000,        160
2483125000,        160
2483375000,        160
2483625000,        160
2483875000,        160
2484125000,        160
2484375000,        160
2484625000,        160
2484875000,        160
2485125000,        160
2485375000,        160
2485625000,        160
2485875000,        160
2486125000,        160
2486375000,        160
2486625000,        160
2486875000,        160
2487125000,        160
2487375000,        160
2487625000,        160
2487875000,        160
2488125000,        160
2488375000,        160
2488625000,        160
2488875000,        160
2489125000,        160
2489375000,        160
2489625000,        160
2489875000,        160
2490125000,        160
2490375000,        160
2490625000,        160
2490875000,        160
2491125000,        160
2491375000,        160
2491625000,        160
2491875000,        160
2492125000,        160
2492375000,        160
2492625000,        160
2492875000,        160
2493125000,        160
2493375000,        160
2493625000,        160
2493875000,        160
2494125000,        160
2494375000,        160
2494625000,        160
2494875000,        160
2495125000,        160
2495375000,        160
2495625000,        160
2495875000,        160
2496125000,        160
2496375000,        160
2496625000,        160
2496875000,        160
2497125000,        160
2497375000,        160
2497625000,        160
2497875000,        160
2498125000,        160
2498375000,        160
2498625000,        160
2498875000,        160
2499125000,        160
2499375000,        160
2499625000,        160
2499875000,        160
2500125000,        160
2500375000,        160
2500625000,        160
2500875000,        160
2501125000,        160
2501375000,        160
2501625000,        160
2501875000,        160
2502125000,        160
2502375000,        160
2502625000,        160
2502875000,        160
2503125000,        160
2503375000,        160
2503625000,        160
2503875000,        160
2504125000,        160
2504375000,        160
2504625000,        160
2504875000,        160
2505125000,        160
2505375000,        160
2505625000,        160
2505875000,        160
2506125000,        160
2506375000,        160
2506625000,        160
2506875000,        160
2507125000,        160
2507375000,        160
2507625000,        160
2507875000,        160
2508125000,        160
2508375000,        160
2508625000,        160
2508875000,        160
2509125000,        160
2509375000,        160
2509625000,        160
2509875000,        160
2510125000,        160
2510375000,        160
2510625000,        160
2510875000,        160
2511125000,        160
2511375000,        160
2511625000,        160
2511875000,        160
2512125000,        160
2512375000,        160
2512625000,        160
2512875000,        160
2513125000,        160
2513375000,        160
2513625000,        160
2513875000,        160
2514125000,        160
2514375000,        160
2514625000,        160
2514875000,        160
2515125000,        160
2515375000,        160
2515625000,        160
2515875000,        160
2516125000,        160
2516375000,        160
2516625000,        160
2516875000,        160
2517125000,        160
2517375000,        160
2517625000,        160
2517875000,        160
2518125000,        160
2518375000,        160
2518625000,        160
2518875000,        160
2519125000,        160
2519375000,        160
2519625000,        160
2519875000,        160
2520125000,        160
2520375000,        160
2520625000,        160
2520875000,        160
2521125000,        160
2521375000,        160
2521625000,        160
2521875000,        160
2522125000,        160
2522375000,        160
2522625000,        160
2522875000,        160
2523125000,        160
2523375000,        160
2523625000,        160
2523875000,        160
2524125000,        160
2524375000,        160
2524625000,        160
2524875000,        160
2525125000,        160
2525375000,        160
2525625000,        160
2525875000,        160
2526125000,        160
2526375000,        160
2526625000,        160
2526875000,        160
2527125000,        160
2527375000,        160
2527625000,        160
2527875000,        160
2528125000,        160
2528375000,        160
2528625000,        160
2528875000,        160
2529125000,        160
2529375000,        160
2529625000,        160
2529875000,        160
2530125000,        160
2530375000,        160
2530625000,        160
2530875000,        160
2531125000,        160
2531375000,        160
2531625000,        160
2531875000,        160
2532125000,        160
2532375000,        160
2532625000,        160
2532875000,        160
2533125000,        160
2533375000,        160
2533625000,        160
2533875000,        160
2534125000,        160
2534375000,        160
2534625000,        160
2534875000,        160
2535125000,        160
2535375000,        160
2535625000,        160
2535875000,        160
2536125000,        160
2536375000,        160
2536625000,        160
2536875000,        160
2537125000,        160
2537375000,        160
2537625000,        160
2537875000,        160
2538125000,        160
2538375000,        160
2538625000,        160
2538875000,        160
2539125000,        160
2539375000,        160
2539625000,        160
2539875000,        160
2540125000,        160
2540375000,        160
2540625000,        160
2540875000,        160
2541125000,        160
2541375000,        160
2541625000,        160
2541875000,        160
2542125000,        160
2542375000,        160
2542625000,        160
2542875000,        160
2543125000,        160
2543375000,        160
2543625000,        160
2543875000,        160
2544125000,        160
2544375000,        160
2544625000,        160
2544875000,        160
2545125000,        160
2545375000,        160
2545625000,        160
2545875000,        160
2546125000,        160
2546375000,        160
2546625000,        160
2546875000,        160
2547125000,        160
2547375000,        160
2547625000,        160
2547875000,        160
2548125000,        160
2548375000,        160
2548625000,        160
2548875000,        160
2549125000,        160
2549375000,        160
2549625000,        160
2549875000,        160
2550125000,        160
2550375000,        160
2550625000,        160
2550875000,        160
2551125000,        160
2551375000,        160
2551625000,        160
2551875000,        160
2552125000,        160
2552375000,        160
2552625000,        160
2552875000,        160
2553125000,        160
2553375000,        160
2553625000,        160
2553875000,        160
2554125000,        160
2554375000,        160
2554625000,        160
2554875000,        160
2555125000,        160
2555375000,        160
2555625000,        160
2555875000,        160
2556125000,        160
2556375000,        160
2556625000,        160
2556875000,        160
2557125000,        160
2557375000,        160
2557625000,        160
2557875000,        160
2558125000,        160
2558375000,        160
2558625000,        160
2558875000,        160
2559125000,        160
2559375000,        160
2559625000,        160
2559875000,        160
2560125000,        160
2560375000,        160
2560625000,        160
2560875000,        160
2561125000,        160
2561375000,        160
2561625000,        160
2561875000,        160
2562125000,        160
2562375000,        160
2562625000,        160
2562875000,        160
2563125000,        160
2563375000,        160
2563625000,        160
2563875000,        160
2564125000,        160
2564375000,        160
2564625000,        160
2564875000,        160
2565125000,        160
2565375000,        160
2565625000,        160
2565875000,        160
2566125000,        160
2566375000,        160
2566625000,        160
2566875000,        160
2567125000,        160
2567375000,        160
2567625000,        160
2567875000,        160
2568125000,        160
2568375000,        160
2568625000,        160
2568875000,        160
2569125000,        160
2569375000,        160
2569625000,        160
2569875000,        160
2570125000,        160
2570375000,        160
2570625000,        160
2570875000,        160
2571125000,        160
2571375000,        160
2571625000,        160
2571875000,        160
2572125000,        160
2572375000,        160
2572625000,        160
2572875000,        160
2573125000,        160
2573375000,        160
2573625000,        160
2573875000,        160
2574125000,        160
2574375000,        160
2574625000,        160
2574875000,        160
2575125000,        160
2575375000,        160
2575625000,        160
2575875000,        160
2576125000,        160
2576375000,        160
2576625000,        160
2576875000,        160
2577125000,        160
2577375000,        160
2577625000,        160
2577875000,        160
2578125000,        160
2578375000,        160
2578625000,        160
2578875000,        160
2579125000,        160
2579375000,        160
2579625000,        160
2579875000,        160
2580125000,        160
2580375000,        160
2580625000,        160
2580875000,        160
2581125000,        160
2581375000,        160
2581625000,        160
2581875000,        160
2582125000,        160
2582375000,        160
2582625000,        160
2582875000,        160
2583125000,        160
2583375000,        160
2583625000,        160
2583875000,        160
2584125000,        160
2584375000,        160
2584625000,        160
2584875000,        160
2585125000,        160
2585375000,        160
2585625000,        160
2585875000,        160
2586125000,        160
2586375000,        160
2586625000,        160
2586875000,        160
2587125000,        160
2587375000,        160
2587625000,        160
2587875000,        160
2588125000,        160
2588375000,        160
2588625000,        160
2588875000,        160
2589125000,        160
2589375000,        160
2589625000,        160
2589875000,        160
2590125000,        160
2590375000,        160
2590625000,        160
2590875000,        160
2591125000,        160
2591375000,        160
2591625000,        160
2591875000,        160
2592125000,        160
2592375000,        160
2592625000,        160
2592875000,        160
2593125000,        160
2593375000,        160
2593625000,        160
2593875000,        160
2594125000,        160
2594375000,        160
2594625000,        160
2594875000,        160
2595125000,        160
2595375000,        160
2595625000,        160
2595875000,        160
2596125000,        160
2596375000,        160
2596625000,        160
2596875000,        160
2597125000,        160
2597375000,        160
2597625000,        160
2597875000,        160
2598125000,        160
2598375000,        160
2598625000,        160
2598875000,        160
2599125000,        160
2599375000,        160
2599625000,        160
2599875000,        160
2600125000,        160
2600375000,        160
2600625000,        160
2600875000,        160
2601125000,        160
2601375000,        160
2601625000,        160
2601875000,        160
2602125000,        160
2602375000,        160
2602625000,        160
2602875000,        160
2603125000,        160
2603375000,        160
2603625000,        160
2603875000,        160
2604125000,        160
2604375000,        160
2604625000,        160
2604875000,        160
2605125000,        160
2605375000,        160
2605625000,        160
2605875000,        160
2606125000,        160
2606375000,        160
2606625000,        160
2606875000,        160
2607125000,        160
2607375000,        160
2607625000,        160
2607875000,        160
2608125000,        160
2608375000,        160
2608625000,        160
2608875000,        160
2609125000,        160
2609375000,        160
2609625000,        160
2609875000,        160
2610125000,        160
2610375000,        160
2610625000,        160
2610875000,        160
2611125000,        160
2611375000,        160
2611625000,        160
2611875000,        160
2612125000,        160
2612375000,        160
2612625000,        160
2612875000,        160
2613125000,        160
2613375000,        160
2613625000,        160
2613875000,        160
2614125000,        160
2614375000,        160
2614625000,        160
2614875000,        160
2615125000,        160
2615375000,        160
2615625000,        160
2615875000,        160
2616125000,        160
2616375000,        160
2616625000,        160
2616875000,        160
2617125000,        160
2617375000,        160
2617625000,        160
2617875000,        160
2618125000,        160
2618375000,        160
2618625000,        160
2618875000,        160
2619125000,        160
2619375000,        160
2619625000,        160
2619875000,        160
2620125000,        160
2620375000,        160
2620625000,        160
2620875000,        160
2621125000,        160
2621375000,        160
2621625000,        160
2621875000,        160
2622125000,        160
2622375000,        160
2622625000,        160
2622875000,        160
2623125000,        160
2623375000,        160
2623625000,        160
2623875000,        160
2624125000,        160
2624375000,        160
2624625000,        160
2624875000,        160
2625125000,        160
2625375000,        160
2625625000,        160
2625875000,        160
2626125000,        160
2626375000,        160
2626625000,        160
2626875000,        160
2627125000,        160
2627375000,        160
2627625000,        160
2627875000,        160
2628125000,        160
2628375000,        160
2628625000,        160
2628875000,        160
2629125000,        160
2629375000,        160
2629625000,        160
2629875000,        160
2630125000,        160
2630375000,        160
2630625000,        160
2630875000,        160
2631125000,        160
2631375000,        160
2631625000,        160
2631875000,        160
2632125000,        160
2632375000,        160
2632625000,        160
2632875000,        160
2633125000,        160
2633375000,        160
2633625000,        160
2633875000,        160
2634125000,        160
2634375000,        160
2634625000,        160
2634875000,        160
2635125000,        160
2635375000,        160
2635625000,        160
2635875000,        160
2636125000,        160
2636375000,        160
2636625000,        160
2636875000,        160
2637125000,        160
2637375000,        160
2637625000,        160
2637875000,        160
2638125000,        160
2638375000,        160
2638625000,        160
2638875000,        160
2639125000,        160
2639375000,        160
2639625000,        160
2639875000,        160
2640125000,        160
2640375000,        160
2640625000,        160
2640875000,        160
2641125000,        160
2641375000,        160
2641625000,        160
2641875000,        160
2642125000,        160
2642375000,        160
2642625000,        160
2642875000,        160
2643125000,        160
2643375000,        160
2643625000,        160
2643875000,        160
2644125000,        160
2644375000,        160
2644625000,        160
2644875000,        160
2645125000,        160
2645375000,        160
2645625000,        160
2645875000,        160
2646125000,        160
2646375000,        160
2646625000,        160
2646875000,        160
2647125000,        160
2647375000,        160
2647625000,        160
2647875000,        160
2648125000,        160
2648375000,        160
2648625000,        160
2648875000,        160
2649125000,        160
2649375000,        160
2649625000,        160
2649875000,        160
2650125000,        160
2650375000,        160
2650625000,        160
2650875000,        160
2651125000,        160
2651375000,        160
2651625000,        160
2651875000,        160
2652125000,        160
2652375000,        160
2652625000,        160
2652875000,        160
2653125000,        160
2653375000,        160
2653625000,        160
2653875000,        160
2654125000,        160
2654375000,        160
2654625000,        160
2654875000,        160
2655125000,        160
2655375000,        160
2655625000,        160
2655875000,        160
2656125000,        160
2656375000,        160
2656625000,        160
2656875000,        160
2657125000,        160
2657375000,        160
2657625000,        160
2657875000,        160
2658125000,        160
2658375000,        160
2658625000,        160
2658875000,        160
2659125000,        160
2659375000,        160
2659625000,        160
2659875000,        160
2660125000,        160
2660375000,        160
2660625000,        160
2660875000,        160
2661125000,        160
2661375000,        160
2661625000,        160
2661875000,        160
2662125000,        160
2662375000,        160
2662625000,        160
2662875000,        160
2663125000,        160
2663375000,        160
2663625000,        160
2663875000,        160
2664125000,        160
2664375000,        160
2664625000,        160
2664875000,        160
2665125000,        160
2665375000,        160
2665625000,        160
2665875000,        160
2666125000,        160
2666375000,        160
2666625000,        160
2666875000,        160
2667125000,        160
2667375000,        160
2667625000,        160
2667875000,        160
2668125000,        160
2668375000,        160
2668625000,        160
2668875000,        160
2669125000,        160
2669375000,        160
2669625000,        160
2669875000,        160
2670125000,        160
2670375000,        160
2670625000,        160
2670875000,        160
2671125000,        160
2671375000,        160
2671625000,        160
2671875000,        160
2672125000,        160
2672375000,        160
2672625000,        160
2672875000,        160
2673125000,        160
2673375000,        160
2673625000,        160
2673875000,        160
2674125000,        160
2674375000,        160
2674625000,        160
2674875000,        160
2675125000,        160
2675375000,        160
2675625000,        160
2675875000,        160
2676125000,        160
2676375000,        160
2676625000,        160
2676875000,        160
2677125000,        160
2677375000,        160
2677625000,        160
2677875000,        160
2678125000,        160
2678375000,        160
2678625000,        160
2678875000,        160
2679125000,        160
2679375000,        160
2679625000,        160
2679875000,        160
2680125000,        160
2680375000,        160
2680625000,        160
2680875000,        160
2681125000,        160
2681375000,        160
2681625000,        160
2681875000,        160
2682125000,        160
2682375000,        160
2682625000,        160
2682875000,        160
2683125000,        160
2683375000,        160
2683625000,        160
2683875000,        160
2684125000,        160
2684375000,        160
2684625000,        160
2684875000,        160
2685125000,        160
2685375000,        160
2685625000,        160
2685875000,        160
2686125000,        160
2686375000,        160
2686625000,        160
2686875000,        160
2687125000,        160
2687375000,        160
2687625000,        160
2687875000,        160
2688125000,        160
2688375000,        160
2688625000,        160
2688875000,        160
2689125000,        160
2689375000,        160
2689625000,        160
2689875000,        160
2690125000,        160
2690375000,        160
2690625000,        160
2690875000,        160
2691125000,        160
2691375000,        160
2691625000,        160
2691875000,        160
2692125000,        160
2692375000,        160
2692625000,        160
2692875000,        160
2693125000,        160
2693375000,        160
2693625000,        160
2693875000,        160
2694125000,        160
2694375000,        160
2694625000,        160
2694875000,        160
2695125000,        160
2695375000,        160
2695625000,        160
2695875000,        160
2696125000,        160
2696375000,        160
2696625000,        160
2696875000,        160
2697125000,        160
2697375000,        160
2697625000,        160
2697875000,        160
2698125000,        160
2698375000,        160
2698625000,        160
2698875000,        160
2699125000,        160
2699375000,        160
2699625000,        160
2699875000,        160
2700125000,        160
2700375000,        160
2700625000,        160
2700875000,        160
2701125000,        160
2701375000,        160
2701625000,        160
2701875000,        160
2702125000,        160
2702375000,        160
2702625000,        160
2702875000,        160
2703125000,        160
2703375000,        160
2703625000,        160
2703875000,        160
2704125000,        160
2704375000,        160
2704625000,        160
2704875000,        160
2705125000,        160
2705375000,        160
2705625000,        160
2705875000,        160
2706125000,        160
2706375000,        160
2706625000,        160
2706875000,        160
2707125000,        160
2707375000,        160
2707625000,        160
2707875000,        160
2708125000,        160
2708375000,        160
2708625000,        160
2708875000,        160
2709125000,        160
2709375000,        160
2709625000,        160
2709875000,        160
2710125000,        160
2710375000,        160
2710625000,        160
2710875000,        160
2711125000,        160
2711375000,        160
2711625000,        160
2711875000,        160
2712125000,        160
2712375000,        160
2712625000,        160
2712875000,        160
2713125000,        160
2713375000,        160
2713625000,        160
2713875000,        160
2714125000,        160
2714375000,        160
2714625000,        160
2714875000,        160
2715125000,        160
2715375000,        160
2715625000,        160
2715875000,        160
2716125000,        160
2716375000,        160
2716625000,        160
2716875000,        160
2717125000,        160
2717375000,        160
2717625000,        160
2717875000,        160
2718125000,        160
2718375000,        160
2718625000,        160
2718875000,        160
2719125000,        160
2719375000,        160
2719625000,        160
2719875000,        160
2720125000,        160
2720375000,        160
2720625000,        160
2720875000,        160
2721125000,        160
2721375000,        160
2721625000,        160
2721875000,        160
2722125000,        160
2722375000,        160
2722625000,        160
2722875000,        160
2723125000,        160
2723375000,        160
2723625000,        160
2723875000,        160
2724125000,        160
2724375000,        160
2724625000,        160
2724875000,        160
2725125000,        160
2725375000,        160
2725625000,        160
2725875000,        160
2726125000,        160
2726375000,        160
2726625000,        160
2726875000,        160
2727125000,        160
2727375000,        160
2727625000,        160
2727875000,        160
2728125000,        160
2728375000,        160
2728625000,        160
2728875000,        160
2729125000,        160
2729375000,        160
2729625000,        160
2729875000,        160
2730125000,        160
2730375000,        160
2730625000,        160
2730875000,        160
2731125000,        160
2731375000,        160
2731625000,        160
2731875000,        160
2732125000,        160
2732375000,        160
2732625000,        160
2732875000,        160
2733125000,        160
2733375000,        160
2733625000,        160
2733875000,        160
2734125000,        160
2734375000,        160
2734625000,        160
2734875000,        160
2735125000,        160
2735375000,        160
2735625000,        160
2735875000,        160
2736125000,        160
2736375000,        160
2736625000,        160
2736875000,        160
2737125000,        160
2737375000,        160
2737625000,        160
2737875000,        160
2738125000,        160
2738375000,        160
2738625000,        160
2738875000,        160
2739125000,        160
2739375000,        160
2739625000,        160
2739875000,        160
2740125000,        160
2740375000,        160
2740625000,        160
2740875000,        160
2741125000,        160
2741375000,        160
2741625000,        160
2741875000,        160
2742125000,        160
2742375000,        160
2742625000,        160
2742875000,        160
2743125000,        160
2743375000,        160
2743625000,        160
2743875000,        160
2744125000,        160
2744375000,        160
2744625000,        160
2744875000,        160
2745125000,        160
2745375000,        160
2745625000,        160
2745875000,        160
2746125000,        160
2746375000,        160
2746625000,        160
2746875000,        160
2747125000,        160
2747375000,        160
2747625000,        160
2747875000,        160
2748125000,        160
2748375000,        160
2748625000,        160
2748875000,        160
2749125000,        160
2749375000,        160
2749625000,        160
2749875000,        160
2750125000,        160
2750375000,        160
2750625000,        160
2750875000,        160
2751125000,        160
2751375000,        160
2751625000,        160
2751875000,        160
2752125000,        160
2752375000,        160
2752625000,        160
2752875000,        160
2753125000,        160
2753375000,        160
2753625000,        160
2753875000,        160
2754125000,        160
2754375000,        160
2754625000,        160
2754875000,        160
2755125000,        160
2755375000,        160
2755625000,        160
2755875000,        160
2756125000,        160
2756375000,        160
2756625000,        160
2756875000,        160
2757125000,        160
2757375000,        160
2757625000,        160
2757875000,        160
2758125000,        160
2758375000,        160
2758625000,        160
2758875000,        160
2759125000,        160
2759375000,        160
2759625000,        160
2759875000,        160
2760125000,        160
2760375000,        160
2760625000,        160
2760875000,        160
2761125000,        160
2761375000,        160
2761625000,        160
2761875000,        160
2762125000,        160
2762375000,        160
2762625000,        160
2762875000,        160
2763125000,        160
2763375000,        160
2763625000,        160
2763875000,        160
2764125000,        160
2764375000,        160
2764625000,        160
2764875000,        160
2765125000,        160
2765375000,        160
2765625000,        160
2765875000,        160
2766125000,        160
2766375000,        160
2766625000,        160
2766875000,        160
2767125000,        160
2767375000,        160
2767625000,        160
2767875000,        160
2768125000,        160
2768375000,        160
2768625000,        160
2768875000,        160
2769125000,        160
2769375000,        160
2769625000,        160
2769875000,        160
2770125000,        160
2770375000,        160
2770625000,        160
2770875000,        160
2771125000,        160
2771375000,        160
2771625000,        160
2771875000,        160
2772125000,        160
2772375000,        160
2772625000,        160
2772875000,        160
2773125000,        160
2773375000,        160
2773625000,        160
2773875000,        160
2774125000,        160
2774375000,        160
2774625000,        160
2774875000,        160
2775125000,        160
2775375000,        160
2775625000,        160
2775875000,        160
2776125000,        160
2776375000,        160
2776625000,        160
2776875000,        160
2777125000,        160
2777375000,        160
2777625000,        160
2777875000,        160
2778125000,        160
2778375000,        160
2778625000,        160
2778875000,        160
2779125000,        160
2779375000,        160
2779625000,        160
2779875000,        160
2780125000,        160
2780375000,        160
2780625000,        160
2780875000,        160
2781125000,        160
2781375000,        160
2781625000,        160
2781875000,        160
2782125000,        160
2782375000,        160
2782625000,        160
2782875000,        160
2783125000,        160
2783375000,        160
2783625000,        160
2783875000,        160
2784125000,        160
2784375000,        160
2784625000,        160
2784875000,        160
2785125000,        160
2785375000,        160
2785625000,        160
2785875000,        160
2786125000,        160
2786375000,        160
2786625000,        160
2786875000,        160
2787125000,        160
2787375000,        160
2787625000,        160
2787875000,        160
2788125000,        160
2788375000,        160
2788625000,        160
2788875000,        160
2789125000,        160
2789375000,        160
2789625000,        160
2789875000,        160
2790125000,        160
2790375000,        160
2790625000,        160
2790875000,        160
2791125000,        160
2791375000,        160
2791625000,        160
2791875000,        160
2792125000,        160
2792375000,        160
2792625000,        160
2792875000,        160
2793125000,        160
2793375000,        160
2793625000,        160
2793875000,        160
2794125000,        160
2794375000,        160
2794625000,        160
2794875000,        160
2795125000,        160
2795375000,        160
2795625000,        160
2795875000,        160
2796125000,        160
2796375000,        160
2796625000,        160
2796875000,        160
2797125000,        160
2797375000,        160
2797625000,        160
2797875000,        160
2798125000,        160
2798375000,        160
2798625000,        160
2798875000,        160
2799125000,        160
2799375000,        160
2799625000,        160
2799875000,        160
2800125000,        160
2800375000,        160
2800625000,        160
2800875000,        160
2801125000,        160
2801375000,        160
2801625000,        160
2801875000,        160
2802125000,        160
2802375000,        160
2802625000,        160
2802875000,        160
2803125000,        160
2803375000,        160
2803625000,        160
2803875000,        160
2804125000,        160
2804375000,        160
2804625000,        160
2804875000,        160
2805125000,        160
2805375000,        160
2805625000,        160
2805875000,        160
2806125000,        160
2806375000,        160
2806625000,        160
2806875000,        160
2807125000,        160
2807375000,        160
2807625000,        160
2807875000,        160
2808125000,        160
2808375000,        160
2808625000,        160
2808875000,        160
2809125000,        160
2809375000,        160
2809625000,        160
2809875000,        160
2810125000,        160
2810375000,        160
2810625000,        160
2810875000,        160
2811125000,        160
2811375000,        160
2811625000,        160
2811875000,        160
2812125000,        160
2812375000,        160
2812625000,        160
2812875000,        160
2813125000,        160
2813375000,        160
2813625000,        160
2813875000,        160
2814125000,        160
2814375000,        160
2814625000,        160
2814875000,        160
2815125000,        160
2815375000,        160
2815625000,        160
2815875000,        160
2816125000,        160
2816375000,        160
2816625000,        160
2816875000,        160
2817125000,        160
2817375000,        160
2817625000,        160
2817875000,        160
2818125000,        160
2818375000,        160
2818625000,        160
2818875000,        160
2819125000,        160
2819375000,        160
2819625000,        160
2819875000,        160
2820125000,        160
2820375000,        160
2820625000,        160
2820875000,        160
2821125000,        160
2821375000,        160
2821625000,        160
2821875000,        160
2822125000,        160
2822375000,        160
2822625000,        160
2822875000,        160
2823125000,        160
2823375000,        160
2823625000,        160
2823875000,        160
2824125000,        160
2824375000,        160
2824625000,        160
2824875000,        160
2825125000,        160
2825375000,        160
2825625000,        160
2825875000,        160
2826125000,        160
2826375000,        160
2826625000,        160
2826875000,        160
2827125000,        160
2827375000,        160
2827625000,        160
2827875000,        160
2828125000,        160
2828375000,        160
2828625000,        160
2828875000,        160
2829125000,        160
2829375000,        160
2829625000,        160
2829875000,        160
2830125000,        160
2830375000,        160
2830625000,        160
2830875000,        160
2831125000,        160
2831375000,        160
2831625000,        160
2831875000,        160
2832125000,        160
2832375000,        160
2832625000,        160
2832875000,        160
2833125000,        160
2833375000,        160
2833625000,        160
2833875000,        160
2834125000,        160
2834375000,        160
2834625000,        160
2834875000,        160
2835125000,        160
2835375000,        160
2835625000,        160
2835875000,        160
2836125000,        160
2836375000,        160
2836625000,        160
2836875000,        160
2837125000,        160
2837375000,        160
2837625000,        160
2837875000,        160
2838125000,        160
2838375000,        160
2838625000,        160
2838875000,        160
2839125000,        160
2839375000,        160
2839625000,        160
2839875000,        160
2840125000,        160
2840375000,        160
2840625000,        160
2840875000,        160
2841125000,        160
2841375000,        160
2841625000,        160
2841875000,        160
2842125000,        160
2842375000,        160
2842625000,        160
2842875000,        160
2843125000,        160
2843375000,        160
2843625000,        160
2843875000,        160
2844125000,        160
2844375000,        160
2844625000,        160
2844875000,        160
2845125000,        160
2845375000,        160
2845625000,        160
2845875000,        160
2846125000,        160
2846375000,        160
2846625000,        160
2846875000,        160
2847125000,        160
2847375000,        160
2847625000,        160
2847875000,        160
2848125000,        160
2848375000,        160
2848625000,        160
2848875000,        160
2849125000,        160
2849375000,        160
2849625000,        160
2849875000,        160
2850125000,        160
2850375000,        160
2850625000,        160
2850875000,        160
2851125000,        160
2851375000,        160
2851625000,        160
2851875000,        160
2852125000,        160
2852375000,        160
2852625000,        160
2852875000,        160
2853125000,        160
2853375000,        160
2853625000,        160
2853875000,        160
2854125000,        160
2854375000,        160
2854625000,        160
2854875000,        160
2855125000,        160
2855375000,        160
2855625000,        160
2855875000,        160
2856125000,        160
2856375000,        160
2856625000,        160
2856875000,        160
2857125000,        160
2857375000,        160
2857625000,        160
2857875000,        160
2858125000,        160
2858375000,        160
2858625000,        160
2858875000,        160
2859125000,        160
2859375000,        160
2859625000,        160
2859875000,        160
2860125000,        160
2860375000,        160
2860625000,        160
2860875000,        160
2861125000,        160
2861375000,        160
2861625000,        160
2861875000,        160
2862125000,        160
2862375000,        160
2862625000,        160
2862875000,        160
2863125000,        160
2863375000,        160
2863625000,        160
2863875000,        160
2864125000,        160
2864375000,        160
2864625000,        160
2864875000,        160
2865125000,        160
2865375000,        160
2865625000,        160
2865875000,        160
2866125000,        160
2866375000,        160
2866625000,        160
2866875000,        160
2867125000,        160
2867375000,        160
2867625000,        160
2867875000,        160
2868125000,        160
2868375000,        160
2868625000,        160
2868875000,        160
2869125000,        160
2869375000,        160
2869625000,        160
2869875000,        160
2870125000,        160
2870375000,        160
2870625000,        160
2870875000,        160
2871125000,        160
2871375000,        160
2871625000,        160
2871875000,        160
2872125000,        160
2872375000,        160
2872625000,        160
2872875000,        160
2873125000,        160
2873375000,        160
2873625000,        160
2873875000,        160
2874125000,        160
2874375000,        160
2874625000,        160
2874875000,        160
2875125000,        160
2875375000,        160
2875625000,        160
2875875000,        160
2876125000,        160
2876375000,        160
2876625000,        160
2876875000,        160
2877125000,        160
2877375000,        160
2877625000,        160
2877875000,        160
2878125000,        160
2878375000,        160
2878625000,        160
2878875000,        160
2879125000,        160
2879375000,        160
2879625000,        160
2879875000,        160
2880125000,        160
2880375000,        160
2880625000,        160
2880875000,        160
2881125000,        160
2881375000,        160
2881625000,        160
2881875000,        160
2882125000,        160
2882375000,        160
2882625000,        160
2882875000,        160
2883125000,        160
2883375000,        160
2883625000,        160
2883875000,        160
2884125000,        160
2884375000,        160
2884625000,        160
2884875000,        160
2885125000,        160
2885375000,        160
2885625000,        160
2885875000,        160
2886125000,        160
2886375000,        160
2886625000,        160
2886875000,        160
2887125000,        160
2887375000,        160
2887625000,        160
2887875000,        160
2888125000,        160
2888375000,        160
2888625000,        160
2888875000,        160
2889125000,        160
2889375000,        160
2889625000,        160
2889875000,        160
2890125000,        160
2890375000,        160
2890625000,        160
2890875000,        160
2891125000,        160
2891375000,        160
2891625000,        160
2891875000,        160
2892125000,        160
2892375000,        160
2892625000,        160
2892875000,        160
2893125000,        160
2893375000,        160
2893625000,        160
2893875000,        160
2894125000,        160
2894375000,        160
2894625000,        160
2894875000,        160
2895125000,        160
2895375000,        160
2895625000,        160
2895875000,        160
2896125000,        160
2896375000,        160
2896625000,        160
2896875000,        160
2897125000,        160
2897375000,        160
2897625000,        160
2897875000,        160
2898125000,        160
2898375000,        160
2898625000,        160
2898875000,        160
2899125000,        160
2899375000,        160
2899625000,        160
2899875000,        160
2900125000,        160
2900375000,        160
2900625000,        160
2900875000,        160
2901125000,        160
2901375000,        160
2901625000,        160
2901875000,        160
2902125000,        160
2902375000,        160
2902625000,        160
2902875000,        160
2903125000,        160
2903375000,        160
2903625000,        160
2903875000,        160
2904125000,        160
2904375000,        160
2904625000,        160
2904875000,        160
2905125000,        160
2905375000,        160
2905625000,        160
2905875000,        160
2906125000,        160
2906375000,        160
2906625000,        160
2906875000,        160
2907125000,        160
2907375000,        160
2907625000,        160
2907875000,        160
2908125000,        160
2908375000,        160
2908625000,        160
2908875000,        160
2909125000,        160
2909375000,        160
2909625000,        160
2909875000,        160
2910125000,        160
2910375000,        160
2910625000,        160
2910875000,        160
2911125000,        160
2911375000,        160
2911625000,        160
2911875000,        160
2912125000,        160
2912375000,        160
2912625000,        160
2912875000,        160
2913125000,        160
2913375000,        160
2913625000,        160
2913875000,        160
2914125000,        160
2914375000,        160
2914625000,        160
2914875000,        160
2915125000,        160
2915375000,        160
2915625000,        160
2915875000,        160
2916125000,        160
2916375000,        160
2916625000,        160
2916875000,        160
2917125000,        160
2917375000,        160
2917625000,        160
2917875000,        160
2918125000,        160
2918375000,        160
2918625000,        160
2918875000,        160
2919125000,        160
2919375000,        160
2919625000,        160
2919875000,        160
2920125000,        160
2920375000,        160
2920625000,        160
2920875000,        160
2921125000,        160
2921375000,        160
2921625000,        160
2921875000,        160
2922125000,        160
2922375000,        160
2922625000,        160
2922875000,        160
2923125000,        160
2923375000,        160
2923625000,        160
2923875000,        160
2924125000,        160
2924375000,        160
2924625000,        160
2924875000,        160
2925125000,        160
2925375000,        160
2925625000,        160
2925875000,        160
2926125000,        160
2926375000,        160
2926625000,        160
2926875000,        160
2927125000,        160
2927375000,        160
2927625000,        160
2927875000,        160
2928125000,        160
2928375000,        160
2928625000,        160
2928875000,        160
2929125000,        160
2929375000,        160
2929625000,        160
2929875000,        160
2930125000,        160
2930375000,        160
2930625000,        160
2930875000,        160
2931125000,        160
2931375000,        160
2931625000,        160
2931875000,        160
2932125000,        160
2932375000,        160
2932625000,        160
2932875000,        160
2933125000,        160
2933375000,        160
2933625000,        160
2933875000,        160
2934125000,        160
2934375000,        160
2934625000,        160
2934875000,        160
2935125000,        160
2935375000,        160
2935625000,        160
2935875000,        160
2936125000,        160
2936375000,        160
2936625000,        160
2936875000,        160
2937125000,        160
2937375000,        160
2937625000,        160
2937875000,        160
2938125000,        160
2938375000,        160
2938625000,        160
2938875000,        160
2939125000,        160
2939375000,        160
2939625000,        160
2939875000,        160
2940125000,        160
2940375000,        160
2940625000,        160
2940875000,        160
2941125000,        160
2941375000,        160
2941625000,        160
2941875000,        160
2942125000,        160
2942375000,        160
2942625000,        160
2942875000,        160
2943125000,        160
2943375000,        160
2943625000,        160
2943875000,        160
2944125000,        160
2944375000,        160
2944625000,        160
2944875000,        160
2945125000,        160
2945375000,        160
2945625000,        160
2945875000,        160
2946125000,        160
2946375000,        160
2946625000,        160
2946875000,        160
2947125000,        160
2947375000,        160
2947625000,        160
2947875000,        160
2948125000,        160
2948375000,        160
2948625000,        160
2948875000,        160
2949125000,        160
2949375000,        160
2949625000,        160
2949875000,        160
2950125000,        160
2950375000,        160
2950625000,        160
2950875000,        160
2951125000,        160
2951375000,        160
2951625000,        160
2951875000,        160
2952125000,        160
2952375000,        160
2952625000,        160
2952875000,        160
2953125000,        160
2953375000,        160
2953625000,        160
2953875000,        160
2954125000,        160
2954375000,        160
2954625000,        160
2954875000,        160
2955125000,        160
2955375000,        160
2955625000,        160
2955875000,        160
2956125000,        160
2956375000,        160
2956625000,        160
2956875000,        160
2957125000,        160
2957375000,        160
2957625000,        160
2957875000,        160
2958125000,        160
2958375000,        160
2958625000,        160
2958875000,        160
2959125000,        160
2959375000,        160
2959625000,        160
2959875000,        160
2960125000,        160
2960375000,        160
2960625000,        160
2960875000,        160
2961125000,        160
2961375000,        160
2961625000,        160
2961875000,        160
2962125000,        160
2962375000,        160
2962625000,        160
2962875000,        160
2963125000,        160
2963375000,        160
2963625000,        160
2963875000,        160
2964125000,        160
2964375000,        160
2964625000,        160
2964875000,        160
2965125000,        160
2965375000,        160
2965625000,        160
2965875000,        160
2966125000,        160
2966375000,        160
2966625000,        160
2966875000,        160
2967125000,        160
2967375000,        160
2967625000,        160
2967875000,        160
2968125000,        160
2968375000,        160
2968625000,        160
2968875000,        160
2969125000,        160
2969375000,        160
2969625000,        160
2969875000,        160
2970125000,        160
2970375000,        160
2970625000,        160
2970875000,        160
2971125000,        160
2971375000,        160
2971625000,        160
2971875000,        160
2972125000,        160
2972375000,        160
2972625000,        160
2972875000,        160
2973125000,        160
2973375000,        160
2973625000,        160
2973875000,        160
2974125000,        160
2974375000,        160
2974625000,        160
2974875000,        160
2975125000,        160
2975375000,        160
2975625000,        160
2975875000,        160
2976125000,        160
2976375000,        160
2976625000,        160
2976875000,        160
2977125000,        160
2977375000,        160
2977625000,        160
2977875000,        160
2978125000,        160
2978375000,        160
2978625000,        160
2978875000,        160
2979125000,        160
2979375000,        160
2979625000,        160
2979875000,        160
2980125000,        160
2980375000,        160
2980625000,        160
2980875000,        160
2981125000,        160
2981375000,        160
2981625000,        160
2981875000,        160
2982125000,        160
2982375000,        160
2982625000,        160
2982875000,        160
2983125000,        160
2983375000,        160
2983625000,        160
2983875000,        160
2984125000,        160
2984375000,        160
2984625000,        160
2984875000,        160
2985125000,        160
2985375000,        160
2985625000,        160
2985875000,        160
2986125000,        160
2986375000,        160
2986625000,        160
2986875000,        160
2987125000,        160
2987375000,        160
2987625000,        160
2987875000,        160
2988125000,        160
2988375000,        160
2988625000,        160
2988875000,        160
2989125000,        160
2989375000,        160
2989625000,        160
2989875000,        160
2990125000,        160
2990375000,        160
2990625000,        160
2990875000,        160
2991125000,        160
2991375000,        160
2991625000,        160
2991875000,        160
2992125000,        160
2992375000,        160
2992625000,        160
2992875000,        160
2993125000,        160
2993375000,        160
2993625000,        160
2993875000,        160
2994125000,        160
2994375000,        160
2994625000,        160
2994875000,        160
2995125000,        160
2995375000,        160
2995625000,        160
2995875000,        160
2996125000,        160
2996375000,        160
2996625000,        160
2996875000,        160
2997125000,        160
2997375000,        160
2997625000,        160
2997875000,        160
2998125000,        160
2998375000,        160
2998625000,        160
2998875000,        160
2999125000,        160
2999375000,        160
2999625000,        160
2999875000,        160
3000125000,        160
3000375000,        160
3000625000,        160
3000875000,        160
3001125000,        160
3001375000,        160
3001625000,        160
3001875000,        160
3002125000,        160
3002375000,        160
3002625000,        160
3002875000,        160
3003125000,        160
3003375000,        160
3003625000,        160
3003875000,        160
3004125000,        160
3004375000,        160
3004625000,        160
3004875000,        160
3005125000,        160
3005375000,        160
3005625000,        160
3005875000,        160
3006125000,        160
3006375000,        160
3006625000,        160
3006875000,        160
3007125000,        160
3007375000,        160
3007625000,        160
3007875000,        160
3008125000,        160
3008375000,        160
3008625000,        160
3008875000,        160
3009125000,        160
3009375000,        160
3009625000,        160
3009875000,        160
3010125000,        160
3010375000,        160
3010625000,        160
3010875000,        160
3011125000,        160
3011375000,        160
3011625000,        160
3011875000,        160
3012125000,        160
3012375000,        160
3012625000,        160
3012875000,        160
3013125000,        160
3013375000,        160
3013625000,        160
3013875000,        160
3014125000,        160
3014375000,        160
3014625000,        160
3014875000,        160
3015125000,        160
3015375000,        160
3015625000,        160
3015875000,        160
3016125000,        160
3016375000,        160
3016625000,        160
3016875000,        160
3017125000,        160
3017375000,        160
3017625000,        160
3017875000,        160
3018125000,        160
3018375000,        160
3018625000,        160
3018875000,        160
3019125000,        160
3019375000,        160
3019625000,        160
3019875000,        160
3020125000,        160
3020375000,        160
3020625000,        160
3020875000,        160
3021125000,        160
3021375000,        160
3021625000,        160
3021875000,        160
3022125000,        160
3022375000,        160
3022625000,        160
3022875000,        160
3023125000,        160
3023375000,        160
3023625000,        160
3023875000,        160
3024125000,        160
3024375000,        160
3024625000,        160
3024875000,        160
3025125000,        160
3025375000,        160
3025625000,        160
3025875000,        160
3026125000,        160
3026375000,        160
3026625000,        160
3026875000,        160
3027125000,        160
3027375000,        160
3027625000,        160
3027875000,        160
3028125000,        160
3028375000,        160
3028625000,        160
3028875000,        160
3029125000,        160
3029375000,        160
3029625000,        160
3029875000,        160
3030125000,        160
3030375000,        160
3030625000,        160
3030875000,        160
3031125000,        160
3031375000,        160
3031625000,        160
3031875000,        160
3032125000,        160
3032375000,        160
3032625000,        160
3032875000,        160
3033125000,        160
3033375000,        160
3033625000,        160
3033875000,        160
3034125000,        160
3034375000,        160
3034625000,        160
3034875000,        160
3035125000,        160
3035375000,        160
3035625000,        160
3035875000,        160
3036125000,        160
3036375000,        160
3036625000,        160
3036875000,        160
3037125000,        160
3037375000,        160
3037625000,        160
3037875000,        160
3038125000,        160
3038375000,        160
3038625000,        160
3038875000,        160
3039125000,        160
3039375000,        160
3039625000,        160
3039875000,        160
3040125000,        160
3040375000,        160
3040625000,        160
3040875000,        160
3041125000,        160
3041375000,        160
3041625000,        160
3041875000,        160
3042125000,        160
3042375000,        160
3042625000,        160
3042875000,        160
3043125000,        160
3043375000,        160
3043625000,        160
3043875000,        160
3044125000,        160
3044375000,        160
3044625000,        160
3044875000,        160
3045125000,        160
3045375000,        160
3045625000,        160
3045875000,        160
3046125000,        160
3046375000,        160
3046625000,        160
3046875000,        160
3047125000,        160
3047375000,        160
3047625000,        160
3047875000,        160
3048125000,        160
3048375000,        160
3048625000,        160
3048875000,        160
3049125000,        160
3049375000,        160
3049625000,        160
3049875000,        160
3050125000,        160
3050375000,        160
3050625000,        160
3050875000,        160
3051125000,        160
3051375000,        160
3051625000,        160
3051875000,        160
3052125000,        160
3052375000,        160
3052625000,        160
3052875000,        160
3053125000,        160
3053375000,        160
3053625000,        160
3053875000,        160
3054125000,        160
3054375000,        160
3054625000,        160
3054875000,        160
3055125000,        160
3055375000,        160
3055625000,        160
3055875000,        160
3056125000,        160
3056375000,        160
3056625000,        160
3056875000,        160
3057125000,        160
3057375000,        160
3057625000,        160
3057875000,        160
3058125000,        160
3058375000,        160
3058625000,        160
3058875000,        160
3059125000,        160
3059375000,        160
3059625000,        160
3059875000,        160
3060125000,        160
3060375000,        160
3060625000,        160
3060875000,        160
3061125000,        160
3061375000,        160
3061625000,        160
3061875000,        160
3062125000,        160
3062375000,        160
3062625000,        160
3062875000,        160
3063125000,        160
3063375000,        160
3063625000,        160
3063875000,        160
3064125000,        160
3064375000,        160
3064625000,        160
3064875000,        160
3065125000,        160
3065375000,        160
3065625000,        160
3065875000,        160
3066125000,        160
3066375000,        160
3066625000,        160
3066875000,        160
3067125000,        160
3067375000,        160
3067625000,        160
3067875000,        160
3068125000,        160
3068375000,        160
3068625000,        160
3068875000,        160
3069125000,        160
3069375000,        160
3069625000,        160
3069875000,        160
3070125000,        160
3070375000,        160
3070625000,        160
3070875000,        160
3071125000,        160
3071375000,        160
3071625000,        160
3071875000,        160
3072125000,        160
3072375000,        160
3072625000,        160
3072875000,        160
3073125000,        160
3073375000,        160
3073625000,        160
3073875000,        160
3074125000,        160
3074375000,        160
3074625000,        160
3074875000,        160
3075125000,        160
3075375000,        160
3075625000,        160
3075875000,        160
3076125000,        160
3076375000,        160
3076625000,        160
3076875000,        160
3077125000,        160
3077375000,        160
3077625000,        160
3077875000,        160
3078125000,        160
3078375000,        160
3078625000,        160
3078875000,        160
3079125000,        160
3079375000,        160
3079625000,        160
3079875000,        160
3080125000,        160
3080375000,        160
3080625000,        160
3080875000,        160
3081125000,        160
3081375000,        160
3081625000,        160
3081875000,        160
3082125000,        160
3082375000,        160
3082625000,        160
3082875000,        160
3083125000,        160
3083375000,        160
3083625000,        160
3083875000,        160
3084125000,        160
3084375000,        160
3084625000,        160
3084875000,        160
3085125000,        160
3085375000,        160
3085625000,        160
3085875000,        160
3086125000,        160
3086375000,        160
3086625000,        160
3086875000,        160
3087125000,        160
3087375000,        160
3087625000,        160
3087875000,        160
3088125000,        160
3088375000,        160
3088625000,        160
3088875000,        160
3089125000,        160
3089375000,        160
3089625000,        160
3089875000,        160
3090125000,        160
3090375000,        160
3090625000,        160
3090875000,        160
3091125000,        160
3091375000,        160
3091625000,        160
3091875000,        160
3092125000,        160
3092375000,        160
3092625000,        160
3092875000,        160
3093125000,        160
3093375000,        160
3093625000,        160
3093875000,        160
3094125000,        160
3094375000,        160
3094625000,        160
3094875000,        160
3095125000,        160
3095375000,        160
3095625000,        160
3095875000,        160
3096125000,        160
3096375000,        160
3096625000,        160
3096875000,        160
3097125000,        160
3097375000,        160
3097625000,        160
3097875000,        160
3098125000,        160
3098375000,        160
3098625000,        160
3098875000,        160
3099125000,        160
3099375000,        160
3099625000,        160
3099875000,        160
3100125000,        160
3100375000,        160
3100625000,        160
3100875000,        160
3101125000,        160
3101375000,        160
3101625000,        160
3101875000,        160
3102125000,        160
3102375000,        160
3102625000,        160
3102875000,        160
3103125000,        160
3103375000,        160
3103625000,        160
3103875000,        160
3104125000,        160
3104375000,        160
3104625000,        160
3104875000,        160
3105125000,        160
3105375000,        160
3105625000,        160
3105875000,        160
3106125000,        160
3106375000,        160
3106625000,        160
3106875000,        160
3107125000,        160
3107375000,        160
3107625000,        160
3107875000,        160
3108125000,        160
3108375000,        160
3108625000,        160
3108875000,        160
3109125000,        160
3109375000,        160
3109625000,        160
3109875000,        160
3110125000,        160
3110375000,        160
3110625000,        160
3110875000,        160
3111125000,        160
3111375000,        160
3111625000,        160
3111875000,        160
3112125000,        160
3112375000,        160
3112625000,        160
3112875000,        160
3113125000,        160
3113375000,        160
3113625000,        160
3113875000,        160
3114125000,        160
3114375000,        160
3114625000,        160
3114875000,        160
3115125000,        160
3115375000,        160
3115625000,        160
3115875000,        160
3116125000,        160
3116375000,        160
3116625000,        160
3116875000,        160
3117125000,        160
3117375000,        160
3117625000,        160
3117875000,        160
3118125000,        160
3118375000,        160
3118625000,        160
3118875000,        160
3119125000,        160
3119375000,        160
3119625000,        160
3119875000,        160
3120125000,        160
3120375000,        160
3120625000,        160
3120875000,        160
3121125000,        160
3121375000,        160
3121625000,        160
3121875000,        160
3122125000,        160
3122375000,        160
3122625000,        160
3122875000,        160
3123125000,        160
3123375000,        160
3123625000,        160
3123875000,        160
3124125000,        160
3124375000,        160
3124625000,        160
3124875000,        160
3125125000,        160
3125375000,        160
3125625000,        160
3125875000,        160
3126125000,        160
3126375000,        160
3126625000,        160
3126875000,        160
3127125000,        160
3127375000,        160
3127625000,        160
3127875000,        160
3128125000,        160
3128375000,        160
3128625000,        160
3128875000,        160
3129125000,        160
3129375000,        160
3129625000,        160
3129875000,        160
3130125000,        160
3130375000,        160
3130625000,        160
3130875000,        160
3131125000,        160
3131375000,        160
3131625000,        160
3131875000,        160
3132125000,        160
3132375000,        160
3132625000,        160
3132875000,        160
3133125000,        160
3133375000,        160
3133625000,        160
3133875000,        160
3134125000,        160
3134375000,        160
3134625000,        160
3134875000,        160
3135125000,        160
3135375000,        160
3135625000,        160
3135875000,        160
3136125000,        160
3136375000,        160
3136625000,        160
3136875000,        160
3137125000,        160
3137375000,        160
3137625000,        160
3137875000,        160
3138125000,        160
3138375000,        160
3138625000,        160
3138875000,        160
3139125000,        160
3139375000,        160
3139625000,        160
3139875000,        160
3140125000,        160
3140375000,        160
3140625000,        160
3140875000,        160
3141125000,        160
3141375000,        160
3141625000,        160
3141875000,        160
3142125000,        160
3142375000,        160
3142625000,        160
3142875000,        160
3143125000,        160
3143375000,        160
3143625000,        160
3143875000,        160
3144125000,        160
3144375000,        160
3144625000,        160
3144875000,        160
3145125000,        160
3145375000,        160
3145625000,        160
3145875000,        160
3146125000,        160
3146375000,        160
3146625000,        160
3146875000,        160
3147125000,        160
3147375000,        160
3147625000,        160
3147875000,        160
3148125000,        160
3148375000,        160
3148625000,        160
3148875000,        160
3149125000,        160
3149375000,        160
3149625000,        160
3149875000,        160
3150125000,        160
3150375000,        160
3150625000,        160
3150875000,        160
3151125000,        160
3151375000,        160
3151625000,        160
3151875000,        160
3152125000,        160
3152375000,        160
3152625000,        160
3152875000,        160
3153125000,        160
3153375000,        160
3153625000,        160
3153875000,        160
3154125000,        160
3154375000,        160
3154625000,        160
3154875000,        160
3155125000,        160
3155375000,        160
3155625000,        160
3155875000,        160
3156125000,        160
3156375000,        160
3156625000,        160
3156875000,        160
3157125000,        160
3157375000,        160
3157625000,        160
3157875000,        160
3158125000,        160
3158375000,        160
3158625000,        160
3158875000,        160
3159125000,        160
3159375000,        160
3159625000,        160
3159875000,        160
3160125000,        160
3160375000,        160
3160625000,        160
3160875000,        160
3161125000,        160
3161375000,        160
3161625000,        160
3161875000,        160
3162125000,        160
3162375000,        160
3162625000,        160
3162875000,        160
3163125000,        160
3163375000,        160
3163625000,        160
3163875000,        160
3164125000,        160
3164375000,        160
3164625000,        160
3164875000,        160
3165125000,        160
3165375000,        160
3165625000,        160
3165875000,        160
3166125000,        160
3166375000,        160
3166625000,        160
3166875000,        160
3167125000,        160
3167375000,        160
3167625000,        160
3167875000,        160
3168125000,        160
3168375000,        160
3168625000,        160
3168875000,        160
3169125000,        160
3169375000,        160
3169625000,        160
3169875000,        160
3170125000,        160
3170375000,        160
3170625000,        160
3170875000,        160
3171125000,        160
3171375000,        160
3171625000,        160
3171875000,        160
3172125000,        160
3172375000,        160
3172625000,        160
3172875000,        160
3173125000,        160
3173375000,        160
3173625000,        160
3173875000,        160
3174125000,        160
3174375000,        160
3174625000,        160
3174875000,        160
3175125000,        160
3175375000,        160
3175625000,        160
3175875000,        160
3176125000,        160
3176375000,        160
3176625000,        160
3176875000,        160
3177125000,        160
3177375000,        160
3177625000,        160
3177875000,        160
3178125000,        160
3178375000,        160
3178625000,        160
3178875000,        160
3179125000,        160
3179375000,        160
3179625000,        160
3179875000,        160
3180125000,        160
3180375000,        160
3180625000,        160
3180875000,        160
3181125000,        160
3181375000,        160
3181625000,        160
3181875000,        160
3182125000,        160
3182375000,        160
3182625000,        160
3182875000,        160
3183125000,        160
3183375000,        160
3183625000,        160
3183875000,        160
3184125000,        160
3184375000,        160
3184625000,        160
3184875000,        160
3185125000,        160
3185375000,        160
3185625000,        160
3185875000,        160
3186125000,        160
3186375000,        160
3186625000,        160
3186875000,        160
3187125000,        160
3187375000,        160
3187625000,        160
3187875000,        160
3188125000,        160
3188375000,        160
3188625000,        160
3188875000,        160
3189125000,        160
3189375000,        160
3189625000,        160
3189875000,        160
3190125000,        160
3190375000,        160
3190625000,        160
3190875000,        160
3191125000,        160
3191375000,        160
3191625000,        160
3191875000,        160
3192125000,        160
3192375000,        160
3192625000,        160
3192875000,        160
3193125000,        160
3193375000,        160
3193625000,        160
3193875000,        160
3194125000,        160
3194375000,        160
3194625000,        160
3194875000,        160
3195125000,        160
3195375000,        160
3195625000,        160
3195875000,        160
3196125000,        160
3196375000,        160
3196625000,        160
3196875000,        160
3197125000,        160
3197375000,        160
3197625000,        160
3197875000,        160
3198125000,        160
3198375000,        160
3198625000,        160
3198875000,        160
3199125000,        160
3199375000,        160
3199625000,        160
3199875000,        160
3200125000,        160
3200375000,        160
3200625000,        160
3200875000,        160
3201125000,        160
3201375000,        160
3201625000,        160
3201875000,        160
3202125000,        160
3202375000,        160
3202625000,        160
3202875000,        160
3203125000,        160
3203375000,        160
3203625000,        160
3203875000,        160
3204125000,        160
3204375000,        160
3204625000,        160
3204875000,        160
3205125000,        160
3205375000,        160
3205625000,        160
3205875000,        160
3206125000,        160
3206375000,        160
3206625000,        160
3206875000,        160
3207125000,        160
3207375000,        160
3207625000,        160
3207875000,        160
3208125000,        160
3208375000,        160
3208625000,        160
3208875000,        160
3209125000,        160
3209375000,        160
3209625000,        160
3209875000,        160
3210125000,        160
3210375000,        160
3210625000,        160
3210875000,        160
3211125000,        160
3211375000,        160
3211625000,        160
3211875000,        160
3212125000,        160
3212375000,        160
3212625000,        160
3212875000,        160
3213125000,        160
3213375000,        160
3213625000,        160
3213875000,        160
3214125000,        160
3214375000,        160
3214625000,        160
3214875000,        160
3215125000,        160
3215375000,        160
3215625000,        160
3215875000,        160
3216125000,        160
3216375000,        160
3216625000,        160
3216875000,        160
3217125000,        160
3217375000,        160
3217625000,        160
3217875000,        160
3218125000,        160
3218375000,        160
3218625000,        160
3218875000,        160
3219125000,        160
3219375000,        160
3219625000,        160
3219875000,        160
3220125000,        160
3220375000,        160
3220625000,        160
3220875000,        160
3221125000,        160
3221375000,        160
3221625000,        160
3221875000,        160
3222125000,        160
3222375000,        160
3222625000,        160
3222875000,        160
3223125000,        160
3223375000,        160
3223625000,        160
3223875000,        160
3224125000,        160
3224375000,        160
3224625000,        160
3224875000,        160
3225125000,        160
3225375000,        160
3225625000,        160
3225875000,        160
3226125000,        160
3226375000,        160
3226625000,        160
3226875000,        160
3227125000,        160
3227375000,        160
3227625000,        160
3227875000,        160
3228125000,        160
3228375000,        160
3228625000,        160
3228875000,        160
3229125000,        160
3229375000,        160
3229625000,        160
3229875000,        160
3230125000,        160
3230375000,        160
3230625000,        160
3230875000,        160
3231125000,        160
3231375000,        160
3231625000,        160
3231875000,        160
3232125000,        160
3232375000,        160
3232625000,        160
3232875000,        160
3233125000,        160
3233375000,        160
3233625000,        160
3233875000,        160
3234125000,        160
3234375000,        160
3234625000,        160
3234875000,        160
3235125000,        160
3235375000,        160
3235625000,        160
3235875000,        160
3236125000,        160
3236375000,        160
3236625000,        160
3236875000,        160
3237125000,        160
3237375000,        160
3237625000,        160
3237875000,        160
3238125000,        160
3238375000,        160
3238625000,        160
3238875000,        160
3239125000,        160
3239375000,        160
3239625000,        160
3239875000,        160
3240125000,        160
3240375000,        160
3240625000,        160
3240875000,        160
3241125000,        160
3241375000,        160
3241625000,        160
3241875000,        160
3242125000,        160
3242375000,        160
3242625000,        160
3242875000,        160
3243125000,        160
3243375000,        160
3243625000,        160
3243875000,        160
3244125000,        160
3244375000,        160
3244625000,        160
3244875000,        160
3245125000,        160
3245375000,        160
3245625000,        160
3245875000,        160
3246125000,        160
3246375000,        160
3246625000,        160
3246875000,        160
3247125000,        160
3247375000,        160
3247625000,        160
3247875000,        160
3248125000,        160
3248375000,        160
3248625000,        160
3248875000,        160
3249125000,        160
3249375000,        160
3249625000,        160
3249875000,        160
3250125000,        160
3250375000,        160
3250625000,        160
3250875000,        160
3251125000,        160
3251375000,        160
3251625000,        160
3251875000,        160
3252125000,        160
3252375000,        160
3252625000,        160
3252875000,        160
3253125000,        160
3253375000,        160
3253625000,        160
3253875000,        160
3254125000,        160
3254375000,        160
3254625000,        160
3254875000,        160
3255125000,        160
3255375000,        160
3255625000,        160
3255875000,        160
3256125000,        160
3256375000,        160
3256625000,        160
3256875000,        160
3257125000,        160
3257375000,        160
3257625000,        160
3257875000,        160
3258125000,        160
3258375000,        160
3258625000,        160
3258875000,        160
3259125000,        160
3259375000,        160
3259625000,        160
3259875000,        160
3260125000,        160
3260375000,        160
3260625000,        160
3260875000,        160
3261125000,        160
3261375000,        160
3261625000,        160
3261875000,        160
3262125000,        160
3262375000,        160
3262625000,        160
3262875000,        160
3263125000,        160
3263375000,        160
3263625000,        160
3263875000,        160
3264125000,        160
3264375000,        160
3264625000,        160
3264875000,        160
3265125000,        160
3265375000,        160
3265625000,        160
3265875000,        160
3266125000,        160
3266375000,        160
3266625000,        160
3266875000,        160
3267125000,        160
3267375000,        160
3267625000,        160
3267875000,        160
3268125000,        160
3268375000,        160
3268625000,        160
3268875000,        160
3269125000,        160
3269375000,        160
3269625000,        160
3269875000,        160
3270125000,        160
3270375000,        160
3270625000,        160
3270875000,        160
3271125000,        160
3271375000,        160
3271625000,        160
3271875000,        160
3272125000,        160
3272375000,        160
3272625000,        160
3272875000,        160
3273125000,        160
3273375000,        160
3273625000,        160
3273875000,        160
3274125000,        160
3274375000,        160
3274625000,        160
3274875000,        160
3275125000,        160
3275375000,        160
3275625000,        160
3275875000,        160
3276125000,        160
3276375000,        160
3276625000,        160
3276875000,        160
3277125000,        160
3277375000,        160
3277625000,        160
3277875000,        160
3278125000,        160
3278375000,        160
3278625000,        160
3278875000,        160
3279125000,        160
3279375000,        160
3279625000,        160
3279875000,        160
3280125000,        160
3280375000,        160
3280625000,        160
3280875000,        160
3281125000,        160
3281375000,        160
3281625000,        160
3281875000,        160
3282125000,        160
3282375000,        160
3282625000,        160
3282875000,        160
3283125000,        160
3283375000,        160
3283625000,        160
3283875000,        160
3284125000,        160
3284375000,        160
3284625000,        160
3284875000,        160
3285125000,        160
3285375000,        160
3285625000,        160
3285875000,        160
3286125000,        160
3286375000,        160
3286625000,        160
3286875000,        160
3287125000,        160
3287375000,        160
3287625000,        160
3287875000,        160
3288125000,        160
3288375000,        160
3288625000,        160
3288875000,        160
3289125000,        160
3289375000,        160
3289625000,        160
3289875000,        160
3290125000,        160
3290375000,        160
3290625000,        160
3290875000,        160
3291125000,        160
3291375000,        160
3291625000,        160
3291875000,        160
3292125000,        160
3292375000,        160
3292625000,        160
3292875000,        160
3293125000,        160
3293375000,        160
3293625000,        160
3293875000,        160
3294125000,        160
3294375000,        160
3294625000,        160
3294875000,        160
3295125000,        160
3295375000,        160
3295625000,        160
3295875000,        160
3296125000,        160
3296375000,        160
3296625000,        160
3296875000,        160
3297125000,        160
3297375000,        160
3297625000,        160
3297875000,        160
3298125000,        160
3298375000,        160
3298625000,        160
3298875000,        160
3299125000,        160
3299375000,        160
3299625000,        160
3299875000,        160
3300125000,        160
3300375000,        160
3300625000,        160
3300875000,        160
3301125000,        160
3301375000,        160
3301625000,        160
3301875000,        160
3302125000,        160
3302375000,        160
3302625000,        160
3302875000,        160
3303125000,        160
3303375000,        160
3303625000,        160
3303875000,        160
3304125000,        160
3304375000,        160
3304625000,        160
3304875000,        160
3305125000,        160
3305375000,        160
3305625000,        160
3305875000,        160
3306125000,        160
3306375000,        160
3306625000,        160
3306875000,        160
3307125000,        160
3307375000,        160
3307625000,        160
3307875000,        160
3308125000,        160
3308375000,        160
3308625000,        160
3308875000,        160
3309125000,        160
3309375000,        160
3309625000,        160
3309875000,        160
3310125000,        160
3310375000,        160
3310625000,        160
3310875000,        160
3311125000,        160
3311375000,        160
3311625000,        160
3311875000,        160
3312125000,        160
3312375000,        160
3312625000,        160
3312875000,        160
3313125000,        160
3313375000,        160
3313625000,        160
3313875000,        160
3314125000,        160
3314375000,        160
3314625000,        160
3314875000,        160
3315125000,        160
3315375000,        160
3315625000,        160
3315875000,        160
3316125000,        160
3316375000,        160
3316625000,        160
3316875000,        160
3317125000,        160
3317375000,        160
3317625000,        160
3317875000,        160
3318125000,        160
3318375000,        160
3318625000,        160
3318875000,        160
3319125000,        160
3319375000,        160
3319625000,        160
3319875000,        160
3320125000,        160
3320375000,        160
3320625000,        160
3320875000,        160
3321125000,        160
3321375000,        160
3321625000,        160
3321875000,        160
3322125000,        160
3322375000,        160
3322625000,        160
3322875000,        160
3323125000,        160
3323375000,        160
3323625000,        160
3323875000,        160
3324125000,        160
3324375000,        160
3324625000,        160
3324875000,        160
3325125000,        160
3325375000,        160
3325625000,        160
3325875000,        160
3326125000,        160
3326375000,        160
3326625000,        160
3326875000,        160
3327125000,        160
3327375000,        160
3327625000,        160
3327875000,        160
3328125000,        160
3328375000,        160
3328625000,        160
3328875000,        160
3329125000,        160
3329375000,        160
3329625000,        160
3329875000,        160
3330125000,        160
3330375000,        160
3330625000,        160
3330875000,        160
3331125000,        160
3331375000,        160
3331625000,        160
3331875000,        160
3332125000,        160
3332375000,        160
3332625000,        160
3332875000,        160
3333125000,        160
3333375000,        160
3333625000,        160
3333875000,        160
3334125000,        160
3334375000,        160
3334625000,        160
3334875000,        160
3335125000,        160
3335375000,        160
3335625000,        160
3335875000,        160
3336125000,        160
3336375000,        160
3336625000,        160
3336875000,        160
3337125000,        160
3337375000,        160
3337625000,        160
3337875000,        160
3338125000,        160
3338375000,        160
3338625000,        160
3338875000,        160
3339125000,        160
3339375000,        160
3339625000,        160
3339875000,        160
3340125000,        160
3340375000,        160
3340625000,        160
3340875000,        160
3341125000,        160
3341375000,        160
3341625000,        160
3341875000,        160
3342125000,        160
3342375000,        160
3342625000,        160
3342875000,        160
3343125000,        160
3343375000,        160
3343625000,        160
3343875000,        160
3344125000,        160
3344375000,        160
3344625000,        160
3344875000,        160
3345125000,        160
3345375000,        160
3345625000,        160
3345875000,        160
3346125000,        160
3346375000,        160
3346625000,        160
3346875000,        160
3347125000,        160
3347375000,        160
3347625000,        160
3347875000,        160
3348125000,        160
3348375000,        160
3348625000,        160
3348875000,        160
3349125000,        160
3349375000,        160
3349625000,        160
3349875000,        160
3350125000,        160
3350375000,        160
3350625000,        160
3350875000,        160
3351125000,        160
3351375000,        160
3351625000,        160
3351875000,        160
3352125000,        160
3352375000,        160
3352625000,        160
3352875000,        160
3353125000,        160
3353375000,        160
3353625000,        160
3353875000,        160
3354125000,        160
3354375000,        160
3354625000,        160
3354875000,        160
3355125000,        160
3355375000,        160
3355625000,        160
3355875000,        160
3356125000,        160
3356375000,        160
3356625000,        160
3356875000,        160
3357125000,        160
3357375000,        160
3357625000,        160
3357875000,        160
3358125000,        160
3358375000,        160
3358625000,        160
3358875000,        160
3359125000,        160
3359375000,        160
3359625000,        160
3359875000,        160
3360125000,        160
3360375000,        160
3360625000,        160
3360875000,        160
3361125000,        160
3361375000,        160
3361625000,        160
3361875000,        160
3362125000,        160
3362375000,        160
3362625000,        160
3362875000,        160
3363125000,        160
3363375000,        160
3363625000,        160
3363875000,        160
3364125000,        160
3364375000,        160
3364625000,        160
3364875000,        160
3365125000,        160
3365375000,        160
3365625000,        160
3365875000,        160
3366125000,        160
3366375000,        160
3366625000,        160
3366875000,        160
3367125000,        160
3367375000,        160
3367625000,        160
3367875000,        160
3368125000,        160
3368375000,        160
3368625000,        160
3368875000,        160
3369125000,        160
3369375000,        160
3369625000,        160
3369875000,        160
3370125000,        160
3370375000,        160
3370625000,        160
3370875000,        160
3371125000,        160
3371375000,        160
3371625000,        160
3371875000,        160
3372125000,        160
3372375000,        160
3372625000,        160
3372875000,        160
3373125000,        160
3373375000,        160
3373625000,        160
3373875000,        160
3374125000,        160
3374375000,        160
3374625000,        160
3374875000,        160
3375125000,        160
3375375000,        160
3375625000,        160
3375875000,        160
3376125000,        160
3376375000,        160
3376625000,        160
3376875000,        160
3377125000,        160
3377375000,        160
3377625000,        160
3377875000,        160
3378125000,        160
3378375000,        160
3378625000,        160
3378875000,        160
3379125000,        160
3379375000,        160
3379625000,        160
3379875000,        160
3380125000,        160
3380375000,        160
3380625000,        160
3380875000,        160
3381125000,        160
3381375000,        160
3381625000,        160
3381875000,        160
3382125000,        160
3382375000,        160
3382625000,        160
3382875000,        160
3383125000,        160
3383375000,        160
3383625000,        160
3383875000,        160
3384125000,        160
3384375000,        160
3384625000,        160
3384875000,        160
3385125000,        160
3385375000,        160
3385625000,        160
3385875000,        160
3386125000,        160
3386375000,        160
3386625000,        160
3386875000,        160
3387125000,        160
3387375000,        160
3387625000,        160
3387875000,        160
3388125000,        160
3388375000,        160
3388625000,        160
3388875000,        160
3389125000,        160
3389375000,        160
3389625000,        160
3389875000,        160
3390125000,        160
3390375000,        160
3390625000,        160
3390875000,        160
3391125000,        160
3391375000,        160
3391625000,        160
3391875000,        160
3392125000,        160
3392375000,        160
3392625000,        160
3392875000,        160
3393125000,        160
3393375000,        160
3393625000,        160
3393875000,        160
3394125000,        160
3394375000,        160
3394625000,        160
3394875000,        160
3395125000,        160
3395375000,        160
3395625000,        160
3395875000,        160
3396125000,        160
3396375000,        160
3396625000,        160
3396875000,        160
3397125000,        160
3397375000,        160
3397625000,        160
3397875000,        160
3398125000,        160
3398375000,        160
3398625000,        160
3398875000,        160
3399125000,        160
3399375000,        160
3399625000,        160
3399875000,        160
3400125000,        160
3400375000,        160
3400625000,        160
3400875000,        160
3401125000,        160
3401375000,        160
3401625000,        160
3401875000,        160
3402125000,        160
3402375000,        160
3402625000,        160
3402875000,        160
3403125000,        160
3403375000,        160
3403625000,        160
3403875000,        160
3404125000,        160
3404375000,        160
3404625000,        160
3404875000,        160
3405125000,        160
3405375000,        160
3405625000,        160
3405875000,        160
3406125000,        160
3406375000,        160
3406625000,        160
3406875000,        160
3407125000,        160
3407375000,        160
3407625000,        160
3407875000,        160
3408125000,        160
3408375000,        160
3408625000,        160
3408875000,        160
3409125000,        160
3409375000,        160
3409625000,        160
3409875000,        160
3410125000,        160
3410375000,        160
3410625000,        160
3410875000,        160
3411125000,        160
3411375000,        160
3411625000,        160
3411875000,        160
3412125000,        160
3412375000,        160
3412625000,        160
3412875000,        160
3413125000,        160
3413375000,        160
3413625000,        160
3413875000,        160
3414125000,        160
3414375000,        160
3414625000,        160
3414875000,        160
3415125000,        160
3415375000,        160
3415625000,        160
3415875000,        160
3416125000,        160
3416375000,        160
3416625000,        160
3416875000,        160
3417125000,        160
3417375000,        160
3417625000,        160
3417875000,        160
3418125000,        160
3418375000,        160
3418625000,        160
3418875000,        160
3419125000,        160
3419375000,        160
3419625000,        160
3419875000,        160
3420125000,        160
3420375000,        160
3420625000,        160
3420875000,        160
3421125000,        160
3421375000,        160
3421625000,        160
3421875000,        160
3422125000,        160
3422375000,        160
3422625000,        160
3422875000,        160
3423125000,        160
3423375000,        160
3423625000,        160
3423875000,        160
3424125000,        160
3424375000,        160
3424625000,        160
3424875000,        160
3425125000,        160
3425375000,        160
3425625000,        160
3425875000,        160
3426125000,        160
3426375000,        160
3426625000,        160
3426875000,        160
3427125000,        160
3427375000,        160
3427625000,        160
3427875000,        160
3428125000,        160
3428375000,        160
3428625000,        160
3428875000,        160
3429125000,        160
3429375000,        160
3429625000,        160
3429875000,        160
3430125000,        160
3430375000,        160
3430625000,        160
3430875000,        160
3431125000,        160
3431375000,        160
3431625000,        160
3431875000,        160
3432125000,        160
3432375000,        160
3432625000,        160
3432875000,        160
3433125000,        160
3433375000,        160
3433625000,        160
3433875000,        160
3434125000,        160
3434375000,        160
3434625000,        160
3434875000,        160
3435125000,        160
3435375000,        160
3435625000,        160
3435875000,        160
3436125000,        160
3436375000,        160
3436625000,        160
3436875000,        160
3437125000,        160
3437375000,        160
3437625000,        160
3437875000,        160
3438125000,        160
3438375000,        160
3438625000,        160
3438875000,        160
3439125000,        160
3439375000,        160
3439625000,        160
3439875000,        160
3440125000,        160
3440375000,        160
3440625000,        160
3440875000,        160
3441125000,        160
3441375000,        160
3441625000,        160
3441875000,        160
3442125000,        160
3442375000,        160
3442625000,        160
3442875000,        160
3443125000,        160
3443375000,        160
3443625000,        160
3443875000,        160
3444125000,        160
3444375000,        160
3444625000,        160
3444875000,        160
3445125000,        160
3445375000,        160
3445625000,        160
3445875000,        160
3446125000,        160
3446375000,        160
3446625000,        160
3446875000,        160
3447125000,        160
3447375000,        160
3447625000,        160
3447875000,        160
3448125000,        160
3448375000,        160
3448625000,        160
3448875000,        160
3449125000,        160
3449375000,        160
3449625000,        160
3449875000,        160
3450125000,        160
3450375000,        160
3450625000,        160
3450875000,        160
3451125000,        160
3451375000,        160
3451625000,        160
3451875000,        160
3452125000,        160
3452375000,        160
3452625000,        160
3452875000,        160
3453125000,        160
3453375000,        160
3453625000,        160
3453875000,        160
3454125000,        160
3454375000,        160
3454625000,        160
3454875000,        160
3455125000,        160
3455375000,        160
3455625000,        160
3455875000,        160
3456125000,        160
3456375000,        160
3456625000,        160
3456875000,        160
3457125000,        160
3457375000,        160
3457625000,        160
3457875000,        160
3458125000,        160
3458375000,        160
3458625000,        160
3458875000,        160
3459125000,        160
3459375000,        160
3459625000,        160
3459875000,        160
3460125000,        160
3460375000,        160
3460625000,        160
3460875000,        160
3461125000,        160
3461375000,        160
3461625000,        160
3461875000,        160
3462125000,        160
3462375000,        160
3462625000,        160
3462875000,        160
3463125000,        160
3463375000,        160
3463625000,        160
3463875000,        160
3464125000,        160
3464375000,        160
3464625000,        160
3464875000,        160
3465125000,        160
3465375000,        160
3465625000,        160
3465875000,        160
3466125000,        160
3466375000,        160
3466625000,        160
3466875000,        160
3467125000,        160
3467375000,        160
3467625000,        160
3467875000,        160
3468125000,        160
3468375000,        160
3468625000,        160
3468875000,        160
3469125000,        160
3469375000,        160
3469625000,        160
3469875000,        160
3470125000,        160
3470375000,        160
3470625000,        160
3470875000,        160
3471125000,        160
3471375000,        160
3471625000,        160
3471875000,        160
3472125000,        160
3472375000,        160
3472625000,        160
3472875000,        160
3473125000,        160
3473375000,        160
3473625000,        160
3473875000,        160
3474125000,        160
3474375000,        160
3474625000,        160
3474875000,        160
3475125000,        160
3475375000,        160
3475625000,        160
3475875000,        160
3476125000,        160
3476375000,        160
3476625000,        160
3476875000,        160
3477125000,        160
3477375000,        160
3477625000,        160
3477875000,        160
3478125000,        160
3478375000,        160
3478625000,        160
3478875000,        160
3479125000,        160
3479375000,        160
3479625000,        160
3479875000,        160
3480125000,        160
3480375000,        160
3480625000,        160
3480875000,        160
3481125000,        160
3481375000,        160
3481625000,        160
3481875000,        160
3482125000,        160
3482375000,        160
3482625000,        160
3482875000,        160
3483125000,        160
3483375000,        160
3483625000,        160
3483875000,        160
3484125000,        160
3484375000,        160
3484625000,        160
3484875000,        160
3485125000,        160
3485375000,        160
3485625000,        160
3485875000,        160
3486125000,        160
3486375000,        160
3486625000,        160
3486875000,        160
3487125000,        160
3487375000,        160
3487625000,        160
3487875000,        160
3488125000,        160
3488375000,        160
3488625000,        160
3488875000,        160
3489125000,        160
3489375000,        160
3489625000,        160
3489875000,        160
3490125000,        160
3490375000,        160
3490625000,        160
3490875000,        160
3491125000,        160
3491375000,        160
3491625000,        160
3491875000,        160
3492125000,        160
3492375000,        160
3492625000,        160
3492875000,        160
3493125000,        160
3493375000,        160
3493625000,        160
3493875000,        160
3494125000,        160
3494375000,        160
3494625000,        160
3494875000,        160
3495125000,        160
3495375000,        160
3495625000,        160
3495875000,        160
3496125000,        160
3496375000,        160
3496625000,        160
3496875000,        160
3497125000,        160
3497375000,        160
3497625000,        160
3497875000,        160
3498125000,        160
3498375000,        160
3498625000,        160
3498875000,        160
3499125000,        160
3499375000,        160
3499625000,        160
3499875000,        160
3500125000,        160
3500375000,        160
3500625000,        160
3500875000,        160
3501125000,        160
3501375000,        160
3501625000,        160
3501875000,        160
3502125000,        160
3502375000,        160
3502625000,        160
3502875000,        160
3503125000,        160
3503375000,        160
3503625000,        160
3503875000,        160
3504125000,        160
3504375000,        160
3504625000,        160
3504875000,        160
3505125000,        160
3505375000,        160
3505625000,        160
3505875000,        160
3506125000,        160
3506375000,        160
3506625000,        160
3506875000,        160
3507125000,        160
3507375000,        160
3507625000,        160
3507875000,        160
3508125000,        160
3508375000,        160
3508625000,        160
3508875000,        160
3509125000,        160
3509375000,        160
3509625000,        160
3509875000,        160
3510125000,        160
3510375000,        160
3510625000,        160
3510875000,        160
3511125000,        160
3511375000,        160
3511625000,        160
3511875000,        160
3512125000,        160
3512375000,        160
3512625000,        160
3512875000,        160
3513125000,        160
3513375000,        160
3513625000,        160
3513875000,        160
3514125000,        160
3514375000,        160
3514625000,        160
3514875000,        160
3515125000,        160
3515375000,        160
3515625000,        160
3515875000,        160
3516125000,        160
3516375000,        160
3516625000,        160
3516875000,        160
3517125000,        160
3517375000,        160
3517625000,        160
3517875000,        160
3518125000,        160
3518375000,        160
3518625000,        160
3518875000,        160
3519125000,        160
3519375000,        160
3519625000,        160
3519875000,        160
3520125000,        160
3520375000,        160
3520625000,        160
3520875000,        160
3521125000,        160
3521375000,        160
3521625000,        160
3521875000,        160
3522125000,        160
3522375000,        160
3522625000,        160
3522875000,        160
3523125000,        160
3523375000,        160
3523625000,        160
3523875000,        160
3524125000,        160
3524375000,        160
3524625000,        160
3524875000,        160
3525125000,        160
3525375000,        160
3525625000,        160
3525875000,        160
3526125000,        160
3526375000,        160
3526625000,        160
3526875000,        160
3527125000,        160
3527375000,        160
3527625000,        160
3527875000,        160
3528125000,        160
3528375000,        160
3528625000,        160
3528875000,        160
3529125000,        160
3529375000,        160
3529625000,        160
3529875000,        160
3530125000,        160
3530375000,        160
3530625000,        160
3530875000,        160
3531125000,        160
3531375000,        160
3531625000,        160
3531875000,        160
3532125000,        160
3532375000,        160
3532625000,        160
3532875000,        160
3533125000,        160
3533375000,        160
3533625000,        160
3533875000,        160
3534125000,        160
3534375000,        160
3534625000,        160
3534875000,        160
3535125000,        160
3535375000,        160
3535625000,        160
3535875000,        160
3536125000,        160
3536375000,        160
3536625000,        160
3536875000,        160
3537125000,        160
3537375000,        160
3537625000,        160
3537875000,        160
3538125000,        160
3538375000,        160
3538625000,        160
3538875000,        160
3539125000,        160
3539375000,        160
3539625000,        160
3539875000,        160
3540125000,        160
3540375000,        160
3540625000,        160
3540875000,        160
3541125000,        160
3541375000,        160
3541625000,        160
3541875000,        160
3542125000,        160
3542375000,        160
3542625000,        160
3542875000,        160
3543125000,        160
3543375000,        160
3543625000,        160
3543875000,        160
3544125000,        160
3544375000,        160
3544625000,        160
3544875000,        160
3545125000,        160
3545375000,        160
3545625000,        160
3545875000,        160
3546125000,        160
3546375000,        160
3546625000,        160
3546875000,        160
3547125000,        160
3547375000,        160
3547625000,        160
3547875000,        160
3548125000,        160
3548375000,        160
3548625000,        160
3548875000,        160
3549125000,        160
3549375000,        160
3549625000,        160
3549875000,        160
3550125000,        160
3550375000,        160
3550625000,        160
3550875000,        160
3551125000,        160
3551375000,        160
3551625000,        160
3551875000,        160
3552125000,        160
3552375000,        160
3552625000,        160
3552875000,        160
3553125000,        160
3553375000,        160
3553625000,        160
3553875000,        160
3554125000,        160
3554375000,        160
3554625000,        160
3554875000,        160
3555125000,        160
3555375000,        160
3555625000,        160
3555875000,        160
3556125000,        160
3556375000,        160
3556625000,        160
3556875000,        160
3557125000,        160
3557375000,        160
3557625000,        160
3557875000,        160
3558125000,        160
3558375000,        160
3558625000,        160
3558875000,        160
3559125000,        160
3559375000,        160
3559625000,        160
3559875000,        160
3560125000,        160
3560375000,        160
3560625000,        160
3560875000,        160
3561125000,        160
3561375000,        160
3561625000,        160
3561875000,        160
3562125000,        160
3562375000,        160
3562625000,        160
3562875000,        160
3563125000,        160
3563375000,        160
3563625000,        160
3563875000,        160
3564125000,        160
3564375000,        160
3564625000,        160
3564875000,        160
3565125000,        160
3565375000,        160
3565625000,        160
3565875000,        160
3566125000,        160
3566375000,        160
3566625000,        160
3566875000,        160
3567125000,        160
3567375000,        160
3567625000,        160
3567875000,        160
3568125000,        160
3568375000,        160
3568625000,        160
3568875000,        160
3569125000,        160
3569375000,        160
3569625000,        160
3569875000,        160
3570125000,        160
3570375000,        160
3570625000,        160
3570875000,        160
3571125000,        160
3571375000,        160
3571625000,        160
3571875000,        160
3572125000,        160
3572375000,        160
3572625000,        160
3572875000,        160
3573125000,        160
3573375000,        160
3573625000,        160
3573875000,        160
3574125000,        160
3574375000,        160
3574625000,        160
3574875000,        160
3575125000,        160
3575375000,        160
3575625000,        160
3575875000,        160
3576125000,        160
3576375000,        160
3576625000,        160
3576875000,        160
3577125000,        160
3577375000,        160
3577625000,        160
3577875000,        160
3578125000,        160
3578375000,        160
3578625000,        160
3578875000,        160
3579125000,        160
3579375000,        160
3579625000,        160
3579875000,        160
3580125000,        160
3580375000,        160
3580625000,        160
3580875000,        160
3581125000,        160
3581375000,        160
3581625000,        160
3581875000,        160
3582125000,        160
3582375000,        160
3582625000,        160
3582875000,        160
3583125000,        160
3583375000,        160
3583625000,        160
3583875000,        160
3584125000,        160
3584375000,        160
3584625000,        160
3584875000,        160
3585125000,        160
3585375000,        160
3585625000,        160
3585875000,        160
3586125000,        160
3586375000,        160
3586625000,        160
3586875000,        160
3587125000,        160
3587375000,        160
3587625000,        160
3587875000,        160
3588125000,        160
3588375000,        160
3588625000,        160
3588875000,        160
3589125000,        160
3589375000,        160
3589625000,        160
3589875000,        160
3590125000,        160
3590375000,        160
3590625000,        160
3590875000,        160
3591125000,        160
3591375000,        160
3591625000,        160
3591875000,        160
3592125000,        160
3592375000,        160
3592625000,        160
3592875000,        160
3593125000,        160
3593375000,        160
3593625000,        160
3593875000,        160
3594125000,        160
3594375000,        160
3594625000,        160
3594875000,        160
3595125000,        160
3595375000,        160
3595625000,        160
3595875000,        160
3596125000,        160
3596375000,        160
3596625000,        160
3596875000,        160
3597125000,        160
3597375000,        160
3597625000,        160
3597875000,        160
3598125000,        160
3598375000,        160
3598625000,        160
3598875000,        160
3599125000,        160
3599375000,        160
3599625000,        160
3599875000,        160
3600125000,        160
3600375000,        160
3600625000,        160
3600875000,        160
3601125000,        160
3601375000,        160
3601625000,        160
3601875000,        160
3602125000,        160
3602375000,        160
3602625000,        160
3602875000,        160
3603125000,        160
3603375000,        160
3603625000,        160
3603875000,        160
3604125000,        160
3604375000,        160
3604625000,        160
3604875000,        160
3605125000,        160
3605375000,        160
3605625000,        160
3605875000,        160
3606125000,        160
3606375000,        160
3606625000,        160
3606875000,        160
3607125000,        160
3607375000,        160
3607625000,        160
3607875000,        160
3608125000,        160
3608375000,        160
3608625000,        160
3608875000,        160
3609125000,        160
3609375000,        160
3609625000,        160
3609875000,        160
3610125000,        160
3610375000,        160
3610625000,        160
3610875000,        160
3611125000,        160
3611375000,        160
3611625000,        160
3611875000,        160
3612125000,        160
3612375000,        160
3612625000,        160
3612875000,        160
3613125000,        160
3613375000,        160
3613625000,        160
3613875000,        160
3614125000,        160
3614375000,        160
3614625000,        160
3614875000,        160
3615125000,        160
3615375000,        160
3615625000,        160
3615875000,        160
3616125000,        160
3616375000,        160
3616625000,        160
3616875000,        160
3617125000,        160
3617375000,        160
3617625000,        160
3617875000,        160
3618125000,        160
3618375000,        160
3618625000,        160
3618875000,        160
3619125000,        160
3619375000,        160
3619625000,        160
3619875000,        160
3620125000,        160
3620375000,        160
3620625000,        160
3620875000,        160
3621125000,        160
3621375000,        160
3621625000,        160
3621875000,        160
3622125000,        160
3622375000,        160
3622625000,        160
3622875000,        160
3623125000,        160
3623375000,        160
3623625000,        160
3623875000,        160
3624125000,        160
3624375000,        160
3624625000,        160
3624875000,        160
3625125000,        160
3625375000,        160
3625625000,        160
3625875000,        160
3626125000,        160
3626375000,        160
3626625000,        160
3626875000,        160
3627125000,        160
3627375000,        160
3627625000,        160
3627875000,        160
3628125000,        160
3628375000,        160
3628625000,        160
3628875000,        160
3629125000,        160
3629375000,        160
3629625000,        160
3629875000,        160
3630125000,        160
3630375000,        160
3630625000,        160
3630875000,        160
3631125000,        160
3631375000,        160
3631625000,        160
3631875000,        160
3632125000,        160
3632375000,        160
3632625000,        160
3632875000,        160
3633125000,        160
3633375000,        160
3633625000,        160
3633875000,        160
3634125000,        160
3634375000,        160
3634625000,        160
3634875000,        160
3635125000,        160
3635375000,        160
3635625000,        160
3635875000,        160
3636125000,        160
3636375000,        160
3636625000,        160
3636875000,        160
3637125000,        160
3637375000,        160
3637625000,        160
3637875000,        160
3638125000,        160
3638375000,        160
3638625000,        160
3638875000,        160
3639125000,        160
3639375000,        160
3639625000,        160
3639875000,        160
3640125000,        160
3640375000,        160
3640625000,        160
3640875000,        160
3641125000,        160
3641375000,        160
3641625000,        160
3641875000,        160
3642125000,        160
3642375000,        160
3642625000,        160
3642875000,        160
3643125000,        160
3643375000,        160
3643625000,        160
3643875000,        160
3644125000,        160
3644375000,        160
3644625000,        160
3644875000,        160
3645125000,        160
3645375000,        160
3645625000,        160
3645875000,        160
3646125000,        160
3646375000,        160
3646625000,        160
3646875000,        160
3647125000,        160
3647375000,        160
3647625000,        160
3647875000,        160
3648125000,        160
3648375000,        160
3648625000,        160
3648875000,        160
3649125000,        160
3649375000,        160
3649625000,        160
3649875000,        160
3650125000,        160
3650375000,        160
3650625000,        160
3650875000,        160
3651125000,        160
3651375000,        160
3651625000,        160
3651875000,        160
3652125000,        160
3652375000,        160
3652625000,        160
3652875000,        160
3653125000,        160
3653375000,        160
3653625000,        160
3653875000,        160
3654125000,        160
3654375000,        160
3654625000,        160
3654875000,        160
3655125000,        160
3655375000,        160
3655625000,        160
3655875000,        160
3656125000,        160
3656375000,        160
3656625000,        160
3656875000,        160
3657125000,        160
3657375000,        160
3657625000,        160
3657875000,        160
3658125000,        160
3658375000,        160
3658625000,        160
3658875000,        160
3659125000,        160
3659375000,        160
3659625000,        160
3659875000,        160
3660125000,        160
3660375000,        160
3660625000,        160
3660875000,        160
3661125000,        160
3661375000,        160
3661625000,        160
3661875000,        160
3662125000,        160
3662375000,        160
3662625000,        160
3662875000,        160
3663125000,        160
3663375000,        160
3663625000,        160
3663875000,        160
3664125000,        160
3664375000,        160
3664625000,        160
3664875000,        160
3665125000,        160
3665375000,        160
3665625000,        160
3665875000,        160
3666125000,        160
3666375000,        160
3666625000,        160
3666875000,        160
3667125000,        160
3667375000,        160
3667625000,        160
3667875000,        160
3668125000,        160
3668375000,        160
3668625000,        160
3668875000,        160
3669125000,        160
3669375000,        160
3669625000,        160
3669875000,        160
3670125000,        160
3670375000,        160
3670625000,        160
3670875000,        160
3671125000,        160
3671375000,        160
3671625000,        160
3671875000,        160
3672125000,        160
3672375000,        160
3672625000,        160
3672875000,        160
3673125000,        160
3673375000,        160
3673625000,        160
3673875000,        160
3674125000,        160
3674375000,        160
3674625000,        160
3674875000,        160
3675125000,        160
3675375000,        160
3675625000,        160
3675875000,        160
3676125000,        160
3676375000,        160
3676625000,        160
3676875000,        160
3677125000,        160
3677375000,        160
3677625000,        160
3677875000,        160
3678125000,        160
3678375000,        160
3678625000,        160
3678875000,        160
3679125000,        160
3679375000,        160
3679625000,        160
3679875000,        160
3680125000,        160
3680375000,        160
3680625000,        160
3680875000,        160
3681125000,        160
3681375000,        160
3681625000,        160
3681875000,        160
3682125000,        160
3682375000,        160
3682625000,        160
3682875000,        160
3683125000,        160
3683375000,        160
3683625000,        160
3683875000,        160
3684125000,        160
3684375000,        160
3684625000,        160
3684875000,        160
3685125000,        160
3685375000,        160
3685625000,        160
3685875000,        160
3686125000,        160
3686375000,        160
3686625000,        160
3686875000,        160
3687125000,        160
3687375000,        160
3687625000,        160
3687875000,        160
3688125000,        160
3688375000,        160
3688625000,        160
3688875000,        160
3689125000,        160
3689375000,        160
3689625000,        160
3689875000,        160
3690125000,        160
3690375000,        160
3690625000,        160
3690875000,        160
3691125000,        160
3691375000,        160
3691625000,        160
3691875000,        160
3692125000,        160
3692375000,        160
3692625000,        160
3692875000,        160
3693125000,        160
3693375000,        160
3693625000,        160
3693875000,        160
3694125000,        160
3694375000,        160
3694625000,        160
3694875000,        160
3695125000,        160
3695375000,        160
3695625000,        160
3695875000,        160
3696125000,        160
3696375000,        160
3696625000,        160
3696875000,        160
3697125000,        160
3697375000,        160
3697625000,        160
3697875000,        160
3698125000,        160
3698375000,        160
3698625000,        160
3698875000,        160
3699125000,        160
3699375000,        160
3699625000,        160
3699875000,        160
3700125000,        160
3700375000,        160
3700625000,        160
3700875000,        160
3701125000,        160
3701375000,        160
3701625000,        160
3701875000,        160
3702125000,        160
3702375000,        160
3702625000,        160
3702875000,        160
3703125000,        160
3703375000,        160
3703625000,        160
3703875000,        160
3704125000,        160
3704375000,        160
3704625000,        160
3704875000,        160
3705125000,        160
3705375000,        160
3705625000,        160
3705875000,        160
3706125000,        160
3706375000,        160
3706625000,        160
3706875000,        160
3707125000,        160
3707375000,        160
3707625000,        160
3707875000,        160
3708125000,        160
3708375000,        160
3708625000,        160
3708875000,        160
3709125000,        160
3709375000,        160
3709625000,        160
3709875000,        160
3710125000,        160
3710375000,        160
3710625000,        160
3710875000,        160
3711125000,        160
3711375000,        160
3711625000,        160
3711875000,        160
3712125000,        160
3712375000,        160
3712625000,        160
3712875000,        160
3713125000,        160
3713375000,        160
3713625000,        160
3713875000,        160
3714125000,        160
3714375000,        160
3714625000,        160
3714875000,        160
3715125000,        160
3715375000,        160
3715625000,        160
3715875000,        160
3716125000,        160
3716375000,        160
3716625000,        160
3716875000,        160
3717125000,        160
3717375000,        160
3717625000,        160
3717875000,        160
3718125000,        160
3718375000,        160
3718625000,        160
3718875000,        160
3719125000,        160
3719375000,        160
3719625000,        160
3719875000,        160
3720125000,        160
3720375000,        160
3720625000,        160
3720875000,        160
3721125000,        160
3721375000,        160
3721625000,        160
3721875000,        160
3722125000,        160
3722375000,        160
3722625000,        160
3722875000,        160
3723125000,        160
3723375000,        160
3723625000,        160
3723875000,        160
3724125000,        160
3724375000,        160
3724625000,        160
3724875000,        160
3725125000,        160
3725375000,        160
3725625000,        160
3725875000,        160
3726125000,        160
3726375000,        160
3726625000,        160
3726875000,        160
3727125000,        160
3727375000,        160
3727625000,        160
3727875000,        160
3728125000,        160
3728375000,        160
3728625000,        160
3728875000,        160
3729125000,        160
3729375000,        160
3729625000,        160
3729875000,        160
3730125000,        160
3730375000,        160
3730625000,        160
3730875000,        160
3731125000,        160
3731375000,        160
3731625000,        160
3731875000,        160
3732125000,        160
3732375000,        160
3732625000,        160
3732875000,        160
3733125000,        160
3733375000,        160
3733625000,        160
3733875000,        160
3734125000,        160
3734375000,        160
3734625000,        160
3734875000,        160
3735125000,        160
3735375000,        160
3735625000,        160
3735875000,        160
3736125000,        160
3736375000,        160
3736625000,        160
3736875000,        160
3737125000,        160
3737375000,        160
3737625000,        160
3737875000,        160
3738125000,        160
3738375000,        160
3738625000,        160
3738875000,        160
3739125000,        160
3739375000,        160
3739625000,        160
3739875000,        160
3740125000,        160
3740375000,        160
3740625000,        160
3740875000,        160
3741125000,        160
3741375000,        160
3741625000,        160
3741875000,        160
3742125000,        160
3742375000,        160
3742625000,        160
3742875000,        160
3743125000,        160
3743375000,        160
3743625000,        160
3743875000,        160
3744125000,        160
3744375000,        160
3744625000,        160
3744875000,        160
3745125000,        160
3745375000,        160
3745625000,        160
3745875000,        160
3746125000,        160
3746375000,        160
3746625000,        160
3746875000,        160
3747125000,        160
3747375000,        160
3747625000,        160
3747875000,        160
3748125000,        160
3748375000,        160
3748625000,        160
3748875000,        160
3749125000,        160
3749375000,        160
3749625000,        160
3749875000,        160
3750125000,        160
3750375000,        160
3750625000,        160
3750875000,        160
3751125000,        160
3751375000,        160
3751625000,        160
3751875000,        160
3752125000,        160
3752375000,        160
3752625000,        160
3752875000,        160
3753125000,        160
3753375000,        160
3753625000,        160
3753875000,        160
3754125000,        160
3754375000,        160
3754625000,        160
3754875000,        160
3755125000,        160
3755375000,        160
3755625000,        160
3755875000,        160
3756125000,        160
3756375000,        160
3756625000,        160
3756875000,        160
3757125000,        160
3757375000,        160
3757625000,        160
3757875000,        160
3758125000,        160
3758375000,        160
3758625000,        160
3758875000,        160
3759125000,        160
3759375000,        160
3759625000,        160
3759875000,        160
3760125000,        160
3760375000,        160
3760625000,        160
3760875000,        160
3761125000,        160
3761375000,        160
3761625000,        160
3761875000,        160
3762125000,        160
3762375000,        160
3762625000,        160
3762875000,        160
3763125000,        160
3763375000,        160
3763625000,        160
3763875000,        160
3764125000,        160
3764375000,        160
3764625000,        160
3764875000,        160
3765125000,        160
3765375000,        160
3765625000,        160
3765875000,        160
3766125000,        160
3766375000,        160
3766625000,        160
3766875000,        160
3767125000,        160
3767375000,        160
3767625000,        160
3767875000,        160
3768125000,        160
3768375000,        160
3768625000,        160
3768875000,        160
3769125000,        160
3769375000,        160
3769625000,        160
3769875000,        160
3770125000,        160
3770375000,        160
3770625000,        160
3770875000,        160
3771125000,        160
3771375000,        160
3771625000,        160
3771875000,        160
3772125000,        160
3772375000,        160
3772625000,        160
3772875000,        160
3773125000,        160
3773375000,        160
3773625000,        160
3773875000,        160
3774125000,        160
3774375000,        160
3774625000,        160
3774875000,        160
3775125000,        160
3775375000,        160
3775625000,        160
3775875000,        160
3776125000,        160
3776375000,        160
3776625000,        160
3776875000,        160
3777125000,        160
3777375000,        160
3777625000,        160
3777875000,        160
3778125000,        160
3778375000,        160
3778625000,        160
3778875000,        160
3779125000,        160
3779375000,        160
3779625000,        160
3779875000,        160
3780125000,        160
3780375000,        160
3780625000,        160
3780875000,        160
3781125000,        160
3781375000,        160
3781625000,        160
3781875000,        160
3782125000,        160
3782375000,        160
3782625000,        160
3782875000,        160
3783125000,        160
3783375000,        160
3783625000,        160
3783875000,        160
3784125000,        160
3784375000,        160
3784625000,        160
3784875000,        160
3785125000,        160
3785375000,        160
3785625000,        160
3785875000,        160
3786125000,        160
3786375000,        160
3786625000,        160
3786875000,        160
3787125000,        160
3787375000,        160
3787625000,        160
3787875000,        160
3788125000,        160
3788375000,        160
3788625000,        160
3788875000,        160
3789125000,        160
3789375000,        160
3789625000,        160
3789875000,        160
3790125000,        160
3790375000,        160
3790625000,        160
3790875000,        160
3791125000,        160
3791375000,        160
3791625000,        160
3791875000,        160
3792125000,        160
3792375000,        160
3792625000,        160
3792875000,        160
3793125000,        160
3793375000,        160
3793625000,        160
3793875000,        160
3794125000,        160
3794375000,        160
3794625000,        160
3794875000,        160
3795125000,        160
3795375000,        160
3795625000,        160
3795875000,        160
3796125000,        160
3796375000,        160
3796625000,        160
3796875000,        160
3797125000,        160
3797375000,        160
3797625000,        160
3797875000,        160
3798125000,        160
3798375000,        160
3798625000,        160
3798875000,        160
3799125000,        160
3799375000,        160
3799625000,        160
3799875000,        160
3800125000,        160
3800375000,        160
3800625000,        160
3800875000,        160
3801125000,        160
3801375000,        160
3801625000,        160
3801875000,        160
3802125000,        160
3802375000,        160
3802625000,        160
3802875000,        160
3803125000,        160
3803375000,        160
3803625000,        160
3803875000,        160
3804125000,        160
3804375000,        160
3804625000,        160
3804875000,        160
3805125000,        160
3805375000,        160
3805625000,        160
3805875000,        160
3806125000,        160
3806375000,        160
3806625000,        160
3806875000,        160
3807125000,        160
3807375000,        160
3807625000,        160
3807875000,        160
3808125000,        160
3808375000,        160
3808625000,        160
3808875000,        160
3809125000,        160
3809375000,        160
3809625000,        160
3809875000,        160
3810125000,        160
3810375000,        160
3810625000,        160
3810875000,        160
3811125000,        160
3811375000,        160
3811625000,        160
3811875000,        160
3812125000,        160
3812375000,        160
3812625000,        160
3812875000,        160
3813125000,        160
3813375000,        160
3813625000,        160
3813875000,        160
3814125000,        160
3814375000,        160
3814625000,        160
3814875000,        160
3815125000,        160
3815375000,        160
3815625000,        160
3815875000,        160
3816125000,        160
3816375000,        160
3816625000,        160
3816875000,        160
3817125000,        160
3817375000,        160
3817625000,        160
3817875000,        160
3818125000,        160
3818375000,        160
3818625000,        160
3818875000,        160
3819125000,        160
3819375000,        160
3819625000,        160
3819875000,        160
3820125000,        160
3820375000,        160
3820625000,        160
3820875000,        160
3821125000,        160
3821375000,        160
3821625000,        160
3821875000,        160
3822125000,        160
3822375000,        160
3822625000,        160
3822875000,        160
3823125000,        160
3823375000,        160
3823625000,        160
3823875000,        160
3824125000,        160
3824375000,        160
3824625000,        160
3824875000,        160
3825125000,        160
3825375000,        160
3825625000,        160
3825875000,        160
3826125000,        160
3826375000,        160
3826625000,        160
3826875000,        160
3827125000,        160
3827375000,        160
3827625000,        160
3827875000,        160
3828125000,        160
3828375000,        160
3828625000,        160
3828875000,        160
3829125000,        160
3829375000,        160
3829625000,        160
3829875000,        160
3830125000,        160
3830375000,        160
3830625000,        160
3830875000,        160
3831125000,        160
3831375000,        160
3831625000,        160
3831875000,        160
3832125000,        160
3832375000,        160
3832625000,        160
3832875000,        160
3833125000,        160
3833375000,        160
3833625000,        160
3833875000,        160
3834125000,        160
3834375000,        160
3834625000,        160
3834875000,        160
3835125000,        160
3835375000,        160
3835625000,        160
3835875000,        160
3836125000,        160
3836375000,        160
3836625000,        160
3836875000,        160
3837125000,        160
3837375000,        160
3837625000,        160
3837875000,        160
3838125000,        160
3838375000,        160
3838625000,        160
3838875000,        160
3839125000,        160
3839375000,        160
3839625000,        160
3839875000,        160
3840125000,        160
3840375000,        160
3840625000,        160
3840875000,        160
3841125000,        160
3841375000,        160
3841625000,        160
3841875000,        160
3842125000,        160
3842375000,        160
3842625000,        160
3842875000,        160
3843125000,        160
3843375000,        160
3843625000,        160
3843875000,        160
3844125000,        160
3844375000,        160
3844625000,        160
3844875000,        160
3845125000,        160
3845375000,        160
3845625000,        160
3845875000,        160
3846125000,        160
3846375000,        160
3846625000,        160
3846875000,        160
3847125000,        160
3847375000,        160
3847625000,        160
3847875000,        160
3848125000,        160
3848375000,        160
3848625000,        160
3848875000,        160
3849125000,        160
3849375000,        160
3849625000,        160
3849875000,        160
3850125000,        160
3850375000,        160
3850625000,        160
3850875000,        160
3851125000,        160
3851375000,        160
3851625000,        160
3851875000,        160
3852125000,        160
3852375000,        160
3852625000,        160
3852875000,        160
3853125000,        160
3853375000,        160
3853625000,        160
3853875000,        160
3854125000,        160
3854375000,        160
3854625000,        160
3854875000,        160
3855125000,        160
3855375000,        160
3855625000,        160
3855875000,        160
3856125000,        160
3856375000,        160
3856625000,        160
3856875000,        160
3857125000,        160
3857375000,        160
3857625000,        160
3857875000,        160
3858125000,        160
3858375000,        160
3858625000,        160
3858875000,        160
3859125000,        160
3859375000,        160
3859625000,        160
3859875000,        160
3860125000,        160
3860375000,        160
3860625000,        160
3860875000,        160
3861125000,        160
3861375000,        160
3861625000,        160
3861875000,        160
3862125000,        160
3862375000,        160
3862625000,        160
3862875000,        160
3863125000,        160
3863375000,        160
3863625000,        160
3863875000,        160
3864125000,        160
3864375000,        160
3864625000,        160
3864875000,        160
3865125000,        160
3865375000,        160
3865625000,        160
3865875000,        160
3866125000,        160
3866375000,        160
3866625000,        160
3866875000,        160
3867125000,        160
3867375000,        160
3867625000,        160
3867875000,        160
3868125000,        160
3868375000,        160
3868625000,        160
3868875000,        160
3869125000,        160
3869375000,        160
3869625000,        160
3869875000,        160
3870125000,        160
3870375000,        160
3870625000,        160
3870875000,        160
3871125000,        160
3871375000,        160
3871625000,        160
3871875000,        160
3872125000,        160
3872375000,        160
3872625000,        160
3872875000,        160
3873125000,        160
3873375000,        160
3873625000,        160
3873875000,        160
3874125000,        160
3874375000,        160
3874625000,        160
3874875000,        160
3875125000,        160
3875375000,        160
3875625000,        160
3875875000,        160
3876125000,        160
3876375000,        160
3876625000,        160
3876875000,        160
3877125000,        160
3877375000,        160
3877625000,        160
3877875000,        160
3878125000,        160
3878375000,        160
3878625000,        160
3878875000,        160
3879125000,        160
3879375000,        160
3879625000,        160
3879875000,        160
3880125000,        160
3880375000,        160
3880625000,        160
3880875000,        160
3881125000,        160
3881375000,        160
3881625000,        160
3881875000,        160
3882125000,        160
3882375000,        160
3882625000,        160
3882875000,        160
3883125000,        160
3883375000,        160
3883625000,        160
3883875000,        160
3884125000,        160
3884375000,        160
3884625000,        160
3884875000,        160
3885125000,        160
3885375000,        160
3885625000,        160
3885875000,        160
3886125000,        160
3886375000,        160
3886625000,        160
3886875000,        160
3887125000,        160
3887375000,        160
3887625000,        160
3887875000,        160
3888125000,        160
3888375000,        160
3888625000,        160
3888875000,        160
3889125000,        160
3889375000,        160
3889625000,        160
3889875000,        160
3890125000,        160
3890375000,        160
3890625000,        160
3890875000,        160
3891125000,        160
3891375000,        160
3891625000,        160
3891875000,        160
3892125000,        160
3892375000,        160
3892625000,        160
3892875000,        160
3893125000,        160
3893375000,        160
3893625000,        160
3893875000,        160
3894125000,        160
3894375000,        160
3894625000,        160
3894875000,        160
3895125000,        160
3895375000,        160
3895625000,        160
3895875000,        160
3896125000,        160
3896375000,        160
3896625000,        160
3896875000,        160
3897125000,        160
3897375000,        160
3897625000,        160
3897875000,        160
3898125000,        160
3898375000,        160
3898625000,        160
3898875000,        160
3899125000,        160
3899375000,        160
3899625000,        160
3899875000,        160
3900125000,        160
3900375000,        160
3900625000,        160
3900875000,        160
3901125000,        160
3901375000,        160
3901625000,        160
3901875000,        160
3902125000,        160
3902375000,        160
3902625000,        160
3902875000,        160
3903125000,        160
3903375000,        160
3903625000,        160
3903875000,        160
3904125000,        160
3904375000,        160
3904625000,        160
3904875000,        160
3905125000,        160
3905375000,        160
3905625000,        160
3905875000,        160
3906125000,        160
3906375000,        160
3906625000,        160
3906875000,        160
3907125000,        160
3907375000,        160
3907625000,        160
3907875000,        160
3908125000,        160
3908375000,        160
3908625000,        160
3908875000,        160
3909125000,        160
3909375000,        160
3909625000,        160
3909875000,        160
3910125000,        160
3910375000,        160
3910625000,        160
3910875000,        160
3911125000,        160
3911375000,        160
3911625000,        160
3911875000,        160
3912125000,        160
3912375000,        160
3912625000,        160
3912875000,        160
3913125000,        160
3913375000,        160
3913625000,        160
3913875000,        160
3914125000,        160
3914375000,        160
3914625000,        160
3914875000,        160
3915125000,        160
3915375000,        160
3915625000,        160
3915875000,        160
3916125000,        160
3916375000,        160
3916625000,        160
3916875000,        160
3917125000,        160
3917375000,        160
3917625000,        160
3917875000,        160
3918125000,        160
3918375000,        160
3918625000,        160
3918875000,        160
3919125000,        160
3919375000,        160
3919625000,        160
3919875000,        160
3920125000,        160
3920375000,        160
3920625000,        160
3920875000,        160
3921125000,        160
3921375000,        160
3921625000,        160
3921875000,        160
3922125000,        160
3922375000,        160
3922625000,        160
3922875000,        160
3923125000,        160
3923375000,        160
3923625000,        160
3923875000,        160
3924125000,        160
3924375000,        160
3924625000,        160
3924875000,        160
3925125000,        160
3925375000,        160
3925625000,        160
3925875000,        160
3926125000,        160
3926375000,        160
3926625000,        160
3926875000,        160
3927125000,        160
3927375000,        160
3927625000,        160
3927875000,        160
3928125000,        160
3928375000,        160
3928625000,        160
3928875000,        160
3929125000,        160
3929375000,        160
3929625000,        160
3929875000,        160
3930125000,        160
3930375000,        160
3930625000,        160
3930875000,        160
3931125000,        160
3931375000,        160
3931625000,        160
3931875000,        160
3932125000,        160
3932375000,        160
3932625000,        160
3932875000,        160
3933125000,        160
3933375000,        160
3933625000,        160
3933875000,        160
3934125000,        160
3934375000,        160
3934625000,        160
3934875000,        160
3935125000,        160
3935375000,        160
3935625000,        160
3935875000,        160
3936125000,        160
3936375000,        160
3936625000,        160
3936875000,        160
3937125000,        160
3937375000,        160
3937625000,        160
3937875000,        160
3938125000,        160
3938375000,        160
3938625000,        160
3938875000,        160
3939125000,        160
3939375000,        160
3939625000,        160
3939875000,        160
3940125000,        160
3940375000,        160
3940625000,        160
3940875000,        160
3941125000,        160
3941375000,        160
3941625000,        160
3941875000,        160
3942125000,        160
3942375000,        160
3942625000,        160
3942875000,        160
3943125000,        160
3943375000,        160
3943625000,        160
3943875000,        160
3944125000,        160
3944375000,        160
3944625000,        160
3944875000,        160
3945125000,        160
3945375000,        160
3945625000,        160
3945875000,        160
3946125000,        160
3946375000,        160
3946625000,        160
3946875000,        160
3947125000,        160
3947375000,        160
3947625000,        160
3947875000,        160
3948125000,        160
3948375000,        160
3948625000,        160
3948875000,        160
3949125000,        160
3949375000,        160
3949625000,        160
3949875000,        160
3950125000,        160
3950375000,        160
3950625000,        160
3950875000,        160
3951125000,        160
3951375000,        160
3951625000,        160
3951875000,        160
3952125000,        160
3952375000,        160
3952625000,        160
3952875000,        160
3953125000,        160
3953375000,        160
3953625000,        160
3953875000,        160
3954125000,        160
3954375000,        160
3954625000,        160
3954875000,        160
3955125000,        160
3955375000,        160
3955625000,        160
3955875000,        160
3956125000,        160
3956375000,        160
3956625000,        160
3956875000,        160
3957125000,        160
3957375000,        160
3957625000,        160
3957875000,        160
3958125000,        160
3958375000,        160
3958625000,        160
3958875000,        160
3959125000,        160
3959375000,        160
3959625000,        160
3959875000,        160
3960125000,        160
3960375000,        160
3960625000,        160
3960875000,        160
3961125000,        160
3961375000,        160
3961625000,        160
3961875000,        160
3962125000,        160
3962375000,        160
3962625000,        160
3962875000,        160
3963125000,        160
3963375000,        160
3963625000,        160
3963875000,        160
3964125000,        160
3964375000,        160
3964625000,        160
3964875000,        160
3965125000,        160
3965375000,        160
3965625000,        160
3965875000,        160
3966125000,        160
3966375000,        160
3966625000,        160
3966875000,        160
3967125000,        160
3967375000,        160
3967625000,        160
3967875000,        160
3968125000,        160
3968375000,        160
3968625000,        160
3968875000,        160
3969125000,        160
3969375000,        160
3969625000,        160
3969875000,        160
3970125000,        160
3970375000,        160
3970625000,        160
3970875000,        160
3971125000,        160
3971375000,        160
3971625000,        160
3971875000,        160
3972125000,        160
3972375000,        160
3972625000,        160
3972875000,        160
3973125000,        160
3973375000,        160
3973625000,        160
3973875000,        160
3974125000,        160
3974375000,        160
3974625000,        160
3974875000,        160
3975125000,        160
3975375000,        160
3975625000,        160
3975875000,        160
3976125000,        160
3976375000,        160
3976625000,        160
3976875000,        160
3977125000,        160
3977375000,        160
3977625000,        160
3977875000,        160
3978125000,        160
3978375000,        160
3978625000,        160
3978875000,        160
3979125000,        160
3979375000,        160
3979625000,        160
3979875000,        160
3980125000,        160
3980375000,        160
3980625000,        160
3980875000,        160
3981125000,        160
3981375000,        160
3981625000,        160
3981875000,        160
3982125000,        160
3982375000,        160
3982625000,        160
3982875000,        160
3983125000,        160
3983375000,        160
3983625000,        160
3983875000,        160
3984125000,        160
3984375000,        160
3984625000,        160
3984875000,        160
3985125000,        160
3985375000,        160
3985625000,        160
3985875000,        160
3986125000,        160
3986375000,        160
3986625000,        160
3986875000,        160
3987125000,        160
3987375000,        160
3987625000,        160
3987875000,        160
3988125000,        160
3988375000,        160
3988625000,        160
3988875000,        160
3989125000,        160
3989375000,        160
3989625000,        160
3989875000,        160
3990125000,        160
3990375000,        160
3990625000,        160
3990875000,        160
3991125000,        160
3991375000,        160
3991625000,        160
3991875000,        160
3992125000,        160
3992375000,        160
3992625000,        160
3992875000,        160
3993125000,        160
3993375000,        160
3993625000,        160
3993875000,        160
3994125000,        160
3994375000,        160
3994625000,        160
3994875000,        160
3995125000,        160
3995375000,        160
3995625000,        160
3995875000,        160
3996125000,        160
3996375000,        160
3996625000,        160
3996875000,        160
3997125000,        160
3997375000,        160
3997625000,        160
3997875000,        160
3998125000,        160
3998375000,        160
3998625000,        160
3998875000,        160
3999125000,        160
3999375000,        160
3999625000,        160
3999875000,        160
4000125000,        160
4000375000,        160
4000625000,        160
4000875000,        160
4001125000,        160
4001375000,        160
4001625000,        160
4001875000,        160
4002125000,        160
4002375000,        160
4002625000,        160
4002875000,        160
4003125000,        160
4003375000,        160
4003625000,        160
4003875000,        160
4004125000,        160
4004375000,        160
4004625000,        160
4004875000,        160
4005125000,        160
4005375000,        160
4005625000,        160
4005875000,        160
4006125000,        160
4006375000,        160
4006625000,        160
4006875000,        160
4007125000,        160
4007375000,        160
4007625000,        160
4007875000,        160
4008125000,        160
4008375000,        160
4008625000,        160
4008875000,        160
4009125000,        160
4009375000,        160
4009625000,        160
4009875000,        160
4010125000,        160
4010375000,        160
4010625000,        160
4010875000,        160
4011125000,        160
4011375000,        160
4011625000,        160
4011875000,        160
4012125000,        160
4012375000,        160
4012625000,        160
4012875000,        160
4013125000,        160
4013375000,        160
4013625000,        160
4013875000,        160
4014125000,        160
4014375000,        160
4014625000,        160
4014875000,        160
4015125000,        160
4015375000,        160
4015625000,        160
4015875000,        160
4016125000,        160
4016375000,        160
4016625000,        160
4016875000,        160
4017125000,        160
4017375000,        160
4017625000,        160
4017875000,        160
4018125000,        160
4018375000,        160
4018625000,        160
4018875000,        160
4019125000,        160
4019375000,        160
4019625000,        160
4019875000,        160
4020125000,        160
4020375000,        160
4020625000,        160
4020875000,        160
4021125000,        160
4021375000,        160
4021625000,        160
4021875000,        160
4022125000,        160
4022375000,        160
4022625000,        160
4022875000,        160
4023125000,        160
4023375000,        160
4023625000,        160
4023875000,        160
4024125000,        160
4024375000,        160
4024625000,        160
4024875000,        160
4025125000,        160
4025375000,        160
4025625000,        160
4025875000,        160
4026125000,        160
4026375000,        160
4026625000,        160
4026875000,        160
4027125000,        160
4027375000,        160
4027625000,        160
4027875000,        160
4028125000,        160
4028375000,        160
4028625000,        160
4028875000,        160
4029125000,        160
4029375000,        160
4029625000,        160
4029875000,        160
4030125000,        160
4030375000,        160
4030625000,        160
4030875000,        160
4031125000,        160
4031375000,        160
4031625000,        160
4031875000,        160
4032125000,        160
4032375000,        160
4032625000,        160
4032875000,        160
4033125000,        160
4033375000,        160
4033625000,        160
4033875000,        160
4034125000,        160
4034375000,        160
4034625000,        160
4034875000,        160
4035125000,        160
4035375000,        160
4035625000,        160
4035875000,        160
4036125000,        160
4036375000,        160
4036625000,        160
4036875000,        160
4037125000,        160
4037375000,        160
4037625000,        160
4037875000,        160
4038125000,        160
4038375000,        160
4038625000,        160
4038875000,        160
4039125000,        160
4039375000,        160
4039625000,        160
4039875000,        160
4040125000,        160
4040375000,        160
4040625000,        160
4040875000,        160
4041125000,        160
4041375000,        160
4041625000,        160
4041875000,        160
4042125000,        160
4042375000,        160
4042625000,        160
4042875000,        160
4043125000,        160
4043375000,        160
4043625000,        160
4043875000,        160
4044125000,        160
4044375000,        160
4044625000,        160
4044875000,        160
4045125000,        160
4045375000,        160
4045625000,        160
4045875000,        160
4046125000,        160
4046375000,        160
4046625000,        160
4046875000,        160
4047125000,        160
4047375000,        160
4047625000,        160
4047875000,        160
4048125000,        160
4048375000,        160
4048625000,        160
4048875000,        160
4049125000,        160
4049375000,        160
4049625000,        160
4049875000,        160
4050125000,        160
4050375000,        160
4050625000,        160
4050875000,        160
4051125000,        160
4051375000,        160
4051625000,        160
4051875000,        160
4052125000,        160
4052375000,        160
4052625000,        160
4052875000,        160
4053125000,        160
4053375000,        160
4053625000,        160
4053875000,        160
4054125000,        160
4054375000,        160
4054625000,        160
4054875000,        160
4055125000,        160
4055375000,        160
4055625000,        160
4055875000,        160
4056125000,        160
4056375000,        160
4056625000,        160
4056875000,        160
4057125000,        160
4057375000,        160
4057625000,        160
4057875000,        160
4058125000,        160
4058375000,        160
4058625000,        160
4058875000,        160
4059125000,        160
4059375000,        160
4059625000,        160
4059875000,        160
4060125000,        160
4060375000,        160
4060625000,        160
4060875000,        160
4061125000,        160
4061375000,        160
4061625000,        160
4061875000,        160
4062125000,        160
4062375000,        160
4062625000,        160
4062875000,        160
4063125000,        160
4063375000,        160
4063625000,        160
4063875000,        160
4064125000,        160
4064375000,        160
4064625000,        160
4064875000,        160
4065125000,        160
4065375000,        160
4065625000,        160
4065875000,        160
4066125000,        160
4066375000,        160
4066625000,        160
4066875000,        160
4067125000,        160
4067375000,        160
4067625000,        160
4067875000,        160
4068125000,        160
4068375000,        160
4068625000,        160
4068875000,        160
4069125000,        160
4069375000,        160
4069625000,        160
4069875000,        160
4070125000,        160
4070375000,        160
4070625000,        160
4070875000,        160
4071125000,        160
4071375000,        160
4071625000,        160
4071875000,        160
4072125000,        160
4072375000,        160
4072625000,        160
4072875000,        160
4073125000,        160
4073375000,        160
4073625000,        160
4073875000,        160
4074125000,        160
4074375000,        160
4074625000,        160
4074875000,        160
4075125000,        160
4075375000,        160
4075625000,        160
4075875000,        160
4076125000,        160
4076375000,        160
4076625000,        160
4076875000,        160
4077125000,        160
4077375000,        160
4077625000,        160
4077875000,        160
4078125000,        160
4078375000,        160
4078625000,        160
4078875000,        160
4079125000,        160
4079375000,        160
4079625000,        160
4079875000,        160
4080125000,        160
4080375000,        160
4080625000,        160
4080875000,        160
4081125000,        160
4081375000,        160
4081625000,        160
4081875000,        160
4082125000,        160
4082375000,        160
4082625000,        160
4082875000,        160
4083125000,        160
4083375000,        160
4083625000,        160
4083875000,        160
4084125000,        160
4084375000,        160
4084625000,        160
4084875000,        160
4085125000,        160
4085375000,        160
4085625000,        160
4085875000,        160
4086125000,        160
4086375000,        160
4086625000,        160
4086875000,        160
4087125000,        160
4087375000,        160
4087625000,        160
4087875000,        160
4088125000,        160
4088375000,        160
4088625000,        160
4088875000,        160
4089125000,        160
4089375000,        160
4089625000,        160
4089875000,        160
4090125000,        160
4090375000,        160
4090625000,        160
4090875000,        160
4091125000,        160
4091375000,        160
4091625000,        160
4091875000,        160
4092125000,        160
4092375000,        160
4092625000,        160
4092875000,        160
4093125000,        160
4093375000,        160
4093625000,        160
4093875000,        160
4094125000,        160
4094375000,        160
4094625000,        160
4094875000,        160
4095125000,        160
4095375000,        160
4095625000,        160
4095875000,        160
4096125000,        160
4096375000,        160
4096625000,        160
4096875000,        160
4097125000,        160
4097375000,        160
4097625000,        160
4097875000,        160
4098125000,        160
4098375000,        160
4098625000,        160
4098875000,        160
4099125000,        160
4099375000,        160
4099625000,        160
4099875000,        160
4100125000,        160
4100375000,        160
4100625000,        160
4100875000,        160
4101125000,        160
4101375000,        160
4101625000,        160
4101875000,        160
4102125000,        160
4102375000,        160
4102625000,        160
4102875000,        160
4103125000,        160
4103375000,        160
4103625000,        160
4103875000,        160
4104125000,        160
4104375000,        160
4104625000,        160
4104875000,        160
4105125000,        160
4105375000,        160
4105625000,        160
4105875000,        160
4106125000,        160
4106375000,        160
4106625000,        160
4106875000,        160
4107125000,        160
4107375000,        160
4107625000,        160
4107875000,        160
4108125000,        160
4108375000,        160
4108625000,        160
4108875000,        160
4109125000,        160
4109375000,        160
4109625000,        160
4109875000,        160
4110125000,        160
4110375000,        160
4110625000,        160
4110875000,        160
4111125000,        160
4111375000,        160
4111625000,        160
4111875000,        160
4112125000,        160
4112375000,        160
4112625000,        160
4112875000,        160
4113125000,        160
4113375000,        160
4113625000,        160
4113875000,        160
4114125000,        160
4114375000,        160
4114625000,        160
4114875000,        160
4115125000,        160
4115375000,        160
4115625000,        160
4115875000,        160
4116125000,        160
4116375000,        160
4116625000,        160
4116875000,        160
4117125000,        160
4117375000,        160
4117625000,        160
4117875000,        160
4118125000,        160
4118375000,        160
4118625000,        160
4118875000,        160
4119125000,        160
4119375000,        160
4119625000,        160
4119875000,        160
4120125000,        160
4120375000,        160
4120625000,        160
4120875000,        160
4121125000,        160
4121375000,        160
4121625000,        160
4121875000,        160
4122125000,        160
4122375000,        160
4122625000,        160
4122875000,        160
4123125000,        160
4123375000,        160
4123625000,        160
4123875000,        160
4124125000,        160
4124375000,        160
4124625000,        160
4124875000,        160
4125125000,        160
4125375000,        160
4125625000,        160
4125875000,        160
4126125000,        160
4126375000,        160
4126625000,        160
4126875000,        160
4127125000,        160
4127375000,        160
4127625000,        160
4127875000,        160
4128125000,        160
4128375000,        160
4128625000,        160
4128875000,        160
4129125000,        160
4129375000,        160
4129625000,        160
4129875000,        160
4130125000,        160
4130375000,        160
4130625000,        160
4130875000,        160
4131125000,        160
4131375000,        160
4131625000,        160
4131875000,        160
4132125000,        160
4132375000,        160
4132625000,        160
4132875000,        160
4133125000,        160
4133375000,        160
4133625000,        160
4133875000,        160
4134125000,        160
4134375000,        160
4134625000,        160
4134875000,        160
4135125000,        160
4135375000,        160
4135625000,        160
4135875000,        160
4136125000,        160
4136375000,        160
4136625000,        160
4136875000,        160
4137125000,        160
4137375000,        160
4137625000,        160
4137875000,        160
4138125000,        160
4138375000,        160
4138625000,        160
4138875000,        160
4139125000,        160
4139375000,        160
4139625000,        160
4139875000,        160
4140125000,        160
4140375000,        160
4140625000,        160
4140875000,        160
4141125000,        160
4141375000,        160
4141625000,        160
4141875000,        160
4142125000,        160
4142375000,        160
4142625000,        160
4142875000,        160
4143125000,        160
4143375000,        160
4143625000,        160
4143875000,        160
4144125000,        160
4144375000,        160
4144625000,        160
4144875000,        160
4145125000,        160
4145375000,        160
4145625000,        160
4145875000,        160
4146125000,        160
4146375000,        160
4146625000,        160
4146875000,        160
4147125000,        160
4147375000,        160
4147625000,        160
4147875000,        160
4148125000,        160
4148375000,        160
4148625000,        160
4148875000,        160
4149125000,        160
4149375000,        160
4149625000,        160
4149875000,        160
4150125000,        160
4150375000,        160
4150625000,        160
4150875000,        160
4151125000,        160
4151375000,        160
4151625000,        160
4151875000,        160
4152125000,        160
4152375000,        160
4152625000,        160
4152875000,        160
4153125000,        160
4153375000,        160
4153625000,        160
4153875000,        160
4154125000,        160
4154375000,        160
4154625000,        160
4154875000,        160
4155125000,        160
4155375000,        160
4155625000,        160
4155875000,        160
4156125000,        160
4156375000,        160
4156625000,        160
4156875000,        160
4157125000,        160
4157375000,        160
4157625000,        160
4157875000,        160
4158125000,        160
4158375000,        160
4158625000,        160
4158875000,        160
4159125000,        160
4159375000,        160
4159625000,        160
4159875000,        160
4160125000,        160
4160375000,        160
4160625000,        160
4160875000,        160
4161125000,        160
4161375000,        160
4161625000,        160
4161875000,        160
4162125000,        160
4162375000,        160
4162625000,        160
4162875000,        160
4163125000,        160
4163375000,        160
4163625000,        160
4163875000,        160
4164125000,        160
4164375000,        160
4164625000,        160
4164875000,        160
4165125000,        160
4165375000,        160
4165625000,        160
4165875000,        160
4166125000,        160
4166375000,        160
4166625000,        160
4166875000,        160
4167125000,        160
4167375000,        160
4167625000,        160
4167875000,        160
4168125000,        160
4168375000,        160
4168625000,        160
4168875000,        160
4169125000,        160
4169375000,        160
4169625000,        160
4169875000,        160
4170125000,        160
4170375000,        160
4170625000,        160
4170875000,        160
4171125000,        160
4171375000,        160
4171625000,        160
4171875000,        160
4172125000,        160
4172375000,        160
4172625000,        160
4172875000,        160
4173125000,        160
4173375000,        160
4173625000,        160
4173875000,        160
4174125000,        160
4174375000,        160
4174625000,        160
4174875000,        160
4175125000,        160
4175375000,        160
4175625000,        160
4175875000,        160
4176125000,        160
4176375000,        160
4176625000,        160
4176875000,        160
4177125000,        160
4177375000,        160
4177625000,        160
4177875000,        160
4178125000,        160
4178375000,        160
4178625000,        160
4178875000,        160
4179125000,        160
4179375000,        160
4179625000,        160
4179875000,        160
4180125000,        160
4180375000,        160
4180625000,        160
4180875000,        160
4181125000,        160
4181375000,        160
4181625000,        160
4181875000,        160
4182125000,        160
4182375000,        160
4182625000,        160
4182875000,        160
4183125000,        160
4183375000,        160
4183625000,        160
4183875000,        160
4184125000,        160
4184375000,        160
4184625000,        160
4184875000,        160
4185125000,        160
4185375000,        160
4185625000,        160
4185875000,        160
4186125000,        160
4186375000,        160
4186625000,        160
4186875000,        160
4187125000,        160
4187375000,        160
4187625000,        160
4187875000,        160
4188125000,        160
4188375000,        160
4188625000,        160
4188875000,        160
4189125000,        160
4189375000,        160
4189625000,        160
4189875000,        160
4190125000,        160
4190375000,        160
4190625000,        160
4190875000,        160
4191125000,        160
4191375000,        160
4191625000,        160
4191875000,        160
4192125000,        160
4192375000,        160
4192625000,        160
4192875000,        160
4193125000,        160
4193375000,        160
4193625000,        160
4193875000,        160
4194125000,        160
4194375000,        160
4194625000,        160
4194875000,        160
4195125000,        160
4195375000,        160
4195625000,        160
4195875000,        160
4196125000,        160
4196375000,        160
4196625000,        160
4196875000,        160
4197125000,        160
4197375000,        160
4197625000,        160
4197875000,        160
4198125000,        160
4198375000,        160
4198625000,        160
4198875000,        160
4199125000,        160
4199375000,        160
4199625000,        160
4199875000,        160
4200125000,        160
4200375000,        160
4200625000,        160
4200875000,        160
4201125000,        160
4201375000,        160
4201625000,        160
4201875000,        160
4202125000,        160
4202375000,        160
4202625000,        160
4202875000,        160
4203125000,        160
4203375000,        160
4203625000,        160
4203875000,        160
4204125000,        160
4204375000,        160
4204625000,        160
4204875000,        160
4205125000,        160
4205375000,        160
4205625000,        160
4205875000,        160
4206125000,        160
4206375000,        160
4206625000,        160
4206875000,        160
4207125000,        160
4207375000,        160
4207625000,        160
4207875000,        160
4208125000,        160
4208375000,        160
4208625000,        160
4208875000,        160
4209125000,        160
4209375000,        160
4209625000,        160
4209875000,        160
4210125000,        160
4210375000,        160
4210625000,        160
4210875000,        160
4211125000,        160
4211375000,        160
4211625000,        160
4211875000,        160
4212125000,        160
4212375000,        160
4212625000,        160
4212875000,        160
4213125000,        160
4213375000,        160
4213625000,        160
4213875000,        160
4214125000,        160
4214375000,        160
4214625000,        160
4214875000,        160
4215125000,        160
4215375000,        160
4215625000,        160
4215875000,        160
4216125000,        160
4216375000,        160
4216625000,        160
4216875000,        160
4217125000,        160
4217375000,        160
4217625000,        160
4217875000,        160
4218125000,        160
4218375000,        160
4218625000,        160
4218875000,        160
4219125000,        160
4219375000,        160
4219625000,        160
4219875000,        160
4220125000,        160
4220375000,        160
4220625000,        160
4220875000,        160
4221125000,        160
4221375000,        160
4221625000,        160
4221875000,        160
4222125000,        160
4222375000,        160
4222625000,        160
4222875000,        160
4223125000,        160
4223375000,        160
4223625000,        160
4223875000,        160
4224125000,        160
4224375000,        160
4224625000,        160
4224875000,        160
4225125000,        160
4225375000,        160
4225625000,        160
4225875000,        160
4226125000,        160
4226375000,        160
4226625000,        160
4226875000,        160
4227125000,        160
4227375000,        160
4227625000,        160
4227875000,        160
4228125000,        160
4228375000,        160
4228625000,        160
4228875000,        160
4229125000,        160
4229375000,        160
4229625000,        160
4229875000,        160
4230125000,        160
4230375000,        160
4230625000,        160
4230875000,        160
4231125000,        160
4231375000,        160
4231625000,        160
4231875000,        160
4232125000,        160
4232375000,        160
4232625000,        160
4232875000,        160
4233125000,        160
4233375000,        160
4233625000,        160
4233875000,        160
4234125000,        160
4234375000,        160
4234625000,        160
4234875000,        160
4235125000,        160
4235375000,        160
4235625000,        160
4235875000,        160
4236125000,        160
4236375000,        160
4236625000,        160
4236875000,        160
4237125000,        160
4237375000,        160
4237625000,        160
4237875000,        160
4238125000,        160
4238375000,        160
4238625000,        160
4238875000,        160
4239125000,        160
4239375000,        160
4239625000,        160
4239875000,        160
4240125000,        160
4240375000,        160
4240625000,        160
4240875000,        160
4241125000,        160
4241375000,        160
4241625000,        160
4241875000,        160
4242125000,        160
4242375000,        160
4242625000,        160
4242875000,        160
4243125000,        160
4243375000,        160
4243625000,        160
4243875000,        160
4244125000,        160
4244375000,        160
4244625000,        160
4244875000,        160
4245125000,        160
4245375000,        160
4245625000,        160
4245875000,        160
4246125000,        160
4246375000,        160
4246625000,        160
4246875000,        160
4247125000,        160
4247375000,        160
4247625000,        160
4247875000,        160
4248125000,        160
4248375000,        160
4248625000,        160
4248875000,        160
4249125000,        160
4249375000,        160
4249625000,        160
4249875000,        160
4250125000,        160
4250375000,        160
4250625000,        160
4250875000,        160
4251125000,        160
4251375000,        160
4251625000,        160
4251875000,        160
4252125000,        160
4252375000,        160
4252625000,        160
4252875000,        160
4253125000,        160
4253375000,        160
4253625000,        160
4253875000,        160
4254125000,        160
4254375000,        160
4254625000,        160
4254875000,        160
4255125000,        160
4255375000,        160
4255625000,        160
4255875000,        160
4256125000,        160
4256375000,        160
4256625000,        160
4256875000,        160
4257125000,        160
4257375000,        160
4257625000,        160
4257875000,        160
4258125000,        160
4258375000,        160
4258625000,        160
4258875000,        160
4259125000,        160
4259375000,        160
4259625000,        160
4259875000,        160
4260125000,        160
4260375000,        160
4260625000,        160
4260875000,        160
4261125000,        160
4261375000,        160
4261625000,        160
4261875000,        160
4262125000,        160
4262375000,        160
4262625000,        160
4262875000,        160
4263125000,        160
4263375000,        160
4263625000,        160
4263875000,        160
4264125000,        160
4264375000,        160
4264625000,        160
4264875000,        160
4265125000,        160
4265375000,        160
4265625000,        160
4265875000,        160
4266125000,        160
4266375000,        160
4266625000,        160
4266875000,        160
4267125000,        160
4267375000,        160
4267625000,        160
4267875000,        160
4268125000,        160
4268375000,        160
4268625000,        160
4268875000,        160
4269125000,        160
4269375000,        160
4269625000,        160
4269875000,        160
4270125000,        160
4270375000,        160
4270625000,        160
4270875000,        160
4271125000,        160
4271375000,        160
4271625000,        160
4271875000,        160
4272125000,        160
4272375000,        160
4272625000,        160
4272875000,        160
4273125000,        160
4273375000,        160
4273625000,        160
4273875000,        160
4274125000,        160
4274375000,        160
4274625000,        160
4274875000,        160
4275125000,        160
4275375000,        160
4275625000,        160
4275875000,        160
4276125000,        160
4276375000,        160
4276625000,        160
4276875000,        160
4277125000,        160
4277375000,        160
4277625000,        160
4277875000,        160
4278125000,        160
4278375000,        160
4278625000,        160
4278875000,        160
4279125000,        160
4279375000,        160
4279625000,        160
4279875000,        160
4280125000,        160
4280375000,        160
4280625000,        160
4280875000,        160
4281125000,        160
4281375000,        160
4281625000,        160
4281875000,        160
4282125000,        160
4282375000,        160
4282625000,        160
4282875000,        160
4283125000,        160
4283375000,        160
4283625000,        160
4283875000,        160
4284125000,        160
4284375000,        160
4284625000,        160
4284875000,        160
4285125000,        160
4285375000,        160
4285625000,        160
4285875000,        160
4286125000,        160
4286375000,        160
4286625000,        160
4286875000,        160
4287125000,        160
4287375000,        160
4287625000,        160
4287875000,        160
4288125000,        160
4288375000,        160
4288625000,        160
4288875000,        160
4289125000,        160
4289375000,        160
4289625000,        160
4289875000,        160
4290125000,        160
4290375000,        160
4290625000,        160
4290875000,        160
4291125000,        160
4291375000,        160
4291625000,        160
4291875000,        160
4292125000,        160
4292375000,        160
4292625000,        160
4292875000,        160
4293125000,        160
4293375000,        160
4293625000,        160
4293875000,        160
4294125000,        160
4294375000,        160
4294625000,        160
4294875000,        160
4295125000,        160
4295375000,        160
4295625000,        160
4295875000,        160
4296125000,        160
4296375000,        160
4296625000,        160
4296875000,        160
4297125000,        160
4297375000,        160
4297625000,        160
4297875000,        160
4298125000,        160
4298375000,        160
4298625000,        160
4298875000,        160
4299125000,        160
4299375000,        160
4299625000,        160
4299875000,        160
4300125000,        160
4300375000,        160
4300625000,        160
4300875000,        160
4301125000,        160
4301375000,        160
4301625000,        160
4301875000,        160
4302125000,        160
4302375000,        160
4302625000,        160
4302875000,        160
4303125000,        160
4303375000,        160
4303625000,        160
4303875000,        160
4304125000,        160
4304375000,        160
4304625000,        160
4304875000,        160
4305125000,        160
4305375000,        160
4305625000,        160
4305875000,        160
4306125000,        160
4306375000,        160
4306625000,        160
4306875000,        160
4307125000,        160
4307375000,        160
4307625000,        160
4307875000,        160
4308125000,        160
4308375000,        160
4308625000,        160
4308875000,        160
4309125000,        160
4309375000,        160
4309625000,        160
4309875000,        160
4310125000,        160
4310375000,        160
4310625000,        160
4310875000,        160
4311125000,        160
4311375000,        160
4311625000,        160
4311875000,        160
4312125000,        160
4312375000,        160
4312625000,        160
4312875000,        160
4313125000,        160
4313375000,        160
4313625000,        160
4313875000,        160
4314125000,        160
4314375000,        160
4314625000,        160
4314875000,        160
4315125000,        160
4315375000,        160
4315625000,        160
4315875000,        160
4316125000,        160
4316375000,        160
4316625000,        160
4316875000,        160
4317125000,        160
4317375000,        160
4317625000,        160
4317875000,        160
4318125000,        160
4318375000,        160
4318625000,        160
4318875000,        160
4319125000,        160
4319375000,        160
4319625000,        160
4319875000,        160
4320125000,        160
4320375000,        160
4320625000,        160
4320875000,        160
4321125000,        160
4321375000,        160
4321625000,        160
4321875000,        160
4322125000,        160
4322375000,        160
4322625000,        160
4322875000,        160
4323125000,        160
4323375000,        160
4323625000,        160
4323875000,        160
4324125000,        160
4324375000,        160
4324625000,        160
4324875000,        160
4325125000,        160
4325375000,        160
4325625000,        160
4325875000,        160
4326125000,        160
4326375000,        160
4326625000,        160
4326875000,        160
4327125000,        160
4327375000,        160
4327625000,        160
4327875000,        160
4328125000,        160
4328375000,        160
4328625000,        160
4328875000,        160
4329125000,        160
4329375000,        160
4329625000,        160
4329875000,        160
4330125000,        160
4330375000,        160
4330625000,        160
4330875000,        160
4331125000,        160
4331375000,        160
4331625000,        160
4331875000,        160
4332125000,        160
4332375000,        160
4332625000,        160
4332875000,        160
4333125000,        160
4333375000,        160
4333625000,        160
4333875000,        160
4334125000,        160
4334375000,        160
4334625000,        160
4334875000,        160
4335125000,        160
4335375000,        160
4335625000,        160
4335875000,        160
4336125000,        160
4336375000,        160
4336625000,        160
4336875000,        160
4337125000,        160
4337375000,        160
4337625000,        160
4337875000,        160
4338125000,        160
4338375000,        160
4338625000,        160
4338875000,        160
4339125000,        160
4339375000,        160
4339625000,        160
4339875000,        160
4340125000,        160
4340375000,        160
4340625000,        160
4340875000,        160
4341125000,        160
4341375000,        160
4341625000,        160
4341875000,        160
4342125000,        160
4342375000,        160
4342625000,        160
4342875000,        160
4343125000,        160
4343375000,        160
4343625000,        160
4343875000,        160
4344125000,        160
4344375000,        160
4344625000,        160
4344875000,        160
4345125000,        160
4345375000,        160
4345625000,        160
4345875000,        160
4346125000,        160
4346375000,        160
4346625000,        160
4346875000,        160
4347125000,        160
4347375000,        160
4347625000,        160
4347875000,        160
4348125000,        160
4348375000,        160
4348625000,        160
4348875000,        160
4349125000,        160
4349375000,        160
4349625000,        160
4349875000,        160
4350125000,        160
4350375000,        160
4350625000,        160
4350875000,        160
4351125000,        160
4351375000,        160
4351625000,        160
4351875000,        160
4352125000,        160
4352375000,        160
4352625000,        160
4352875000,        160
4353125000,        160
4353375000,        160
4353625000,        160
4353875000,        160
4354125000,        160
4354375000,        160
4354625000,        160
4354875000,        160
4355125000,        160
4355375000,        160
4355625000,        160
4355875000,        160
4356125000,        160
4356375000,        160
4356625000,        160
4356875000,        160
4357125000,        160
4357375000,        160
4357625000,        160
4357875000,        160
4358125000,        160
4358375000,        160
4358625000,        160
4358875000,        160
4359125000,        160
4359375000,        160
4359625000,        160
4359875000,        160
4360125000,        160
4360375000,        160
4360625000,        160
4360875000,        160
4361125000,        160
4361375000,        160
4361625000,        160
4361875000,        160
4362125000,        160
4362375000,        160
4362625000,        160
4362875000,        160
4363125000,        160
4363375000,        160
4363625000,        160
4363875000,        160
4364125000,        160
4364375000,        160
4364625000,        160
4364875000,        160
4365125000,        160
4365375000,        160
4365625000,        160
4365875000,        160
4366125000,        160
4366375000,        160
4366625000,        160
4366875000,        160
4367125000,        160
4367375000,        160
4367625000,        160
4367875000,        160
4368125000,        160
4368375000,        160
4368625000,        160
4368875000,        160
4369125000,        160
4369375000,        160
4369625000,        160
4369875000,        160
4370125000,        160
4370375000,        160
4370625000,        160
4370875000,        160
4371125000,        160
4371375000,        160
4371625000,        160
4371875000,        160
4372125000,        160
4372375000,        160
4372625000,        160
4372875000,        160
4373125000,        160
4373375000,        160
4373625000,        160
4373875000,        160
4374125000,        160
4374375000,        160
4374625000,        160
4374875000,        160
4375125000,        160
4375375000,        160
4375625000,        160
4375875000,        160
4376125000,        160
4376375000,        160
4376625000,        160
4376875000,        160
4377125000,        160
4377375000,        160
4377625000,        160
4377875000,        160
4378125000,        160
4378375000,        160
4378625000,        160
4378875000,        160
4379125000,        160
4379375000,        160
4379625000,        160
4379875000,        160
4380125000,        160
4380375000,        160
4380625000,        160
4380875000,        160
4381125000,        160
4381375000,        160
4381625000,        160
4381875000,        160
4382125000,        160
4382375000,        160
4382625000,        160
4382875000,        160
4383125000,        160
4383375000,        160
4383625000,        160
4383875000,        160
4384125000,        160
4384375000,        160
4384625000,        160
4384875000,        160
4385125000,        160
4385375000,        160
4385625000,        160
4385875000,        160
4386125000,        160
4386375000,        160
4386625000,        160
4386875000,        160
4387125000,        160
4387375000,        160
4387625000,        160
4387875000,        160
4388125000,        160
4388375000,        160
4388625000,        160
4388875000,        160
4389125000,        160
4389375000,        160
4389625000,        160
4389875000,        160
4390125000,        160
4390375000,        160
4390625000,        160
4390875000,        160
4391125000,        160
4391375000,        160
4391625000,        160
4391875000,        160
4392125000,        160
4392375000,        160
4392625000,        160
4392875000,        160
4393125000,        160
4393375000,        160
4393625000,        160
4393875000,        160
4394125000,        160
4394375000,        160
4394625000,        160
4394875000,        160
4395125000,        160
4395375000,        160
4395625000,        160
4395875000,        160
4396125000,        160
4396375000,        160
4396625000,        160
4396875000,        160
4397125000,        160
4397375000,        160
4397625000,        160
4397875000,        160
4398125000,        160
4398375000,        160
4398625000,        160
4398875000,        160
4399125000,        160
4399375000,        160
4399625000,        160
4399875000,        160
4400125000,        160
4400375000,        160
4400625000,        160
4400875000,        160
4401125000,        160
4401375000,        160
4401625000,        160
4401875000,        160
4402125000,        160
4402375000,        160
4402625000,        160
4402875000,        160
4403125000,        160
4403375000,        160
4403625000,        160
4403875000,        160
4404125000,        160
4404375000,        160
4404625000,        160
4404875000,        160
4405125000,        160
4405375000,        160
4405625000,        160
4405875000,        160
4406125000,        160
4406375000,        160
4406625000,        160
4406875000,        160
4407125000,        160
4407375000,        160
4407625000,        160
4407875000,        160
4408125000,        160
4408375000,        160
4408625000,        160
4408875000,        160
4409125000,        160
4409375000,        160
4409625000,        160
4409875000,        160
4410125000,        160
4410375000,        160
4410625000,        160
4410875000,        160
4411125000,        160
4411375000,        160
4411625000,        160
4411875000,        160
4412125000,        160
4412375000,        160
4412625000,        160
4412875000,        160
4413125000,        160
4413375000,        160
4413625000,        160
4413875000,        160
4414125000,        160
4414375000,        160
4414625000,        160
4414875000,        160
4415125000,        160
4415375000,        160
4415625000,        160
4415875000,        160
4416125000,        160
4416375000,        160
4416625000,        160
4416875000,        160
4417125000,        160
4417375000,        160
4417625000,        160
4417875000,        160
4418125000,        160
4418375000,        160
4418625000,        160
4418875000,        160
4419125000,        160
4419375000,        160
4419625000,        160
4419875000,        160
4420125000,        160
4420375000,        160
4420625000,        160
4420875000,        160
4421125000,        160
4421375000,        160
4421625000,        160
4421875000,        160
4422125000,        160
4422375000,        160
4422625000,        160
4422875000,        160
4423125000,        160
4423375000,        160
4423625000,        160
4423875000,        160
4424125000,        160
4424375000,        160
4424625000,        160
4424875000,        160
4425125000,        160
4425375000,        160
4425625000,        160
4425875000,        160
4426125000,        160
4426375000,        160
4426625000,        160
4426875000,        160
4427125000,        160
4427375000,        160
4427625000,        160
4427875000,        160
4428125000,        160
4428375000,        160
4428625000,        160
4428875000,        160
4429125000,        160
4429375000,        160
4429625000,        160
4429875000,        160
4430125000,        160
4430375000,        160
4430625000,        160
4430875000,        160
4431125000,        160
4431375000,        160
4431625000,        160
4431875000,        160
4432125000,        160
4432375000,        160
4432625000,        160
4432875000,        160
4433125000,        160
4433375000,        160
4433625000,        160
4433875000,        160
4434125000,        160
4434375000,        160
4434625000,        160
4434875000,        160
4435125000,        160
4435375000,        160
4435625000,        160
4435875000,        160
4436125000,        160
4436375000,        160
4436625000,        160
4436875000,        160
4437125000,        160
4437375000,        160
4437625000,        160
4437875000,        160
4438125000,        160
4438375000,        160
4438625000,        160
4438875000,        160
4439125000,        160
4439375000,        160
4439625000,        160
4439875000,        160
4440125000,        160
4440375000,        160
4440625000,        160
4440875000,        160
4441125000,        160
4441375000,        160
4441625000,        160
4441875000,        160
4442125000,        160
4442375000,        160
4442625000,        160
4442875000,        160
4443125000,        160
4443375000,        160
4443625000,        160
4443875000,        160
4444125000,        160
4444375000,        160
4444625000,        160
4444875000,        160
4445125000,        160
4445375000,        160
4445625000,        160
4445875000,        160
4446125000,        160
4446375000,        160
4446625000,        160
4446875000,        160
4447125000,        160
4447375000,        160
4447625000,        160
4447875000,        160
4448125000,        160
4448375000,        160
4448625000,        160
4448875000,        160
4449125000,        160
4449375000,        160
4449625000,        160
4449875000,        160
4450125000,        160
4450375000,        160
4450625000,        160
4450875000,        160
4451125000,        160
4451375000,        160
4451625000,        160
4451875000,        160
4452125000,        160
4452375000,        160
4452625000,        160
4452875000,        160
4453125000,        160
4453375000,        160
4453625000,        160
4453875000,        160
4454125000,        160
4454375000,        160
4454625000,        160
4454875000,        160
4455125000,        160
4455375000,        160
4455625000,        160
4455875000,        160
4456125000,        160
4456375000,        160
4456625000,        160
4456875000,        160
4457125000,        160
4457375000,        160
4457625000,        160
4457875000,        160
4458125000,        160
4458375000,        160
4458625000,        160
4458875000,        160
4459125000,        160
4459375000,        160
4459625000,        160
4459875000,        160
4460125000,        160
4460375000,        160
4460625000,        160
4460875000,        160
4461125000,        160
4461375000,        160
4461625000,        160
4461875000,        160
4462125000,        160
4462375000,        160
4462625000,        160
4462875000,        160
4463125000,        160
4463375000,        160
4463625000,        160
4463875000,        160
4464125000,        160
4464375000,        160
4464625000,        160
4464875000,        160
4465125000,        160
4465375000,        160
4465625000,        160
4465875000,        160
4466125000,        160
4466375000,        160
4466625000,        160
4466875000,        160
4467125000,        160
4467375000,        160
4467625000,        160
4467875000,        160
4468125000,        160
4468375000,        160
4468625000,        160
4468875000,        160
4469125000,        160
4469375000,        160
4469625000,        160
4469875000,        160
4470125000,        160
4470375000,        160
4470625000,        160
4470875000,        160
4471125000,        160
4471375000,        160
4471625000,        160
4471875000,        160
4472125000,        160
4472375000,        160
4472625000,        160
4472875000,        160
4473125000,        160
4473375000,        160
4473625000,        160
4473875000,        160
4474125000,        160
4474375000,        160
4474625000,        160
4474875000,        160
4475125000,        160
4475375000,        160
4475625000,        160
4475875000,        160
4476125000,        160
4476375000,        160
4476625000,        160
4476875000,        160
4477125000,        160
4477375000,        160
4477625000,        160
4477875000,        160
4478125000,        160
4478375000,        160
4478625000,        160
4478875000,        160
4479125000,        160
4479375000,        160
4479625000,        160
4479875000,        160
4480125000,        160
4480375000,        160
4480625000,        160
4480875000,        160
4481125000,        160
4481375000,        160
4481625000,        160
4481875000,        160
4482125000,        160
4482375000,        160
4482625000,        160
4482875000,        160
4483125000,        160
4483375000,        160
4483625000,        160
4483875000,        160
4484125000,        160
4484375000,        160
4484625000,        160
4484875000,        160
4485125000,        160
4485375000,        160
4485625000,        160
4485875000,        160
4486125000,        160
4486375000,        160
4486625000,        160
4486875000,        160
4487125000,        160
4487375000,        160
4487625000,        160
4487875000,        160
4488125000,        160
4488375000,        160
4488625000,        160
4488875000,        160
4489125000,        160
4489375000,        160
4489625000,        160
4489875000,        160
4490125000,        160
4490375000,        160
4490625000,        160
4490875000,        160
4491125000,        160
4491375000,        160
4491625000,        160
4491875000,        160
4492125000,        160
4492375000,        160
4492625000,        160
4492875000,        160
4493125000,        160
4493375000,        160
4493625000,        160
4493875000,        160
4494125000,        160
4494375000,        160
4494625000,        160
4494875000,        160
4495125000,        160
4495375000,        160
4495625000,        160
4495875000,        160
4496125000,        160
4496375000,        160
4496625000,        160
4496875000,        160
4497125000,        160
4497375000,        160
4497625000,        160
4497875000,        160
4498125000,        160
4498375000,        160
4498625000,        160
4498875000,        160
4499125000,        160
4499375000,        160
4499625000,        160
4499875000,        160
4500125000,        160
4500375000,        160
4500625000,        160
4500875000,        160
4501125000,        160
4501375000,        160
4501625000,        160
4501875000,        160
4502125000,        160
4502375000,        160
4502625000,        160
4502875000,        160
4503125000,        160
4503375000,        160
4503625000,        160
4503875000,        160
4504125000,        160
4504375000,        160
4504625000,        160
4504875000,        160
4505125000,        160
4505375000,        160
4505625000,        160
4505875000,        160
4506125000,        160
4506375000,        160
4506625000,        160
4506875000,        160
4507125000,        160
4507375000,        160
4507625000,        160
4507875000,        160
4508125000,        160
4508375000,        160
4508625000,        160
4508875000,        160
4509125000,        160
4509375000,        160
4509625000,        160
4509875000,        160
4510125000,        160
4510375000,        160
4510625000,        160
4510875000,        160
4511125000,        160
4511375000,        160
4511625000,        160
4511875000,        160
4512125000,        160
4512375000,        160
4512625000,        160
4512875000,        160
4513125000,        160
4513375000,        160
4513625000,        160
4513875000,        160
4514125000,        160
4514375000,        160
4514625000,        160
4514875000,        160
4515125000,        160
4515375000,        160
4515625000,        160
4515875000,        160
4516125000,        160
4516375000,        160
4516625000,        160
4516875000,        160
4517125000,        160
4517375000,        160
4517625000,        160
4517875000,        160
4518125000,        160
4518375000,        160
4518625000,        160
4518875000,        160
4519125000,        160
4519375000,        160
4519625000,        160
4519875000,        160
4520125000,        160
4520375000,        160
4520625000,        160
4520875000,        160
4521125000,        160
4521375000,        160
4521625000,        160
4521875000,        160
4522125000,        160
4522375000,        160
4522625000,        160
4522875000,        160
4523125000,        160
4523375000,        160
4523625000,        160
4523875000,        160
4524125000,        160
4524375000,        160
4524625000,        160
4524875000,        160
4525125000,        160
4525375000,        160
4525625000,        160
4525875000,        160
4526125000,        160
4526375000,        160
4526625000,        160
4526875000,        160
4527125000,        160
4527375000,        160
4527625000,        160
4527875000,        160
4528125000,        160
4528375000,        160
4528625000,        160
4528875000,        160
4529125000,        160
4529375000,        160
4529625000,        160
4529875000,        160
4530125000,        160
4530375000,        160
4530625000,        160
4530875000,        160
4531125000,        160
4531375000,        160
4531625000,        160
4531875000,        160
4532125000,        160
4532375000,        160
4532625000,        160
4532875000,        160
4533125000,        160
4533375000,        160
4533625000,        160
4533875000,        160
4534125000,        160
4534375000,        160
4534625000,        160
4534875000,        160
4535125000,        160
4535375000,        160
4535625000,        160
4535875000,        160
4536125000,        160
4536375000,        160
4536625000,        160
4536875000,        160
4537125000,        160
4537375000,        160
4537625000,        160
4537875000,        160
4538125000,        160
4538375000,        160
4538625000,        160
4538875000,        160
4539125000,        160
4539375000,        160
4539625000,        160
4539875000,        160
4540125000,        160
4540375000,        160
4540625000,        160
4540875000,        160
4541125000,        160
4541375000,        160
4541625000,        160
4541875000,        160
4542125000,        160
4542375000,        160
4542625000,        160
4542875000,        160
4543125000,        160
4543375000,        160
4543625000,        160
4543875000,        160
4544125000,        160
4544375000,        160
4544625000,        160
4544875000,        160
4545125000,        160
4545375000,        160
4545625000,        160
4545875000,        160
4546125000,        160
4546375000,        160
4546625000,        160
4546875000,        160
4547125000,        160
4547375000,        160
4547625000,        160
4547875000,        160
4548125000,        160
4548375000,        160
4548625000,        160
4548875000,        160
4549125000,        160
4549375000,        160
4549625000,        160
4549875000,        160
4550125000,        160
4550375000,        160
4550625000,        160
4550875000,        160
4551125000,        160
4551375000,        160
4551625000,        160
4551875000,        160
4552125000,        160
4552375000,        160
4552625000,        160
4552875000,        160
4553125000,        160
4553375000,        160
4553625000,        160
4553875000,        160
4554125000,        160
4554375000,        160
4554625000,        160
4554875000,        160
4555125000,        160
4555375000,        160
4555625000,        160
4555875000,        160
4556125000,        160
4556375000,        160
4556625000,        160
4556875000,        160
4557125000,        160
4557375000,        160
4557625000,        160
4557875000,        160
4558125000,        160
4558375000,        160
4558625000,        160
4558875000,        160
4559125000,        160
4559375000,        160
4559625000,        160
4559875000,        160
4560125000,        160
4560375000,        160
4560625000,        160
4560875000,        160
4561125000,        160
4561375000,        160
4561625000,        160
4561875000,        160
4562125000,        160
4562375000,        160
4562625000,        160
4562875000,        160
4563125000,        160
4563375000,        160
4563625000,        160
4563875000,        160
4564125000,        160
4564375000,        160
4564625000,        160
4564875000,        160
4565125000,        160
4565375000,        160
4565625000,        160
4565875000,        160
4566125000,        160
4566375000,        160
4566625000,        160
4566875000,        160
4567125000,        160
4567375000,        160
4567625000,        160
4567875000,        160
4568125000,        160
4568375000,        160
4568625000,        160
4568875000,        160
4569125000,        160
4569375000,        160
4569625000,        160
4569875000,        160
4570125000,        160
4570375000,        160
4570625000,        160
4570875000,        160
4571125000,        160
4571375000,        160
4571625000,        160
4571875000,        160
4572125000,        160
4572375000,        160
4572625000,        160
4572875000,        160
4573125000,        160
4573375000,        160
4573625000,        160
4573875000,        160
4574125000,        160
4574375000,        160
4574625000,        160
4574875000,        160
4575125000,        160
4575375000,        160
4575625000,        160
4575875000,        160
4576125000,        160
4576375000,        160
4576625000,        160
4576875000,        160
4577125000,        160
4577375000,        160
4577625000,        160
4577875000,        160
4578125000,        160
4578375000,        160
4578625000,        160
4578875000,        160
4579125000,        160
4579375000,        160
4579625000,        160
4579875000,        160
4580125000,        160
4580375000,        160
4580625000,        160
4580875000,        160
4581125000,        160
4581375000,        160
4581625000,        160
4581875000,        160
4582125000,        160
4582375000,        160
4582625000,        160
4582875000,        160
4583125000,        160
4583375000,        160
4583625000,        160
4583875000,        160
4584125000,        160
4584375000,        160
4584625000,        160
4584875000,        160
4585125000,        160
4585375000,        160
4585625000,        160
4585875000,        160
4586125000,        160
4586375000,        160
4586625000,        160
4586875000,        160
4587125000,        160
4587375000,        160
4587625000,        160
4587875000,        160
4588125000,        160
4588375000,        160
4588625000,        160
4588875000,        160
4589125000,        160
4589375000,        160
4589625000,        160
4589875000,        160
4590125000,        160
4590375000,        160
4590625000,        160
4590875000,        160
4591125000,        160
4591375000,        160
4591625000,        160
4591875000,        160
4592125000,        160
4592375000,        160
4592625000,        160
4592875000,        160
4593125000,        160
4593375000,        160
4593625000,        160
4593875000,        160
4594125000,        160
4594375000,        160
4594625000,        160
4594875000,        160
4595125000,        160
4595375000,        160
4595625000,        160
4595875000,        160
4596125000,        160
4596375000,        160
4596625000,        160
4596875000,        160
4597125000,        160
4597375000,        160
4597625000,        160
4597875000,        160
4598125000,        160
4598375000,        160
4598625000,        160
4598875000,        160
4599125000,        160
4599375000,        160
4599625000,        160
4599875000,        160
4600125000,        160
4600375000,        160
4600625000,        160
4600875000,        160
4601125000,        160
4601375000,        160
4601625000,        160
4601875000,        160
4602125000,        160
4602375000,        160
4602625000,        160
4602875000,        160
4603125000,        160
4603375000,        160
4603625000,        160
4603875000,        160
4604125000,        160
4604375000,        160
4604625000,        160
4604875000,        160
4605125000,        160
4605375000,        160
4605625000,        160
4605875000,        160
4606125000,        160
4606375000,        160
4606625000,        160
4606875000,        160
4607125000,        160
4607375000,        160
4607625000,        160
4607875000,        160
4608125000,        160
4608375000,        160
4608625000,        160
4608875000,        160
4609125000,        160
4609375000,        160
4609625000,        160
4609875000,        160
4610125000,        160
4610375000,        160
4610625000,        160
4610875000,        160
4611125000,        160
4611375000,        160
4611625000,        160
4611875000,        160
4612125000,        160
4612375000,        160
4612625000,        160
4612875000,        160
4613125000,        160
4613375000,        160
4613625000,        160
4613875000,        160
4614125000,        160
4614375000,        160
4614625000,        160
4614875000,        160
4615125000,        160
4615375000,        160
4615625000,        160
4615875000,        160
4616125000,        160
4616375000,        160
4616625000,        160
4616875000,        160
4617125000,        160
4617375000,        160
4617625000,        160
4617875000,        160
4618125000,        160
4618375000,        160
4618625000,        160
4618875000,        160
4619125000,        160
4619375000,        160
4619625000,        160
4619875000,        160
4620125000,        160
4620375000,        160
4620625000,        160
4620875000,        160
4621125000,        160
4621375000,        160
4621625000,        160
4621875000,        160
4622125000,        160
4622375000,        160
4622625000,        160
4622875000,        160
4623125000,        160
4623375000,        160
4623625000,        160
4623875000,        160
4624125000,        160
4624375000,        160
4624625000,        160
4624875000,        160
4625125000,        160
4625375000,        160
4625625000,        160
4625875000,        160
4626125000,        160
4626375000,        160
4626625000,        160
4626875000,        160
4627125000,        160
4627375000,        160
4627625000,        160
4627875000,        160
4628125000,        160
4628375000,        160
4628625000,        160
4628875000,        160
4629125000,        160
4629375000,        160
4629625000,        160
4629875000,        160
4630125000,        160
4630375000,        160
4630625000,        160
4630875000,        160
4631125000,        160
4631375000,        160
4631625000,        160
4631875000,        160
4632125000,        160
4632375000,        160
4632625000,        160
4632875000,        160
4633125000,        160
4633375000,        160
4633625000,        160
4633875000,        160
4634125000,        160
4634375000,        160
4634625000,        160
4634875000,        160
4635125000,        160
4635375000,        160
4635625000,        160
4635875000,        160
4636125000,        160
4636375000,        160
4636625000,        160
4636875000,        160
4637125000,        160
4637375000,        160
4637625000,        160
4637875000,        160
4638125000,        160
4638375000,        160
4638625000,        160
4638875000,        160
4639125000,        160
4639375000,        160
4639625000,        160
4639875000,        160
4640125000,        160
4640375000,        160
4640625000,        160
4640875000,        160
4641125000,        160
4641375000,        160
4641625000,        160
4641875000,        160
4642125000,        160
4642375000,        160
4642625000,        160
4642875000,        160
4643125000,        160
4643375000,        160
4643625000,        160
4643875000,        160
4644125000,        160
4644375000,        160
4644625000,        160
4644875000,        160
4645125000,        160
4645375000,        160
4645625000,        160
4645875000,        160
4646125000,        160
4646375000,        160
4646625000,        160
4646875000,        160
4647125000,        160
4647375000,        160
4647625000,        160
4647875000,        160
4648125000,        160
4648375000,        160
4648625000,        160
4648875000,        160
4649125000,        160
4649375000,        160
4649625000,        160
4649875000,        160
4650125000,        160
4650375000,        160
4650625000,        160
4650875000,        160
4651125000,        160
4651375000,        160
4651625000,        160
4651875000,        160
4652125000,        160
4652375000,        160
4652625000,        160
4652875000,        160
4653125000,        160
4653375000,        160
4653625000,        160
4653875000,        160
4654125000,        160
4654375000,        160
4654625000,        160
4654875000,        160
4655125000,        160
4655375000,        160
4655625000,        160
4655875000,        160
4656125000,        160
4656375000,        160
4656625000,        160
4656875000,        160
4657125000,        160
4657375000,        160
4657625000,        160
4657875000,        160
4658125000,        160
4658375000,        160
4658625000,        160
4658875000,        160
4659125000,        160
4659375000,        160
4659625000,        160
4659875000,        160
4660125000,        160
4660375000,        160
4660625000,        160
4660875000,        160
4661125000,        160
4661375000,        160
4661625000,        160
4661875000,        160
4662125000,        160
4662375000,        160
4662625000,        160
4662875000,        160
4663125000,        160
4663375000,        160
4663625000,        160
4663875000,        160
4664125000,        160
4664375000,        160
4664625000,        160
4664875000,        160
4665125000,        160
4665375000,        160
4665625000,        160
4665875000,        160
4666125000,        160
4666375000,        160
4666625000,        160
4666875000,        160
4667125000,        160
4667375000,        160
4667625000,        160
4667875000,        160
4668125000,        160
4668375000,        160
4668625000,        160
4668875000,        160
4669125000,        160
4669375000,        160
4669625000,        160
4669875000,        160
4670125000,        160
4670375000,        160
4670625000,        160
4670875000,        160
4671125000,        160
4671375000,        160
4671625000,        160
4671875000,        160
4672125000,        160
4672375000,        160
4672625000,        160
4672875000,        160
4673125000,        160
4673375000,        160
4673625000,        160
4673875000,        160
4674125000,        160
4674375000,        160
4674625000,        160
4674875000,        160
4675125000,        160
4675375000,        160
4675625000,        160
4675875000,        160
4676125000,        160
4676375000,        160
4676625000,        160
4676875000,        160
4677125000,        160
4677375000,        160
4677625000,        160
4677875000,        160
4678125000,        160
4678375000,        160
4678625000,        160
4678875000,        160
4679125000,        160
4679375000,        160
4679625000,        160
4679875000,        160
4680125000,        160
4680375000,        160
4680625000,        160
4680875000,        160
4681125000,        160
4681375000,        160
4681625000,        160
4681875000,        160
4682125000,        160
4682375000,        160
4682625000,        160
4682875000,        160
4683125000,        160
4683375000,        160
4683625000,        160
4683875000,        160
4684125000,        160
4684375000,        160
4684625000,        160
4684875000,        160
4685125000,        160
4685375000,        160
4685625000,        160
4685875000,        160
4686125000,        160
4686375000,        160
4686625000,        160
4686875000,        160
4687125000,        160
4687375000,        160
4687625000,        160
4687875000,        160
4688125000,        160
4688375000,        160
4688625000,        160
4688875000,        160
4689125000,        160
4689375000,        160
4689625000,        160
4689875000,        160
4690125000,        160
4690375000,        160
4690625000,        160
4690875000,        160
4691125000,        160
4691375000,        160
4691625000,        160
4691875000,        160
4692125000,        160
4692375000,        160
4692625000,        160
4692875000,        160
4693125000,        160
4693375000,        160
4693625000,        160
4693875000,        160
4694125000,        160
4694375000,        160
4694625000,        160
4694875000,        160
4695125000,        160
4695375000,        160
4695625000,        160
4695875000,        160
4696125000,        160
4696375000,        160
4696625000,        160
4696875000,        160
4697125000,        160
4697375000,        160
4697625000,        160
4697875000,        160
4698125000,        160
4698375000,        160
4698625000,        160
4698875000,        160
4699125000,        160
4699375000,        160
4699625000,        160
4699875000,        160
4700125000,        160
4700375000,        160
4700625000,        160
4700875000,        160
4701125000,        160
4701375000,        160
4701625000,        160
4701875000,        160
4702125000,        160
4702375000,        160
4702625000,        160
4702875000,        160
4703125000,        160
4703375000,        160
4703625000,        160
4703875000,        160
4704125000,        160
4704375000,        160
4704625000,        160
4704875000,        160
4705125000,        160
4705375000,        160
4705625000,        160
4705875000,        160
4706125000,        160
4706375000,        160
4706625000,        160
4706875000,        160
4707125000,        160
4707375000,        160
4707625000,        160
4707875000,        160
4708125000,        160
4708375000,        160
4708625000,        160
4708875000,        160
4709125000,        160
4709375000,        160
4709625000,        160
4709875000,        160
4710125000,        160
4710375000,        160
4710625000,        160
4710875000,        160
4711125000,        160
4711375000,        160
4711625000,        160
4711875000,        160
4712125000,        160
4712375000,        160
4712625000,        160
4712875000,        160
4713125000,        160
4713375000,        160
4713625000,        160
4713875000,        160
4714125000,        160
4714375000,        160
4714625000,        160
4714875000,        160
4715125000,        160
4715375000,        160
4715625000,        160
4715875000,        160
4716125000,        160
4716375000,        160
4716625000,        160
4716875000,        160
4717125000,        160
4717375000,        160
4717625000,        160
4717875000,        160
4718125000,        160
4718375000,        160
4718625000,        160
4718875000,        160
4719125000,        160
4719375000,        160
4719625000,        160
4719875000,        160
4720125000,        160
4720375000,        160
4720625000,        160
4720875000,        160
4721125000,        160
4721375000,        160
4721625000,        160
4721875000,        160
4722125000,        160
4722375000,        160
4722625000,        160
4722875000,        160
4723125000,        160
4723375000,        160
4723625000,        160
4723875000,        160
4724125000,        160
4724375000,        160
4724625000,        160
4724875000,        160
4725125000,        160
4725375000,        160
4725625000,        160
4725875000,        160
4726125000,        160
4726375000,        160
4726625000,        160
4726875000,        160
4727125000,        160
4727375000,        160
4727625000,        160
4727875000,        160
4728125000,        160
4728375000,        160
4728625000,        160
4728875000,        160
4729125000,        160
4729375000,        160
4729625000,        160
4729875000,        160
4730125000,        160
4730375000,        160
4730625000,        160
4730875000,        160
4731125000,        160
4731375000,        160
4731625000,        160
4731875000,        160
4732125000,        160
4732375000,        160
4732625000,        160
4732875000,        160
4733125000,        160
4733375000,        160
4733625000,        160
4733875000,        160
4734125000,        160
4734375000,        160
4734625000,        160
4734875000,        160
4735125000,        160
4735375000,        160
4735625000,        160
4735875000,        160
4736125000,        160
4736375000,        160
4736625000,        160
4736875000,        160
4737125000,        160
4737375000,        160
4737625000,        160
4737875000,        160
4738125000,        160
4738375000,        160
4738625000,        160
4738875000,        160
4739125000,        160
4739375000,        160
4739625000,        160
4739875000,        160
4740125000,        160
4740375000,        160
4740625000,        160
4740875000,        160
4741125000,        160
4741375000,        160
4741625000,        160
4741875000,        160
4742125000,        160
4742375000,        160
4742625000,        160
4742875000,        160
4743125000,        160
4743375000,        160
4743625000,        160
4743875000,        160
4744125000,        160
4744375000,        160
4744625000,        160
4744875000,        160
4745125000,        160
4745375000,        160
4745625000,        160
4745875000,        160
4746125000,        160
4746375000,        160
4746625000,        160
4746875000,        160
4747125000,        160
4747375000,        160
4747625000,        160
4747875000,        160
4748125000,        160
4748375000,        160
4748625000,        160
4748875000,        160
4749125000,        160
4749375000,        160
4749625000,        160
4749875000,        160
4750125000,        160
4750375000,        160
4750625000,        160
4750875000,        160
4751125000,        160
4751375000,        160
4751625000,        160
4751875000,        160
4752125000,        160
4752375000,        160
4752625000,        160
4752875000,        160
4753125000,        160
4753375000,        160
4753625000,        160
4753875000,        160
4754125000,        160
4754375000,        160
4754625000,        160
4754875000,        160
4755125000,        160
4755375000,        160
4755625000,        160
4755875000,        160
4756125000,        160
4756375000,        160
4756625000,        160
4756875000,        160
4757125000,        160
4757375000,        160
4757625000,        160
4757875000,        160
4758125000,        160
4758375000,        160
4758625000,        160
4758875000,        160
4759125000,        160
4759375000,        160
4759625000,        160
4759875000,        160
4760125000,        160
4760375000,        160
4760625000,        160
4760875000,        160
4761125000,        160
4761375000,        160
4761625000,        160
4761875000,        160
4762125000,        160
4762375000,        160
4762625000,        160
4762875000,        160
4763125000,        160
4763375000,        160
4763625000,        160
4763875000,        160
4764125000,        160
4764375000,        160
4764625000,        160
4764875000,        160
4765125000,        160
4765375000,        160
4765625000,        160
4765875000,        160
4766125000,        160
4766375000,        160
4766625000,        160
4766875000,        160
4767125000,        160
4767375000,        160
4767625000,        160
4767875000,        160
4768125000,        160
4768375000,        160
4768625000,        160
4768875000,        160
4769125000,        160
4769375000,        160
4769625000,        160
4769875000,        160
4770125000,        160
4770375000,        160
4770625000,        160
4770875000,        160
4771125000,        160
4771375000,        160
4771625000,        160
4771875000,        160
4772125000,        160
4772375000,        160
4772625000,        160
4772875000,        160
4773125000,        160
4773375000,        160
4773625000,        160
4773875000,        160
4774125000,        160
4774375000,        160
4774625000,        160
4774875000,        160
4775125000,        160
4775375000,        160
4775625000,        160
4775875000,        160
4776125000,        160
4776375000,        160
4776625000,        160
4776875000,        160
4777125000,        160
4777375000,        160
4777625000,        160
4777875000,        160
4778125000,        160
4778375000,        160
4778625000,        160
4778875000,        160
4779125000,        160
4779375000,        160
4779625000,        160
4779875000,        160
4780125000,        160
4780375000,        160
4780625000,        160
4780875000,        160
4781125000,        160
4781375000,        160
4781625000,        160
4781875000,        160
4782125000,        160
4782375000,        160
4782625000,        160
4782875000,        160
4783125000,        160
4783375000,        160
4783625000,        160
4783875000,        160
4784125000,        160
4784375000,        160
4784625000,        160
4784875000,        160
4785125000,        160
4785375000,        160
4785625000,        160
4785875000,        160
4786125000,        160
4786375000,        160
4786625000,        160
4786875000,        160
4787125000,        160
4787375000,        160
4787625000,        160
4787875000,        160
4788125000,        160
4788375000,        160
4788625000,        160
4788875000,        160
4789125000,        160
4789375000,        160
4789625000,        160
4789875000,        160
4790125000,        160
4790375000,        160
4790625000,        160
4790875000,        160
4791125000,        160
4791375000,        160
4791625000,        160
4791875000,        160
4792125000,        160
4792375000,        160
4792625000,        160
4792875000,        160
4793125000,        160
4793375000,        160
4793625000,        160
4793875000,        160
4794125000,        160
4794375000,        160
4794625000,        160
4794875000,        160
4795125000,        160
4795375000,        160
4795625000,        160
4795875000,        160
4796125000,        160
4796375000,        160
4796625000,        160
4796875000,        160
4797125000,        160
4797375000,        160
4797625000,        160
4797875000,        160
4798125000,        160
4798375000,        160
4798625000,        160
4798875000,        160
4799125000,        160
4799375000,        160
4799625000,        160
4799875000,        160
4800125000,        160
4800375000,        160
4800625000,        160
4800875000,        160
4801125000,        160
4801375000,        160
4801625000,        160
4801875000,        160
4802125000,        160
4802375000,        160
4802625000,        160
4802875000,        160
4803125000,        160
4803375000,        160
4803625000,        160
4803875000,        160
4804125000,        160
4804375000,        160
4804625000,        160
4804875000,        160
4805125000,        160
4805375000,        160
4805625000,        160
4805875000,        160
4806125000,        160
4806375000,        160
4806625000,        160
4806875000,        160
4807125000,        160
4807375000,        160
4807625000,        160
4807875000,        160
4808125000,        160
4808375000,        160
4808625000,        160
4808875000,        160
4809125000,        160
4809375000,        160
4809625000,        160
4809875000,        160
4810125000,        160
4810375000,        160
4810625000,        160
4810875000,        160
4811125000,        160
4811375000,        160
4811625000,        160
4811875000,        160
4812125000,        160
4812375000,        160
4812625000,        160
4812875000,        160
4813125000,        160
4813375000,        160
4813625000,        160
4813875000,        160
4814125000,        160
4814375000,        160
4814625000,        160
4814875000,        160
4815125000,        160
4815375000,        160
4815625000,        160
4815875000,        160
4816125000,        160
4816375000,        160
4816625000,        160
4816875000,        160
4817125000,        160
4817375000,        160
4817625000,        160
4817875000,        160
4818125000,        160
4818375000,        160
4818625000,        160
4818875000,        160
4819125000,        160
4819375000,        160
4819625000,        160
4819875000,        160
4820125000,        160
4820375000,        160
4820625000,        160
4820875000,        160
4821125000,        160
4821375000,        160
4821625000,        160
4821875000,        160
4822125000,        160
4822375000,        160
4822625000,        160
4822875000,        160
4823125000,        160
4823375000,        160
4823625000,        160
4823875000,        160
4824125000,        160
4824375000,        160
4824625000,        160
4824875000,        160
4825125000,        160
4825375000,        160
4825625000,        160
4825875000,        160
4826125000,        160
4826375000,        160
4826625000,        160
4826875000,        160
4827125000,        160
4827375000,        160
4827625000,        160
4827875000,        160
4828125000,        160
4828375000,        160
4828625000,        160
4828875000,        160
4829125000,        160
4829375000,        160
4829625000,        160
4829875000,        160
4830125000,        160
4830375000,        160
4830625000,        160
4830875000,        160
4831125000,        160
4831375000,        160
4831625000,        160
4831875000,        160
4832125000,        160
4832375000,        160
4832625000,        160
4832875000,        160
4833125000,        160
4833375000,        160
4833625000,        160
4833875000,        160
4834125000,        160
4834375000,        160
4834625000,        160
4834875000,        160
4835125000,        160
4835375000,        160
4835625000,        160
4835875000,        160
4836125000,        160
4836375000,        160
4836625000,        160
4836875000,        160
4837125000,        160
4837375000,        160
4837625000,        160
4837875000,        160
4838125000,        160
4838375000,        160
4838625000,        160
4838875000,        160
4839125000,        160
4839375000,        160
4839625000,        160
4839875000,        160
4840125000,        160
4840375000,        160
4840625000,        160
4840875000,        160
4841125000,        160
4841375000,        160
4841625000,        160
4841875000,        160
4842125000,        160
4842375000,        160
4842625000,        160
4842875000,        160
4843125000,        160
4843375000,        160
4843625000,        160
4843875000,        160
4844125000,        160
4844375000,        160
4844625000,        160
4844875000,        160
4845125000,        160
4845375000,        160
4845625000,        160
4845875000,        160
4846125000,        160
4846375000,        160
4846625000,        160
4846875000,        160
4847125000,        160
4847375000,        160
4847625000,        160
4847875000,        160
4848125000,        160
4848375000,        160
4848625000,        160
4848875000,        160
4849125000,        160
4849375000,        160
4849625000,        160
4849875000,        160
4850125000,        160
4850375000,        160
4850625000,        160
4850875000,        160
4851125000,        160
4851375000,        160
4851625000,        160
4851875000,        160
4852125000,        160
4852375000,        160
4852625000,        160
4852875000,        160
4853125000,        160
4853375000,        160
4853625000,        160
4853875000,        160
4854125000,        160
4854375000,        160
4854625000,        160
4854875000,        160
4855125000,        160
4855375000,        160
4855625000,        160
4855875000,        160
4856125000,        160
4856375000,        160
4856625000,        160
4856875000,        160
4857125000,        160
4857375000,        160
4857625000,        160
4857875000,        160
4858125000,        160
4858375000,        160
4858625000,        160
4858875000,        160
4859125000,        160
4859375000,        160
4859625000,        160
4859875000,        160
4860125000,        160
4860375000,        160
4860625000,        160
4860875000,        160
4861125000,        160
4861375000,        160
4861625000,        160
4861875000,        160
4862125000,        160
4862375000,        160
4862625000,        160
4862875000,        160
4863125000,        160
4863375000,        160
4863625000,        160
4863875000,        160
4864125000,        160
4864375000,        160
4864625000,        160
4864875000,        160
4865125000,        160
4865375000,        160
4865625000,        160
4865875000,        160
4866125000,        160
4866375000,        160
4866625000,        160
4866875000,        160
4867125000,        160
4867375000,        160
4867625000,        160
4867875000,        160
4868125000,        160
4868375000,        160
4868625000,        160
4868875000,        160
4869125000,        160
4869375000,        160
4869625000,        160
4869875000,        160
4870125000,        160
4870375000,        160
4870625000,        160
4870875000,        160
4871125000,        160
4871375000,        160
4871625000,        160
4871875000,        160
4872125000,        160
4872375000,        160
4872625000,        160
4872875000,        160
4873125000,        160
4873375000,        160
4873625000,        160
4873875000,        160
4874125000,        160
4874375000,        160
4874625000,        160
4874875000,        160
4875125000,        160
4875375000,        160
4875625000,        160
4875875000,        160
4876125000,        160
4876375000,        160
4876625000,        160
4876875000,        160
4877125000,        160
4877375000,        160
4877625000,        160
4877875000,        160
4878125000,        160
4878375000,        160
4878625000,        160
4878875000,        160
4879125000,        160
4879375000,        160
4879625000,        160
4879875000,        160
4880125000,        160
4880375000,        160
4880625000,        160
4880875000,        160
4881125000,        160
4881375000,        160
4881625000,        160
4881875000,        160
4882125000,        160
4882375000,        160
4882625000,        160
4882875000,        160
4883125000,        160
4883375000,        160
4883625000,        160
4883875000,        160
4884125000,        160
4884375000,        160
4884625000,        160
4884875000,        160
4885125000,        160
4885375000,        160
4885625000,        160
4885875000,        160
4886125000,        160
4886375000,        160
4886625000,        160
4886875000,        160
4887125000,        160
4887375000,        160
4887625000,        160
4887875000,        160
4888125000,        160
4888375000,        160
4888625000,        160
4888875000,        160
4889125000,        160
4889375000,        160
4889625000,        160
4889875000,        160
4890125000,        160
4890375000,        160
4890625000,        160
4890875000,        160
4891125000,        160
4891375000,        160
4891625000,        160
4891875000,        160
4892125000,        160
4892375000,        160
4892625000,        160
4892875000,        160
4893125000,        160
4893375000,        160
4893625000,        160
4893875000,        160
4894125000,        160
4894375000,        160
4894625000,        160
4894875000,        160
4895125000,        160
4895375000,        160
4895625000,        160
4895875000,        160
4896125000,        160
4896375000,        160
4896625000,        160
4896875000,        160
4897125000,        160
4897375000,        160
4897625000,        160
4897875000,        160
4898125000,        160
4898375000,        160
4898625000,        160
4898875000,        160
4899125000,        160
4899375000,        160
4899625000,        160
4899875000,        160
4900125000,        160
4900375000,        160
4900625000,        160
4900875000,        160
4901125000,        160
4901375000,        160
4901625000,        160
4901875000,        160
4902125000,        160
4902375000,        160
4902625000,        160
4902875000,        160
4903125000,        160
4903375000,        160
4903625000,        160
4903875000,        160
4904125000,        160
4904375000,        160
4904625000,        160
4904875000,        160
4905125000,        160
4905375000,        160
4905625000,        160
4905875000,        160
4906125000,        160
4906375000,        160
4906625000,        160
4906875000,        160
4907125000,        160
4907375000,        160
4907625000,        160
4907875000,        160
4908125000,        160
4908375000,        160
4908625000,        160
4908875000,        160
4909125000,        160
4909375000,        160
4909625000,        160
4909875000,        160
4910125000,        160
4910375000,        160
4910625000,        160
4910875000,        160
4911125000,        160
4911375000,        160
4911625000,        160
4911875000,        160
4912125000,        160
4912375000,        160
4912625000,        160
4912875000,        160
4913125000,        160
4913375000,        160
4913625000,        160
4913875000,        160
4914125000,        160
4914375000,        160
4914625000,        160
4914875000,        160
4915125000,        160
4915375000,        160
4915625000,        160
4915875000,        160
4916125000,        160
4916375000,        160
4916625000,        160
4916875000,        160
4917125000,        160
4917375000,        160
4917625000,        160
4917875000,        160
4918125000,        160
4918375000,        160
4918625000,        160
4918875000,        160
4919125000,        160
4919375000,        160
4919625000,        160
4919875000,        160
4920125000,        160
4920375000,        160
4920625000,        160
4920875000,        160
4921125000,        160
4921375000,        160
4921625000,        160
4921875000,        160
4922125000,        160
4922375000,        160
4922625000,        160
4922875000,        160
4923125000,        160
4923375000,        160
4923625000,        160
4923875000,        160
4924125000,        160
4924375000,        160
4924625000,        160
4924875000,        160
4925125000,        160
4925375000,        160
4925625000,        160
4925875000,        160
4926125000,        160
4926375000,        160
4926625000,        160
4926875000,        160
4927125000,        160
4927375000,        160
4927625000,        160
4927875000,        160
4928125000,        160
4928375000,        160
4928625000,        160
4928875000,        160
4929125000,        160
4929375000,        160
4929625000,        160
4929875000,        160
4930125000,        160
4930375000,        160
4930625000,        160
4930875000,        160
4931125000,        160
4931375000,        160
4931625000,        160
4931875000,        160
4932125000,        160
4932375000,        160
4932625000,        160
4932875000,        160
4933125000,        160
4933375000,        160
4933625000,        160
4933875000,        160
4934125000,        160
4934375000,        160
4934625000,        160
4934875000,        160
4935125000,        160
4935375000,        160
4935625000,        160
4935875000,        160
4936125000,        160
4936375000,        160
4936625000,        160
4936875000,        160
4937125000,        160
4937375000,        160
4937625000,        160
4937875000,        160
4938125000,        160
4938375000,        160
4938625000,        160
4938875000,        160
4939125000,        160
4939375000,        160
4939625000,        160
4939875000,        160
4940125000,        160
4940375000,        160
4940625000,        160
4940875000,        160
4941125000,        160
4941375000,        160
4941625000,        160
4941875000,        160
4942125000,        160
4942375000,        160
4942625000,        160
4942875000,        160
4943125000,        160
4943375000,        160
4943625000,        160
4943875000,        160
4944125000,        160
4944375000,        160
4944625000,        160
4944875000,        160
4945125000,        160
4945375000,        160
4945625000,        160
4945875000,        160
4946125000,        160
4946375000,        160
4946625000,        160
4946875000,        160
4947125000,        160
4947375000,        160
4947625000,        160
4947875000,        160
4948125000,        160
4948375000,        160
4948625000,        160
4948875000,        160
4949125000,        160
4949375000,        160
4949625000,        160
4949875000,        160
4950125000,        160
4950375000,        160
4950625000,        160
4950875000,        160
4951125000,        160
4951375000,        160
4951625000,        160
4951875000,        160
4952125000,        160
4952375000,        160
4952625000,        160
4952875000,        160
4953125000,        160
4953375000,        160
4953625000,        160
4953875000,        160
4954125000,        160
4954375000,        160
4954625000,        160
4954875000,        160
4955125000,        160
4955375000,        160
4955625000,        160
4955875000,        160
4956125000,        160
4956375000,        160
4956625000,        160
4956875000,        160
4957125000,        160
4957375000,        160
4957625000,        160
4957875000,        160
4958125000,        160
4958375000,        160
4958625000,        160
4958875000,        160
4959125000,        160
4959375000,        160
4959625000,        160
4959875000,        160
4960125000,        160
4960375000,        160
4960625000,        160
4960875000,        160
4961125000,        160
4961375000,        160
4961625000,        160
4961875000,        160
4962125000,        160
4962375000,        160
4962625000,        160
4962875000,        160
4963125000,        160
4963375000,        160
4963625000,        160
4963875000,        160
4964125000,        160
4964375000,        160
4964625000,        160
4964875000,        160
4965125000,        160
4965375000,        160
4965625000,        160
4965875000,        160
4966125000,        160
4966375000,        160
4966625000,        160
4966875000,        160
4967125000,        160
4967375000,        160
4967625000,        160
4967875000,        160
4968125000,        160
4968375000,        160
4968625000,        160
4968875000,        160
4969125000,        160
4969375000,        160
4969625000,        160
4969875000,        160
4970125000,        160
4970375000,        160
4970625000,        160
4970875000,        160
4971125000,        160
4971375000,        160
4971625000,        160
4971875000,        160
4972125000,        160
4972375000,        160
4972625000,        160
4972875000,        160
4973125000,        160
4973375000,        160
4973625000,        160
4973875000,        160
4974125000,        160
4974375000,        160
4974625000,        160
4974875000,        160
4975125000,        160
4975375000,        160
4975625000,        160
4975875000,        160
4976125000,        160
4976375000,        160
4976625000,        160
4976875000,        160
4977125000,        160
4977375000,        160
4977625000,        160
4977875000,        160
4978125000,        160
4978375000,        160
4978625000,        160
4978875000,        160
4979125000,        160
4979375000,        160
4979625000,        160
4979875000,        160
4980125000,        160
4980375000,        160
4980625000,        160
4980875000,        160
4981125000,        160
4981375000,        160
4981625000,        160
4981875000,        160
4982125000,        160
4982375000,        160
4982625000,        160
4982875000,        160
4983125000,        160
4983375000,        160
4983625000,        160
4983875000,        160
4984125000,        160
4984375000,        160
4984625000,        160
4984875000,        160
4985125000,        160
4985375000,        160
4985625000,        160
4985875000,        160
4986125000,        160
4986375000,        160
4986625000,        160
4986875000,        160
4987125000,        160
4987375000,        160
4987625000,        160
4987875000,        160
4988125000,        160
4988375000,        160
4988625000,        160
4988875000,        160
4989125000,        160
4989375000,        160
4989625000,        160
4989875000,        160
4990125000,        160
4990375000,        160
4990625000,        160
4990875000,        160
4991125000,        160
4991375000,        160
4991625000,        160
4991875000,        160
4992125000,        160
4992375000,        160
4992625000,        160
4992875000,        160
4993125000,        160
4993375000,        160
4993625000,        160
4993875000,        160
4994125000,        160
4994375000,        160
4994625000,        160
4994875000,        160
4995125000,        160
4995375000,        160
4995625000,        160
4995875000,        160
4996125000,        160
4996375000,        160
4996625000,        160
4996875000,        160
4997125000,        160
4997375000,        160
4997625000,        160
4997875000,        160
4998125000,        160
4998375000,        160
4998625000,        160
4998875000,        160
4999125000,        160
4999375000,        160
4999625000,        160
4999875000,        160
5000125000,        160
5000375000,        160
5000625000,        160
5000875000,        160
5001125000,        160
5001375000,        160
5001625000,        160
5001875000,        160
5002125000,        160
5002375000,        160
5002625000,        160
5002875000,        160
5003125000,        160
5003375000,        160
5003625000,        160
5003875000,        160
5004125000,        160
5004375000,        160
5004625000,        160
5004875000,        160
5005125000,        160
5005375000,        160
5005625000,        160
5005875000,        160
5006125000,        160
5006375000,        160
5006625000,        160
5006875000,        160
5007125000,        160
5007375000,        160
5007625000,        160
5007875000,        160
5008125000,        160
5008375000,        160
5008625000,        160
5008875000,        160
5009125000,        160
5009375000,        160
5009625000,        160
5009875000,        160
5010125000,        160
5010375000,        160
5010625000,        160
5010875000,        160
5011125000,        160
5011375000,        160
5011625000,        160
5011875000,        160
5012125000,        160
5012375000,        160
5012625000,        160
5012875000,        160
5013125000,        160
5013375000,        160
5013625000,        160
5013875000,        160
5014125000,        160
5014375000,        160
5014625000,        160
5014875000,        160
5015125000,        160
5015375000,        160
5015625000,        160
5015875000,        160
5016125000,        160
5016375000,        160
5016625000,        160
5016875000,        160
5017125000,        160
5017375000,        160
5017625000,        160
5017875000,        160
5018125000,        160
5018375000,        160
5018625000,        160
5018875000,        160
5019125000,        160
5019375000,        160
5019625000,        160
5019875000,        160
5020125000,        160
5020375000,        160
5020625000,        160
5020875000,        160
5021125000,        160
5021375000,        160
5021625000,        160
5021875000,        160
5022125000,        160
5022375000,        160
5022625000,        160
5022875000,        160
5023125000,        160
5023375000,        160
5023625000,        160
5023875000,        160
5024125000,        160
5024375000,        160
5024625000,        160
5024875000,        160
5025125000,        160
5025375000,        160
5025625000,        160
5025875000,        160
5026125000,        160
5026375000,        160
5026625000,        160
5026875000,        160
5027125000,        160
5027375000,        160
5027625000,        160
5027875000,        160
5028125000,        160
5028375000,        160
5028625000,        160
5028875000,        160
5029125000,        160
5029375000,        160
5029625000,        160
5029875000,        160
5030125000,        160
5030375000,        160
5030625000,        160
5030875000,        160
5031125000,        160
5031375000,        160
5031625000,        160
5031875000,        160
5032125000,        160
5032375000,        160
5032625000,        160
5032875000,        160
5033125000,        160
5033375000,        160
5033625000,        160
5033875000,        160
5034125000,        160
5034375000,        160
5034625000,        160
5034875000,        160
5035125000,        160
5035375000,        160
5035625000,        160
5035875000,        160
5036125000,        160
5036375000,        160
5036625000,        160
5036875000,        160
5037125000,        160
5037375000,        160
5037625000,        160
5037875000,        160
5038125000,        160
5038375000,        160
5038625000,        160
5038875000,        160
5039125000,        160
5039375000,        160
5039625000,        160
5039875000,        160
5040125000,        160
5040375000,        160
5040625000,        160
5040875000,        160
5041125000,        160
5041375000,        160
5041625000,        160
5041875000,        160
5042125000,        160
5042375000,        160
5042625000,        160
5042875000,        160
5043125000,        160
5043375000,        160
5043625000,        160
5043875000,        160
5044125000,        160
5044375000,        160
5044625000,        160
5044875000,        160
5045125000,        160
5045375000,        160
5045625000,        160
5045875000,        160
5046125000,        160
5046375000,        160
5046625000,        160
5046875000,        160
5047125000,        160
5047375000,        160
5047625000,        160
5047875000,        160
5048125000,        160
5048375000,        160
5048625000,        160
5048875000,        160
5049125000,        160
5049375000,        160
5049625000,        160
5049875000,        160
5050125000,        160
5050375000,        160
5050625000,        160
5050875000,        160
5051125000,        160
5051375000,        160
5051625000,        160
5051875000,        160
5052125000,        160
5052375000,        160
5052625000,        160
5052875000,        160
5053125000,        160
5053375000,        160
5053625000,        160
5053875000,        160
5054125000,        160
5054375000,        160
5054625000,        160
5054875000,        160
5055125000,        160
5055375000,        160
5055625000,        160
5055875000,        160
5056125000,        160
5056375000,        160
5056625000,        160
5056875000,        160
5057125000,        160
5057375000,        160
5057625000,        160
5057875000,        160
5058125000,        160
5058375000,        160
5058625000,        160
5058875000,        160
5059125000,        160
5059375000,        160
5059625000,        160
5059875000,        160
5060125000,        160
5060375000,        160
5060625000,        160
5060875000,        160
5061125000,        160
5061375000,        160
5061625000,        160
5061875000,        160
5062125000,        160
5062375000,        160
5062625000,        160
5062875000,        160
5063125000,        160
5063375000,        160
5063625000,        160
5063875000,        160
5064125000,        160
5064375000,        160
5064625000,        160
5064875000,        160
5065125000,        160
5065375000,        160
5065625000,        160
5065875000,        160
5066125000,        160
5066375000,        160
5066625000,        160
5066875000,        160
5067125000,        160
5067375000,        160
5067625000,        160
5067875000,        160
5068125000,        160
5068375000,        160
5068625000,        160
5068875000,        160
5069125000,        160
5069375000,        160
5069625000,        160
5069875000,        160
5070125000,        160
5070375000,        160
5070625000,        160
5070875000,        160
5071125000,        160
5071375000,        160
5071625000,        160
5071875000,        160
5072125000,        160
5072375000,        160
5072625000,        160
5072875000,        160
5073125000,        160
5073375000,        160
5073625000,        160
5073875000,        160
5074125000,        160
5074375000,        160
5074625000,        160
5074875000,        160
5075125000,        160
5075375000,        160
5075625000,        160
5075875000,        160
5076125000,        160
5076375000,        160
5076625000,        160
5076875000,        160
5077125000,        160
5077375000,        160
5077625000,        160
5077875000,        160
5078125000,        160
5078375000,        160
5078625000,        160
5078875000,        160
5079125000,        160
5079375000,        160
5079625000,        160
5079875000,        160
5080125000,        160
5080375000,        160
5080625000,        160
5080875000,        160
5081125000,        160
5081375000,        160
5081625000,        160
5081875000,        160
5082125000,        160
5082375000,        160
5082625000,        160
5082875000,        160
5083125000,        160
5083375000,        160
5083625000,        160
5083875000,        160
5084125000,        160
5084375000,        160
5084625000,        160
5084875000,        160
5085125000,        160
5085375000,        160
5085625000,        160
5085875000,        160
5086125000,        160
5086375000,        160
5086625000,        160
5086875000,        160
5087125000,        160
5087375000,        160
5087625000,        160
5087875000,        160
5088125000,        160
5088375000,        160
5088625000,        160
5088875000,        160
5089125000,        160
5089375000,        160
5089625000,        160
5089875000,        160
5090125000,        160
5090375000,        160
5090625000,        160
5090875000,        160
5091125000,        160
5091375000,        160
5091625000,        160
5091875000,        160
5092125000,        160
5092375000,        160
5092625000,        160
5092875000,        160
5093125000,        160
5093375000,        160
5093625000,        160
5093875000,        160
5094125000,        160
5094375000,        160
5094625000,        160
5094875000,        160
5095125000,        160
5095375000,        160
5095625000,        160
5095875000,        160
5096125000,        160
5096375000,        160
5096625000,        160
5096875000,        160
5097125000,        160
5097375000,        160
5097625000,        160
5097875000,        160
5098125000,        160
5098375000,        160
5098625000,        160
5098875000,        160
5099125000,        160
5099375000,        160
5099625000,        160
5099875000,        160
5100125000,        160
5100375000,        160
5100625000,        160
5100875000,        160
5101125000,        160
5101375000,        160
5101625000,        160
5101875000,        160
5102125000,        160
5102375000,        160
5102625000,        160
5102875000,        160
5103125000,        160
5103375000,        160
5103625000,        160
5103875000,        160
5104125000,        160
5104375000,        160
5104625000,        160
5104875000,        160
5105125000,        160
5105375000,        160
5105625000,        160
5105875000,        160
5106125000,        160
5106375000,        160
5106625000,        160
5106875000,        160
5107125000,        160
5107375000,        160
5107625000,        160
5107875000,        160
5108125000,        160
5108375000,        160
5108625000,        160
5108875000,        160
5109125000,        160
5109375000,        160
5109625000,        160
5109875000,        160
5110125000,        160
5110375000,        160
5110625000,        160
5110875000,        160
5111125000,        160
5111375000,        160
5111625000,        160
5111875000,        160
5112125000,        160
5112375000,        160
5112625000,        160
5112875000,        160
5113125000,        160
5113375000,        160
5113625000,        160
5113875000,        160
5114125000,        160
5114375000,        160
5114625000,        160
5114875000,        160
5115125000,        160
5115375000,        160
5115625000,        160
5115875000,        160
5116125000,        160
5116375000,        160
5116625000,        160
5116875000,        160
5117125000,        160
5117375000,        160
5117625000,        160
5117875000,        160
5118125000,        160
5118375000,        160
5118625000,        160
5118875000,        160
5119125000,        160
5119375000,        160
5119625000,        160
5119875000,        160
5120125000,        160
5120375000,        160
5120625000,        160
5120875000,        160
5121125000,        160
5121375000,        160
5121625000,        160
5121875000,        160
5122125000,        160
5122375000,        160
5122625000,        160
5122875000,        160
5123125000,        160
5123375000,        160
5123625000,        160
5123875000,        160
5124125000,        160
5124375000,        160
5124625000,        160
5124875000,        160
5125125000,        160
5125375000,        160
5125625000,        160
5125875000,        160
5126125000,        160
5126375000,        160
5126625000,        160
5126875000,        160
5127125000,        160
5127375000,        160
5127625000,        160
5127875000,        160
5128125000,        160
5128375000,        160
5128625000,        160
5128875000,        160
5129125000,        160
5129375000,        160
5129625000,        160
5129875000,        160
5130125000,        160
5130375000,        160
5130625000,        160
5130875000,        160
5131125000,        160
5131375000,        160
5131625000,        160
5131875000,        160
5132125000,        160
5132375000,        160
5132625000,        160
5132875000,        160
5133125000,        160
5133375000,        160
5133625000,        160
5133875000,        160
5134125000,        160
5134375000,        160
5134625000,        160
5134875000,        160
5135125000,        160
5135375000,        160
5135625000,        160
5135875000,        160
5136125000,        160
5136375000,        160
5136625000,        160
5136875000,        160
5137125000,        160
5137375000,        160
5137625000,        160
5137875000,        160
5138125000,        160
5138375000,        160
5138625000,        160
5138875000,        160
5139125000,        160
5139375000,        160
5139625000,        160
5139875000,        160
5140125000,        160
5140375000,        160
5140625000,        160
5140875000,        160
5141125000,        160
5141375000,        160
5141625000,        160
5141875000,        160
5142125000,        160
5142375000,        160
5142625000,        160
5142875000,        160
5143125000,        160
5143375000,        160
5143625000,        160
5143875000,        160
5144125000,        160
5144375000,        160
5144625000,        160
5144875000,        160
5145125000,        160
5145375000,        160
5145625000,        160
5145875000,        160
5146125000,        160
5146375000,        160
5146625000,        160
5146875000,        160
5147125000,        160
5147375000,        160
5147625000,        160
5147875000,        160
5148125000,        160
5148375000,        160
5148625000,        160
5148875000,        160
5149125000,        160
5149375000,        160
5149625000,        160
5149875000,        160
5150125000,        160
5150375000,        160
5150625000,        160
5150875000,        160
5151125000,        160
5151375000,        160
5151625000,        160
5151875000,        160
5152125000,        160
5152375000,        160
5152625000,        160
5152875000,        160
5153125000,        160
5153375000,        160
5153625000,        160
5153875000,        160
5154125000,        160
5154375000,        160
5154625000,        160
5154875000,        160
5155125000,        160
5155375000,        160
5155625000,        160
5155875000,        160
5156125000,        160
5156375000,        160
5156625000,        160
5156875000,        160
5157125000,        160
5157375000,        160
5157625000,        160
5157875000,        160
5158125000,        160
5158375000,        160
5158625000,        160
5158875000,        160
5159125000,        160
5159375000,        160
5159625000,        160
5159875000,        160
5160125000,        160
5160375000,        160
5160625000,        160
5160875000,        160
5161125000,        160
5161375000,        160
5161625000,        160
5161875000,        160
5162125000,        160
5162375000,        160
5162625000,        160
5162875000,        160
5163125000,        160
5163375000,        160
5163625000,        160
5163875000,        160
5164125000,        160
5164375000,        160
5164625000,        160
5164875000,        160
5165125000,        160
5165375000,        160
5165625000,        160
5165875000,        160
5166125000,        160
5166375000,        160
5166625000,        160
5166875000,        160
5167125000,        160
5167375000,        160
5167625000,        160
5167875000,        160
5168125000,        160
5168375000,        160
5168625000,        160
5168875000,        160
5169125000,        160
5169375000,        160
5169625000,        160
5169875000,        160
5170125000,        160
5170375000,        160
5170625000,        160
5170875000,        160
5171125000,        160
5171375000,        160
5171625000,        160
5171875000,        160
5172125000,        160
5172375000,        160
5172625000,        160
5172875000,        160
5173125000,        160
5173375000,        160
5173625000,        160
5173875000,        160
5174125000,        160
5174375000,        160
5174625000,        160
5174875000,        160
5175125000,        160
5175375000,        160
5175625000,        160
5175875000,        160
5176125000,        160
5176375000,        160
5176625000,        160
5176875000,        160
5177125000,        160
5177375000,        160
5177625000,        160
5177875000,        160
5178125000,        160
5178375000,        160
5178625000,        160
5178875000,        160
5179125000,        160
5179375000,        160
5179625000,        160
5179875000,        160
5180125000,        160
5180375000,        160
5180625000,        160
5180875000,        160
5181125000,        160
5181375000,        160
5181625000,        160
5181875000,        160
5182125000,        160
5182375000,        160
5182625000,        160
5182875000,        160
5183125000,        160
5183375000,        160
5183625000,        160
5183875000,        160
5184125000,        160
5184375000,        160
5184625000,        160
5184875000,        160
5185125000,        160
5185375000,        160
5185625000,        160
5185875000,        160
5186125000,        160
5186375000,        160
5186625000,        160
5186875000,        160
5187125000,        160
5187375000,        160
5187625000,        160
5187875000,        160
5188125000,        160
5188375000,        160
5188625000,        160
5188875000,        160
5189125000,        160
5189375000,        160
5189625000,        160
5189875000,        160
5190125000,        160
5190375000,        160
5190625000,        160
5190875000,        160
5191125000,        160
5191375000,        160
5191625000,        160
5191875000,        160
5192125000,        160
5192375000,        160
5192625000,        160
5192875000,        160
5193125000,        160
5193375000,        160
5193625000,        160
5193875000,        160
5194125000,        160
5194375000,        160
5194625000,        160
5194875000,        160
5195125000,        160
5195375000,        160
5195625000,        160
5195875000,        160
5196125000,        160
5196375000,        160
5196625000,        160
5196875000,        160
5197125000,        160
5197375000,        160
5197625000,        160
5197875000,        160
5198125000,        160
5198375000,        160
5198625000,        160
5198875000,        160
5199125000,        160
5199375000,        160
5199625000,        160
5199875000,        160
5200125000,        160
5200375000,        160
5200625000,        160
5200875000,        160
5201125000,        160
5201375000,        160
5201625000,        160
5201875000,        160
5202125000,        160
5202375000,        160
5202625000,        160
5202875000,        160
5203125000,        160
5203375000,        160
5203625000,        160
5203875000,        160
5204125000,        160
5204375000,        160
5204625000,        160
5204875000,        160
5205125000,        160
5205375000,        160
5205625000,        160
5205875000,        160
5206125000,        160
5206375000,        160
5206625000,        160
5206875000,        160
5207125000,        160
5207375000,        160
5207625000,        160
5207875000,        160
5208125000,        160
5208375000,        160
5208625000,        160
5208875000,        160
5209125000,        160
5209375000,        160
5209625000,        160
5209875000,        160
5210125000,        160
5210375000,        160
5210625000,        160
5210875000,        160
5211125000,        160
5211375000,        160
5211625000,        160
5211875000,        160
5212125000,        160
5212375000,        160
5212625000,        160
5212875000,        160
5213125000,        160
5213375000,        160
5213625000,        160
5213875000,        160
5214125000,        160
5214375000,        160
5214625000,        160
5214875000,        160
5215125000,        160
5215375000,        160
5215625000,        160
5215875000,        160
5216125000,        160
5216375000,        160
5216625000,        160
5216875000,        160
5217125000,        160
5217375000,        160
5217625000,        160
5217875000,        160
5218125000,        160
5218375000,        160
5218625000,        160
5218875000,        160
5219125000,        160
5219375000,        160
5219625000,        160
5219875000,        160
5220125000,        160
5220375000,        160
5220625000,        160
5220875000,        160
5221125000,        160
5221375000,        160
5221625000,        160
5221875000,        160
5222125000,        160
5222375000,        160
5222625000,        160
5222875000,        160
5223125000,        160
5223375000,        160
5223625000,        160
5223875000,        160
5224125000,        160
5224375000,        160
5224625000,        160
5224875000,        160
5225125000,        160
5225375000,        160
5225625000,        160
5225875000,        160
5226125000,        160
5226375000,        160
5226625000,        160
5226875000,        160
5227125000,        160
5227375000,        160
5227625000,        160
5227875000,        160
5228125000,        160
5228375000,        160
5228625000,        160
5228875000,        160
5229125000,        160
5229375000,        160
5229625000,        160
5229875000,        160
5230125000,        160
5230375000,        160
5230625000,        160
5230875000,        160
5231125000,        160
5231375000,        160
5231625000,        160
5231875000,        160
5232125000,        160
5232375000,        160
5232625000,        160
5232875000,        160
5233125000,        160
5233375000,        160
5233625000,        160
5233875000,        160
5234125000,        160
5234375000,        160
5234625000,        160
5234875000,        160
5235125000,        160
5235375000,        160
5235625000,        160
5235875000,        160
5236125000,        160
5236375000,        160
5236625000,        160
5236875000,        160
5237125000,        160
5237375000,        160
5237625000,        160
5237875000,        160
5238125000,        160
5238375000,        160
5238625000,        160
5238875000,        160
5239125000,        160
5239375000,        160
5239625000,        160
5239875000,        160
5240125000,        160
5240375000,        160
5240625000,        160
5240875000,        160
5241125000,        160
5241375000,        160
5241625000,        160
5241875000,        160
5242125000,        160
5242375000,        160
5242625000,        160
5242875000,        160
5243125000,        160
5243375000,        160
5243625000,        160
5243875000,        160
5244125000,        160
5244375000,        160
5244625000,        160
5244875000,        160
5245125000,        160
5245375000,        160
5245625000,        160
5245875000,        160
5246125000,        160
5246375000,        160
5246625000,        160
5246875000,        160
5247125000,        160
5247375000,        160
5247625000,        160
5247875000,        160
5248125000,        160
5248375000,        160
5248625000,        160
5248875000,        160
5249125000,        160
5249375000,        160
5249625000,        160
5249875000,        160
5250125000,        160
5250375000,        160
5250625000,        160
5250875000,        160
5251125000,        160
5251375000,        160
5251625000,        160
5251875000,        160
5252125000,        160
5252375000,        160
5252625000,        160
5252875000,        160
5253125000,        160
5253375000,        160
5253625000,        160
5253875000,        160
5254125000,        160
5254375000,        160
5254625000,        160
5254875000,        160
5255125000,        160
5255375000,        160
5255625000,        160
5255875000,        160
5256125000,        160
5256375000,        160
5256625000,        160
5256875000,        160
5257125000,        160
5257375000,        160
5257625000,        160
5257875000,        160
5258125000,        160
5258375000,        160
5258625000,        160
5258875000,        160
5259125000,        160
5259375000,        160
5259625000,        160
5259875000,        160
5260125000,        160
5260375000,        160
5260625000,        160
5260875000,        160
5261125000,        160
5261375000,        160
5261625000,        160
5261875000,        160
5262125000,        160
5262375000,        160
5262625000,        160
5262875000,        160
5263125000,        160
5263375000,        160
5263625000,        160
5263875000,        160
5264125000,        160
5264375000,        160
5264625000,        160
5264875000,        160
5265125000,        160
5265375000,        160
5265625000,        160
5265875000,        160
5266125000,        160
5266375000,        160
5266625000,        160
5266875000,        160
5267125000,        160
5267375000,        160
5267625000,        160
5267875000,        160
5268125000,        160
5268375000,        160
5268625000,        160
5268875000,        160
5269125000,        160
5269375000,        160
5269625000,        160
5269875000,        160
5270125000,        160
5270375000,        160
5270625000,        160
5270875000,        160
5271125000,        160
5271375000,        160
5271625000,        160
5271875000,        160
5272125000,        160
5272375000,        160
5272625000,        160
5272875000,        160
5273125000,        160
5273375000,        160
5273625000,        160
5273875000,        160
5274125000,        160
5274375000,        160
5274625000,        160
5274875000,        160
5275125000,        160
5275375000,        160
5275625000,        160
5275875000,        160
5276125000,        160
5276375000,        160
5276625000,        160
5276875000,        160
5277125000,        160
5277375000,        160
5277625000,        160
5277875000,        160
5278125000,        160
5278375000,        160
5278625000,        160
5278875000,        160
5279125000,        160
5279375000,        160
5279625000,        160
5279875000,        160
5280125000,        160
5280375000,        160
5280625000,        160
5280875000,        160
5281125000,        160
5281375000,        160
5281625000,        160
5281875000,        160
5282125000,        160
5282375000,        160
5282625000,        160
5282875000,        160
5283125000,        160
5283375000,        160
5283625000,        160
5283875000,        160
5284125000,        160
5284375000,        160
5284625000,        160
5284875000,        160
5285125000,        160
5285375000,        160
5285625000,        160
5285875000,        160
5286125000,        160
5286375000,        160
5286625000,        160
5286875000,        160
5287125000,        160
5287375000,        160
5287625000,        160
5287875000,        160
5288125000,        160
5288375000,        160
5288625000,        160
5288875000,        160
5289125000,        160
5289375000,        160
5289625000,        160
5289875000,        160
5290125000,        160
5290375000,        160
5290625000,        160
5290875000,        160
5291125000,        160
5291375000,        160
5291625000,        160
5291875000,        160
5292125000,        160
5292375000,        160
5292625000,        160
5292875000,        160
5293125000,        160
5293375000,        160
5293625000,        160
5293875000,        160
5294125000,        160
5294375000,        160
5294625000,        160
5294875000,        160
5295125000,        160
5295375000,        160
5295625000,        160
5295875000,        160
5296125000,        160
5296375000,        160
5296625000,        160
5296875000,        160
5297125000,        160
5297375000,        160
5297625000,        160
5297875000,        160
5298125000,        160
5298375000,        160
5298625000,        160
5298875000,        160
5299125000,        160
5299375000,        160
5299625000,        160
5299875000,        160
5300125000,        160
5300375000,        160
5300625000,        160
5300875000,        160
5301125000,        160
5301375000,        160
5301625000,        160
5301875000,        160
5302125000,        160
5302375000,        160
5302625000,        160
5302875000,        160
5303125000,        160
5303375000,        160
5303625000,        160
5303875000,        160
5304125000,        160
5304375000,        160
5304625000,        160
5304875000,        160
5305125000,        160
5305375000,        160
5305625000,        160
5305875000,        160
5306125000,        160
5306375000,        160
5306625000,        160
5306875000,        160
5307125000,        160
5307375000,        160
5307625000,        160
5307875000,        160
5308125000,        160
5308375000,        160
5308625000,        160
5308875000,        160
5309125000,        160
5309375000,        160
5309625000,        160
5309875000,        160
5310125000,        160
5310375000,        160
5310625000,        160
5310875000,        160
5311125000,        160
5311375000,        160
5311625000,        160
5311875000,        160
5312125000,        160
5312375000,        160
5312625000,        160
5312875000,        160
5313125000,        160
5313375000,        160
5313625000,        160
5313875000,        160
5314125000,        160
5314375000,        160
5314625000,        160
5314875000,        160
5315125000,        160
5315375000,        160
5315625000,        160
5315875000,        160
5316125000,        160
5316375000,        160
5316625000,        160
5316875000,        160
5317125000,        160
5317375000,        160
5317625000,        160
5317875000,        160
5318125000,        160
5318375000,        160
5318625000,        160
5318875000,        160
5319125000,        160
5319375000,        160
5319625000,        160
5319875000,        160
5320125000,        160
5320375000,        160
5320625000,        160
5320875000,        160
5321125000,        160
5321375000,        160
5321625000,        160
5321875000,        160
5322125000,        160
5322375000,        160
5322625000,        160
5322875000,        160
5323125000,        160
5323375000,        160
5323625000,        160
5323875000,        160
5324125000,        160
5324375000,        160
5324625000,        160
5324875000,        160
5325125000,        160
5325375000,        160
5325625000,        160
5325875000,        160
5326125000,        160
5326375000,        160
5326625000,        160
5326875000,        160
5327125000,        160
5327375000,        160
5327625000,        160
5327875000,        160
5328125000,        160
5328375000,        160
5328625000,        160
5328875000,        160
5329125000,        160
5329375000,        160
5329625000,        160
5329875000,        160
5330125000,        160
5330375000,        160
5330625000,        160
5330875000,        160
5331125000,        160
5331375000,        160
5331625000,        160
5331875000,        160
5332125000,        160
5332375000,        160
5332625000,        160
5332875000,        160
5333125000,        160
5333375000,        160
5333625000,        160
5333875000,        160
5334125000,        160
5334375000,        160
5334625000,        160
5334875000,        160
5335125000,        160
5335375000,        160
5335625000,        160
5335875000,        160
5336125000,        160
5336375000,        160
5336625000,        160
5336875000,        160
5337125000,        160
5337375000,        160
5337625000,        160
5337875000,        160
5338125000,        160
5338375000,        160
5338625000,        160
5338875000,        160
5339125000,        160
5339375000,        160
5339625000,        160
5339875000,        160
5340125000,        160
5340375000,        160
5340625000,        160
5340875000,        160
5341125000,        160
5341375000,        160
5341625000,        160
5341875000,        160
5342125000,        160
5342375000,        160
5342625000,        160
5342875000,        160
5343125000,        160
5343375000,        160
5343625000,        160
5343875000,        160
5344125000,        160
5344375000,        160
5344625000,        160
5344875000,        160
5345125000,        160
5345375000,        160
5345625000,        160
5345875000,        160
5346125000,        160
5346375000,        160
5346625000,        160
5346875000,        160
5347125000,        160
5347375000,        160
5347625000,        160
5347875000,        160
5348125000,        160
5348375000,        160
5348625000,        160
5348875000,        160
5349125000,        160
5349375000,        160
5349625000,        160
5349875000,        160
5350125000,        160
5350375000,        160
5350625000,        160
5350875000,        160
5351125000,        160
5351375000,        160
5351625000,        160
5351875000,        160
5352125000,        160
5352375000,        160
5352625000,        160
5352875000,        160
5353125000,        160
5353375000,        160
5353625000,        160
5353875000,        160
5354125000,        160
5354375000,        160
5354625000,        160
5354875000,        160
5355125000,        160
5355375000,        160
5355625000,        160
5355875000,        160
5356125000,        160
5356375000,        160
5356625000,        160
5356875000,        160
5357125000,        160
5357375000,        160
5357625000,        160
5357875000,        160
5358125000,        160
5358375000,        160
5358625000,        160
5358875000,        160
5359125000,        160
5359375000,        160
5359625000,        160
5359875000,        160
5360125000,        160
5360375000,        160
5360625000,        160
5360875000,        160
5361125000,        160
5361375000,        160
5361625000,        160
5361875000,        160
5362125000,        160
5362375000,        160
5362625000,        160
5362875000,        160
5363125000,        160
5363375000,        160
5363625000,        160
5363875000,        160
5364125000,        160
5364375000,        160
5364625000,        160
5364875000,        160
5365125000,        160
5365375000,        160
5365625000,        160
5365875000,        160
5366125000,        160
5366375000,        160
5366625000,        160
5366875000,        160
5367125000,        160
5367375000,        160
5367625000,        160
5367875000,        160
5368125000,        160
5368375000,        160
5368625000,        160
5368875000,        160
5369125000,        160
5369375000,        160
5369625000,        160
5369875000,        160
5370125000,        160
5370375000,        160
5370625000,        160
5370875000,        160
5371125000,        160
5371375000,        160
5371625000,        160
5371875000,        160
5372125000,        160
5372375000,        160
5372625000,        160
5372875000,        160
5373125000,        160
5373375000,        160
5373625000,        160
5373875000,        160
5374125000,        160
5374375000,        160
5374625000,        160
5374875000,        160
5375125000,        160
5375375000,        160
5375625000,        160
5375875000,        160
5376125000,        160
5376375000,        160
5376625000,        160
5376875000,        160
5377125000,        160
5377375000,        160
5377625000,        160
5377875000,        160
5378125000,        160
5378375000,        160
5378625000,        160
5378875000,        160
5379125000,        160
5379375000,        160
5379625000,        160
5379875000,        160
5380125000,        160
5380375000,        160
5380625000,        160
5380875000,        160
5381125000,        160
5381375000,        160
5381625000,        160
5381875000,        160
5382125000,        160
5382375000,        160
5382625000,        160
5382875000,        160
5383125000,        160
5383375000,        160
5383625000,        160
5383875000,        160
5384125000,        160
5384375000,        160
5384625000,        160
5384875000,        160
5385125000,        160
5385375000,        160
5385625000,        160
5385875000,        160
5386125000,        160
5386375000,        160
5386625000,        160
5386875000,        160
5387125000,        160
5387375000,        160
5387625000,        160
5387875000,        160
5388125000,        160
5388375000,        160
5388625000,        160
5388875000,        160
5389125000,        160
5389375000,        160
5389625000,        160
5389875000,        160
5390125000,        160
5390375000,        160
5390625000,        160
5390875000,        160
5391125000,        160
5391375000,        160
5391625000,        160
5391875000,        160
5392125000,        160
5392375000,        160
5392625000,        160
5392875000,        160
5393125000,        160
5393375000,        160
5393625000,        160
5393875000,        160
5394125000,        160
5394375000,        160
5394625000,        160
5394875000,        160
5395125000,        160
5395375000,        160
5395625000,        160
5395875000,        160
5396125000,        160
5396375000,        160
5396625000,        160
5396875000,        160
5397125000,        160
5397375000,        160
5397625000,        160
5397875000,        160
5398125000,        160
5398375000,        160
5398625000,        160
5398875000,        160
5399125000,        160
5399375000,        160
5399625000,        160
5399875000,        160
5400125000,        160
5400375000,        160
5400625000,        160
5400875000,        160
5401125000,        160
5401375000,        160
5401625000,        160
5401875000,        160
5402125000,        160
5402375000,        160
5402625000,        160
5402875000,        160
5403125000,        160
5403375000,        160
5403625000,        160
5403875000,        160
5404125000,        160
5404375000,        160
5404625000,        160
5404875000,        160
5405125000,        160
5405375000,        160
5405625000,        160
5405875000,        160
5406125000,        160
5406375000,        160
5406625000,        160
5406875000,        160
5407125000,        160
5407375000,        160
5407625000,        160
5407875000,        160
5408125000,        160
5408375000,        160
5408625000,        160
5408875000,        160
5409125000,        160
5409375000,        160
5409625000,        160
5409875000,        160
5410125000,        160
5410375000,        160
5410625000,        160
5410875000,        160
5411125000,        160
5411375000,        160
5411625000,        160
5411875000,        160
5412125000,        160
5412375000,        160
5412625000,        160
5412875000,        160
5413125000,        160
5413375000,        160
5413625000,        160
5413875000,        160
5414125000,        160
5414375000,        160
5414625000,        160
5414875000,        160
5415125000,        160
5415375000,        160
5415625000,        160
5415875000,        160
5416125000,        160
5416375000,        160
5416625000,        160
5416875000,        160
5417125000,        160
5417375000,        160
5417625000,        160
5417875000,        160
5418125000,        160
5418375000,        160
5418625000,        160
5418875000,        160
5419125000,        160
5419375000,        160
5419625000,        160
5419875000,        160
5420125000,        160
5420375000,        160
5420625000,        160
5420875000,        160
5421125000,        160
5421375000,        160
5421625000,        160
5421875000,        160
5422125000,        160
5422375000,        160
5422625000,        160
5422875000,        160
5423125000,        160
5423375000,        160
5423625000,        160
5423875000,        160
5424125000,        160
5424375000,        160
5424625000,        160
5424875000,        160
5425125000,        160
5425375000,        160
5425625000,        160
5425875000,        160
5426125000,        160
5426375000,        160
5426625000,        160
5426875000,        160
5427125000,        160
5427375000,        160
5427625000,        160
5427875000,        160
5428125000,        160
5428375000,        160
5428625000,        160
5428875000,        160
5429125000,        160
5429375000,        160
5429625000,        160
5429875000,        160
5430125000,        160
5430375000,        160
5430625000,        160
5430875000,        160
5431125000,        160
5431375000,        160
5431625000,        160
5431875000,        160
5432125000,        160
5432375000,        160
5432625000,        160
5432875000,        160
5433125000,        160
5433375000,        160
5433625000,        160
5433875000,        160
5434125000,        160
5434375000,        160
5434625000,        160
5434875000,        160
5435125000,        160
5435375000,        160
5435625000,        160
5435875000,        160
5436125000,        160
5436375000,        160
5436625000,        160
5436875000,        160
5437125000,        160
5437375000,        160
5437625000,        160
5437875000,        160
5438125000,        160
5438375000,        160
5438625000,        160
5438875000,        160
5439125000,        160
5439375000,        160
5439625000,        160
5439875000,        160
5440125000,        160
5440375000,        160
5440625000,        160
5440875000,        160
5441125000,        160
5441375000,        160
5441625000,        160
5441875000,        160
5442125000,        160
5442375000,        160
5442625000,        160
5442875000,        160
5443125000,        160
5443375000,        160
5443625000,        160
5443875000,        160
5444125000,        160
5444375000,        160
5444625000,        160
5444875000,        160
5445125000,        160
5445375000,        160
5445625000,        160
5445875000,        160
5446125000,        160
5446375000,        160
5446625000,        160
5446875000,        160
5447125000,        160
5447375000,        160
5447625000,        160
5447875000,        160
5448125000,        160
5448375000,        160
5448625000,        160
5448875000,        160
5449125000,        160
5449375000,        160
5449625000,        160
5449875000,        160
5450125000,        160
5450375000,        160
5450625000,        160
5450875000,        160
5451125000,        160
5451375000,        160
5451625000,        160
5451875000,        160
5452125000,        160
5452375000,        160
5452625000,        160
5452875000,        160
5453125000,        160
5453375000,        160
5453625000,        160
5453875000,        160
5454125000,        160
5454375000,        160
5454625000,        160
5454875000,        160
5455125000,        160
5455375000,        160
5455625000,        160
5455875000,        160
5456125000,        160
5456375000,        160
5456625000,        160
5456875000,        160
5457125000,        160
5457375000,        160
5457625000,        160
5457875000,        160
5458125000,        160
5458375000,        160
5458625000,        160
5458875000,        160
5459125000,        160
5459375000,        160
5459625000,        160
5459875000,        160
5460125000,        160
5460375000,        160
5460625000,        160
5460875000,        160
5461125000,        160
5461375000,        160
5461625000,        160
5461875000,        160
5462125000,        160
5462375000,        160
5462625000,        160
5462875000,        160
5463125000,        160
5463375000,        160
5463625000,        160
5463875000,        160
5464125000,        160
5464375000,        160
5464625000,        160
5464875000,        160
5465125000,        160
5465375000,        160
5465625000,        160
5465875000,        160
5466125000,        160
5466375000,        160
5466625000,        160
5466875000,        160
5467125000,        160
5467375000,        160
5467625000,        160
5467875000,        160
5468125000,        160
5468375000,        160
5468625000,        160
5468875000,        160
5469125000,        160
5469375000,        160
5469625000,        160
5469875000,        160
5470125000,        160
5470375000,        160
5470625000,        160
5470875000,        160
5471125000,        160
5471375000,        160
5471625000,        160
5471875000,        160
5472125000,        160
5472375000,        160
5472625000,        160
5472875000,        160
5473125000,        160
5473375000,        160
5473625000,        160
5473875000,        160
5474125000,        160
5474375000,        160
5474625000,        160
5474875000,        160
5475125000,        160
5475375000,        160
5475625000,        160
5475875000,        160
5476125000,        160
5476375000,        160
5476625000,        160
5476875000,        160
5477125000,        160
5477375000,        160
5477625000,        160
5477875000,        160
5478125000,        160
5478375000,        160
5478625000,        160
5478875000,        160
5479125000,        160
5479375000,        160
5479625000,        160
5479875000,        160
5480125000,        160
5480375000,        160
5480625000,        160
5480875000,        160
5481125000,        160
5481375000,        160
5481625000,        160
5481875000,        160
5482125000,        160
5482375000,        160
5482625000,        160
5482875000,        160
5483125000,        160
5483375000,        160
5483625000,        160
5483875000,        160
5484125000,        160
5484375000,        160
5484625000,        160
5484875000,        160
5485125000,        160
5485375000,        160
5485625000,        160
5485875000,        160
5486125000,        160
5486375000,        160
5486625000,        160
5486875000,        160
5487125000,        160
5487375000,        160
5487625000,        160
5487875000,        160
5488125000,        160
5488375000,        160
5488625000,        160
5488875000,        160
5489125000,        160
5489375000,        160
5489625000,        160
5489875000,        160
5490125000,        160
5490375000,        160
5490625000,        160
5490875000,        160
5491125000,        160
5491375000,        160
5491625000,        160
5491875000,        160
5492125000,        160
5492375000,        160
5492625000,        160
5492875000,        160
5493125000,        160
5493375000,        160
5493625000,        160
5493875000,        160
5494125000,        160
5494375000,        160
5494625000,        160
5494875000,        160
5495125000,        160
5495375000,        160
5495625000,        160
5495875000,        160
5496125000,        160
5496375000,        160
5496625000,        160
5496875000,        160
5497125000,        160
5497375000,        160
5497625000,        160
5497875000,        160
5498125000,        160
5498375000,        160
5498625000,        160
5498875000,        160
5499125000,        160
5499375000,        160
5499625000,        160
5499875000,        160
5500125000,        160
5500375000,        160
5500625000,        160
5500875000,        160
5501125000,        160
5501375000,        160
5501625000,        160
5501875000,        160
5502125000,        160
5502375000,        160
5502625000,        160
5502875000,        160
5503125000,        160
5503375000,        160
5503625000,        160
5503875000,        160
5504125000,        160
5504375000,        160
5504625000,        160
5504875000,        160
5505125000,        160
5505375000,        160
5505625000,        160
5505875000,        160
5506125000,        160
5506375000,        160
5506625000,        160
5506875000,        160
5507125000,        160
5507375000,        160
5507625000,        160
5507875000,        160
5508125000,        160
5508375000,        160
5508625000,        160
5508875000,        160
5509125000,        160
5509375000,        160
5509625000,        160
5509875000,        160
5510125000,        160
5510375000,        160
5510625000,        160
5510875000,        160
5511125000,        160
5511375000,        160
5511625000,        160
5511875000,        160
5512125000,        160
5512375000,        160
5512625000,        160
5512875000,        160
5513125000,        160
5513375000,        160
5513625000,        160
5513875000,        160
5514125000,        160
5514375000,        160
5514625000,        160
5514875000,        160
5515125000,        160
5515375000,        160
5515625000,        160
5515875000,        160
5516125000,        160
5516375000,        160
5516625000,        160
5516875000,        160
5517125000,        160
5517375000,        160
5517625000,        160
5517875000,        160
5518125000,        160
5518375000,        160
5518625000,        160
5518875000,        160
5519125000,        160
5519375000,        160
5519625000,        160
5519875000,        160
5520125000,        160
5520375000,        160
5520625000,        160
5520875000,        160
5521125000,        160
5521375000,        160
5521625000,        160
5521875000,        160
5522125000,        160
5522375000,        160
5522625000,        160
5522875000,        160
5523125000,        160
5523375000,        160
5523625000,        160
5523875000,        160
5524125000,        160
5524375000,        160
5524625000,        160
5524875000,        160
5525125000,        160
5525375000,        160
5525625000,        160
5525875000,        160
5526125000,        160
5526375000,        160
5526625000,        160
5526875000,        160
5527125000,        160
5527375000,        160
5527625000,        160
5527875000,        160
5528125000,        160
5528375000,        160
5528625000,        160
5528875000,        160
5529125000,        160
5529375000,        160
5529625000,        160
5529875000,        160
5530125000,        160
5530375000,        160
5530625000,        160
5530875000,        160
5531125000,        160
5531375000,        160
5531625000,        160
5531875000,        160
5532125000,        160
5532375000,        160
5532625000,        160
5532875000,        160
5533125000,        160
5533375000,        160
5533625000,        160
5533875000,        160
5534125000,        160
5534375000,        160
5534625000,        160
5534875000,        160
5535125000,        160
5535375000,        160
5535625000,        160
5535875000,        160
5536125000,        160
5536375000,        160
5536625000,        160
5536875000,        160
5537125000,        160
5537375000,        160
5537625000,        160
5537875000,        160
5538125000,        160
5538375000,        160
5538625000,        160
5538875000,        160
5539125000,        160
5539375000,        160
5539625000,        160
5539875000,        160
5540125000,        160
5540375000,        160
5540625000,        160
5540875000,        160
5541125000,        160
5541375000,        160
5541625000,        160
5541875000,        160
5542125000,        160
5542375000,        160
5542625000,        160
5542875000,        160
5543125000,        160
5543375000,        160
5543625000,        160
5543875000,        160
5544125000,        160
5544375000,        160
5544625000,        160
5544875000,        160
5545125000,        160
5545375000,        160
5545625000,        160
5545875000,        160
5546125000,        160
5546375000,        160
5546625000,        160
5546875000,        160
5547125000,        160
5547375000,        160
5547625000,        160
5547875000,        160
5548125000,        160
5548375000,        160
5548625000,        160
5548875000,        160
5549125000,        160
5549375000,        160
5549625000,        160
5549875000,        160
5550125000,        160
5550375000,        160
5550625000,        160
5550875000,        160
5551125000,        160
5551375000,        160
5551625000,        160
5551875000,        160
5552125000,        160
5552375000,        160
5552625000,        160
5552875000,        160
5553125000,        160
5553375000,        160
5553625000,        160
5553875000,        160
5554125000,        160
5554375000,        160
5554625000,        160
5554875000,        160
5555125000,        160
5555375000,        160
5555625000,        160
5555875000,        160
5556125000,        160
5556375000,        160
5556625000,        160
5556875000,        160
5557125000,        160
5557375000,        160
5557625000,        160
5557875000,        160
5558125000,        160
5558375000,        160
5558625000,        160
5558875000,        160
5559125000,        160
5559375000,        160
5559625000,        160
5559875000,        160
5560125000,        160
5560375000,        160
5560625000,        160
5560875000,        160
5561125000,        160
5561375000,        160
5561625000,        160
5561875000,        160
5562125000,        160
5562375000,        160
5562625000,        160
5562875000,        160
5563125000,        160
5563375000,        160
5563625000,        160
5563875000,        160
5564125000,        160
5564375000,        160
5564625000,        160
5564875000,        160
5565125000,        160
5565375000,        160
5565625000,        160
5565875000,        160
5566125000,        160
5566375000,        160
5566625000,        160
5566875000,        160
5567125000,        160
5567375000,        160
5567625000,        160
5567875000,        160
5568125000,        160
5568375000,        160
5568625000,        160
5568875000,        160
5569125000,        160
5569375000,        160
5569625000,        160
5569875000,        160
5570125000,        160
5570375000,        160
5570625000,        160
5570875000,        160
5571125000,        160
5571375000,        160
5571625000,        160
5571875000,        160
5572125000,        160
5572375000,        160
5572625000,        160
5572875000,        160
5573125000,        160
5573375000,        160
5573625000,        160
5573875000,        160
5574125000,        160
5574375000,        160
5574625000,        160
5574875000,        160
5575125000,        160
5575375000,        160
5575625000,        160
5575875000,        160
5576125000,        160
5576375000,        160
5576625000,        160
5576875000,        160
5577125000,        160
5577375000,        160
5577625000,        160
5577875000,        160
5578125000,        160
5578375000,        160
5578625000,        160
5578875000,        160
5579125000,        160
5579375000,        160
5579625000,        160
5579875000,        160
5580125000,        160
5580375000,        160
5580625000,        160
5580875000,        160
5581125000,        160
5581375000,        160
5581625000,        160
5581875000,        160
5582125000,        160
5582375000,        160
5582625000,        160
5582875000,        160
5583125000,        160
5583375000,        160
5583625000,        160
5583875000,        160
5584125000,        160
5584375000,        160
5584625000,        160
5584875000,        160
5585125000,        160
5585375000,        160
5585625000,        160
5585875000,        160
5586125000,        160
5586375000,        160
5586625000,        160
5586875000,        160
5587125000,        160
5587375000,        160
5587625000,        160
5587875000,        160
5588125000,        160
5588375000,        160
5588625000,        160
5588875000,        160
5589125000,        160
5589375000,        160
5589625000,        160
5589875000,        160
5590125000,        160
5590375000,        160
5590625000,        160
5590875000,        160
5591125000,        160
5591375000,        160
5591625000,        160
5591875000,        160
5592125000,        160
5592375000,        160
5592625000,        160
5592875000,        160
5593125000,        160
5593375000,        160
5593625000,        160
5593875000,        160
5594125000,        160
5594375000,        160
5594625000,        160
5594875000,        160
5595125000,        160
5595375000,        160
5595625000,        160
5595875000,        160
5596125000,        160
5596375000,        160
5596625000,        160
5596875000,        160
5597125000,        160
5597375000,        160
5597625000,        160
5597875000,        160
5598125000,        160
5598375000,        160
5598625000,        160
5598875000,        160
5599125000,        160
5599375000,        160
5599625000,        160
5599875000,        160
5600125000,        160
5600375000,        160
5600625000,        160
5600875000,        160
5601125000,        160
5601375000,        160
5601625000,        160
5601875000,        160
5602125000,        160
5602375000,        160
5602625000,        160
5602875000,        160
5603125000,        160
5603375000,        160
5603625000,        160
5603875000,        160
5604125000,        160
5604375000,        160
5604625000,        160
5604875000,        160
5605125000,        160
5605375000,        160
5605625000,        160
5605875000,        160
5606125000,        160
5606375000,        160
5606625000,        160
5606875000,        160
5607125000,        160
5607375000,        160
5607625000,        160
5607875000,        160
5608125000,        160
5608375000,        160
5608625000,        160
5608875000,        160
5609125000,        160
5609375000,        160
5609625000,        160
5609875000,        160
5610125000,        160
5610375000,        160
5610625000,        160
5610875000,        160
5611125000,        160
5611375000,        160
5611625000,        160
5611875000,        160
5612125000,        160
5612375000,        160
5612625000,        160
5612875000,        160
5613125000,        160
5613375000,        160
5613625000,        160
5613875000,        160
5614125000,        160
5614375000,        160
5614625000,        160
5614875000,        160
5615125000,        160
5615375000,        160
5615625000,        160
5615875000,        160
5616125000,        160
5616375000,        160
5616625000,        160
5616875000,        160
5617125000,        160
5617375000,        160
5617625000,        160
5617875000,        160
5618125000,        160
5618375000,        160
5618625000,        160
5618875000,        160
5619125000,        160
5619375000,        160
5619625000,        160
5619875000,        160
5620125000,        160
5620375000,        160
5620625000,        160
5620875000,        160
5621125000,        160
5621375000,        160
5621625000,        160
5621875000,        160
5622125000,        160
5622375000,        160
5622625000,        160
5622875000,        160
5623125000,        160
5623375000,        160
5623625000,        160
5623875000,        160
5624125000,        160
5624375000,        160
5624625000,        160
5624875000,        160
5625125000,        160
5625375000,        160
5625625000,        160
5625875000,        160
5626125000,        160
5626375000,        160
5626625000,        160
5626875000,        160
5627125000,        160
5627375000,        160
5627625000,        160
5627875000,        160
5628125000,        160
5628375000,        160
5628625000,        160
5628875000,        160
5629125000,        160
5629375000,        160
5629625000,        160
5629875000,        160
5630125000,        160
5630375000,        160
5630625000,        160
5630875000,        160
5631125000,        160
5631375000,        160
5631625000,        160
5631875000,        160
5632125000,        160
5632375000,        160
5632625000,        160
5632875000,        160
5633125000,        160
5633375000,        160
5633625000,        160
5633875000,        160
5634125000,        160
5634375000,        160
5634625000,        160
5634875000,        160
5635125000,        160
5635375000,        160
5635625000,        160
5635875000,        160
5636125000,        160
5636375000,        160
5636625000,        160
5636875000,        160
5637125000,        160
5637375000,        160
5637625000,        160
5637875000,        160
5638125000,        160
5638375000,        160
5638625000,        160
5638875000,        160
5639125000,        160
5639375000,        160
5639625000,        160
5639875000,        160
5640125000,        160
5640375000,        160
5640625000,        160
5640875000,        160
5641125000,        160
5641375000,        160
5641625000,        160
5641875000,        160
5642125000,        160
5642375000,        160
5642625000,        160
5642875000,        160
5643125000,        160
5643375000,        160
5643625000,        160
5643875000,        160
5644125000,        160
5644375000,        160
5644625000,        160
5644875000,        160
5645125000,        160
5645375000,        160
5645625000,        160
5645875000,        160
5646125000,        160
5646375000,        160
5646625000,        160
5646875000,        160
5647125000,        160
5647375000,        160
5647625000,        160
5647875000,        160
5648125000,        160
5648375000,        160
5648625000,        160
5648875000,        160
5649125000,        160
5649375000,        160
5649625000,        160
5649875000,        160
5650125000,        160
5650375000,        160
5650625000,        160
5650875000,        160
5651125000,        160
5651375000,        160
5651625000,        160
5651875000,        160
5652125000,        160
5652375000,        160
5652625000,        160
5652875000,        160
5653125000,        160
5653375000,        160
5653625000,        160
5653875000,        160
5654125000,        160
5654375000,        160
5654625000,        160
5654875000,        160
5655125000,        160
5655375000,        160
5655625000,        160
5655875000,        160
5656125000,        160
5656375000,        160
5656625000,        160
5656875000,        160
5657125000,        160
5657375000,        160
5657625000,        160
5657875000,        160
5658125000,        160
5658375000,        160
5658625000,        160
5658875000,        160
5659125000,        160
5659375000,        160
5659625000,        160
5659875000,        160
5660125000,        160
5660375000,        160
5660625000,        160
5660875000,        160
5661125000,        160
5661375000,        160
5661625000,        160
5661875000,        160
5662125000,        160
5662375000,        160
5662625000,        160
5662875000,        160
5663125000,        160
5663375000,        160
5663625000,        160
5663875000,        160
5664125000,        160
5664375000,        160
5664625000,        160
5664875000,        160
5665125000,        160
5665375000,        160
5665625000,        160
5665875000,        160
5666125000,        160
5666375000,        160
5666625000,        160
5666875000,        160
5667125000,        160
5667375000,        160
5667625000,        160
5667875000,        160
5668125000,        160
5668375000,        160
5668625000,        160
5668875000,        160
5669125000,        160
5669375000,        160
5669625000,        160
5669875000,        160
5670125000,        160
5670375000,        160
5670625000,        160
5670875000,        160
5671125000,        160
5671375000,        160
5671625000,        160
5671875000,        160
5672125000,        160
5672375000,        160
5672625000,        160
5672875000,        160
5673125000,        160
5673375000,        160
5673625000,        160
5673875000,        160
5674125000,        160
5674375000,        160
5674625000,        160
5674875000,        160
5675125000,        160
5675375000,        160
5675625000,        160
5675875000,        160
5676125000,        160
5676375000,        160
5676625000,        160
5676875000,        160
5677125000,        160
5677375000,        160
5677625000,        160
5677875000,        160
5678125000,        160
5678375000,        160
5678625000,        160
5678875000,        160
5679125000,        160
5679375000,        160
5679625000,        160
5679875000,        160
5680125000,        160
5680375000,        160
5680625000,        160
5680875000,        160
5681125000,        160
5681375000,        160
5681625000,        160
5681875000,        160
5682125000,        160
5682375000,        160
5682625000,        160
5682875000,        160
5683125000,        160
5683375000,        160
5683625000,        160
5683875000,        160
5684125000,        160
5684375000,        160
5684625000,        160
5684875000,        160
5685125000,        160
5685375000,        160
5685625000,        160
5685875000,        160
5686125000,        160
5686375000,        160
5686625000,        160
5686875000,        160
5687125000,        160
5687375000,        160
5687625000,        160
5687875000,        160
5688125000,        160
5688375000,        160
5688625000,        160
5688875000,        160
5689125000,        160
5689375000,        160
5689625000,        160
5689875000,        160
5690125000,        160
5690375000,        160
5690625000,        160
5690875000,        160
5691125000,        160
5691375000,        160
5691625000,        160
5691875000,        160
5692125000,        160
5692375000,        160
5692625000,        160
5692875000,        160
5693125000,        160
5693375000,        160
5693625000,        160
5693875000,        160
5694125000,        160
5694375000,        160
5694625000,        160
5694875000,        160
5695125000,        160
5695375000,        160
5695625000,        160
5695875000,        160
5696125000,        160
5696375000,        160
5696625000,        160
5696875000,        160
5697125000,        160
5697375000,        160
5697625000,        160
5697875000,        160
5698125000,        160
5698375000,        160
5698625000,        160
5698875000,        160
5699125000,        160
5699375000,        160
5699625000,        160
5699875000,        160
5700125000,        160
5700375000,        160
5700625000,        160
5700875000,        160
5701125000,        160
5701375000,        160
5701625000,        160
5701875000,        160
5702125000,        160
5702375000,        160
5702625000,        160
5702875000,        160
5703125000,        160
5703375000,        160
5703625000,        160
5703875000,        160
5704125000,        160
5704375000,        160
5704625000,        160
5704875000,        160
5705125000,        160
5705375000,        160
5705625000,        160
5705875000,        160
5706125000,        160
5706375000,        160
5706625000,        160
5706875000,        160
5707125000,        160
5707375000,        160
5707625000,        160
5707875000,        160
5708125000,        160
5708375000,        160
5708625000,        160
5708875000,        160
5709125000,        160
5709375000,        160
5709625000,        160
5709875000,        160
5710125000,        160
5710375000,        160
5710625000,        160
5710875000,        160
5711125000,        160
5711375000,        160
5711625000,        160
5711875000,        160
5712125000,        160
5712375000,        160
5712625000,        160
5712875000,        160
5713125000,        160
5713375000,        160
5713625000,        160
5713875000,        160
5714125000,        160
5714375000,        160
5714625000,        160
5714875000,        160
5715125000,        160
5715375000,        160
5715625000,        160
5715875000,        160
5716125000,        160
5716375000,        160
5716625000,        160
5716875000,        160
5717125000,        160
5717375000,        160
5717625000,        160
5717875000,        160
5718125000,        160
5718375000,        160
5718625000,        160
5718875000,        160
5719125000,        160
5719375000,        160
5719625000,        160
5719875000,        160
5720125000,        160
5720375000,        160
5720625000,        160
5720875000,        160
5721125000,        160
5721375000,        160
5721625000,        160
5721875000,        160
5722125000,        160
5722375000,        160
5722625000,        160
5722875000,        160
5723125000,        160
5723375000,        160
5723625000,        160
5723875000,        160
5724125000,        160
5724375000,        160
5724625000,        160
5724875000,        160
5725125000,        160
5725375000,        160
5725625000,        160
5725875000,        160
5726125000,        160
5726375000,        160
5726625000,        160
5726875000,        160
5727125000,        160
5727375000,        160
5727625000,        160
5727875000,        160
5728125000,        160
5728375000,        160
5728625000,        160
5728875000,        160
5729125000,        160
5729375000,        160
5729625000,        160
5729875000,        160
5730125000,        160
5730375000,        160
5730625000,        160
5730875000,        160
5731125000,        160
5731375000,        160
5731625000,        160
5731875000,        160
5732125000,        160
5732375000,        160
5732625000,        160
5732875000,        160
5733125000,        160
5733375000,        160
5733625000,        160
5733875000,        160
5734125000,        160
5734375000,        160
5734625000,        160
5734875000,        160
5735125000,        160
5735375000,        160
5735625000,        160
5735875000,        160
5736125000,        160
5736375000,        160
5736625000,        160
5736875000,        160
5737125000,        160
5737375000,        160
5737625000,        160
5737875000,        160
5738125000,        160
5738375000,        160
5738625000,        160
5738875000,        160
5739125000,        160
5739375000,        160
5739625000,        160
5739875000,        160
5740125000,        160
5740375000,        160
5740625000,        160
5740875000,        160
5741125000,        160
5741375000,        160
5741625000,        160
5741875000,        160
5742125000,        160
5742375000,        160
5742625000,        160
5742875000,        160
5743125000,        160
5743375000,        160
5743625000,        160
5743875000,        160
5744125000,        160
5744375000,        160
5744625000,        160
5744875000,        160
5745125000,        160
5745375000,        160
5745625000,        160
5745875000,        160
5746125000,        160
5746375000,        160
5746625000,        160
5746875000,        160
5747125000,        160
5747375000,        160
5747625000,        160
5747875000,        160
5748125000,        160
5748375000,        160
5748625000,        160
5748875000,        160
5749125000,        160
5749375000,        160
5749625000,        160
5749875000,        160
5750125000,        160
5750375000,        160
5750625000,        160
5750875000,        160
5751125000,        160
5751375000,        160
5751625000,        160
5751875000,        160
5752125000,        160
5752375000,        160
5752625000,        160
5752875000,        160
5753125000,        160
5753375000,        160
5753625000,        160
5753875000,        160
5754125000,        160
5754375000,        160
5754625000,        160
5754875000,        160
5755125000,        160
5755375000,        160
5755625000,        160
5755875000,        160
5756125000,        160
5756375000,        160
5756625000,        160
5756875000,        160
5757125000,        160
5757375000,        160
5757625000,        160
5757875000,        160
5758125000,        160
5758375000,        160
5758625000,        160
5758875000,        160
5759125000,        160
5759375000,        160
5759625000,        160
5759875000,        160
5760125000,        160
5760375000,        160
5760625000,        160
5760875000,        160
5761125000,        160
5761375000,        160
5761625000,        160
5761875000,        160
5762125000,        160
5762375000,        160
5762625000,        160
5762875000,        160
5763125000,        160
5763375000,        160
5763625000,        160
5763875000,        160
5764125000,        160
5764375000,        160
5764625000,        160
5764875000,        160
5765125000,        160
5765375000,        160
5765625000,        160
5765875000,        160
5766125000,        160
5766375000,        160
5766625000,        160
5766875000,        160
5767125000,        160
5767375000,        160
5767625000,        160
5767875000,        160
5768125000,        160
5768375000,        160
5768625000,        160
5768875000,        160
5769125000,        160
5769375000,        160
5769625000,        160
5769875000,        160
5770125000,        160
5770375000,        160
5770625000,        160
5770875000,        160
5771125000,        160
5771375000,        160
5771625000,        160
5771875000,        160
5772125000,        160
5772375000,        160
5772625000,        160
5772875000,        160
5773125000,        160
5773375000,        160
5773625000,        160
5773875000,        160
5774125000,        160
5774375000,        160
5774625000,        160
5774875000,        160
5775125000,        160
5775375000,        160
5775625000,        160
5775875000,        160
5776125000,        160
5776375000,        160
5776625000,        160
5776875000,        160
5777125000,        160
5777375000,        160
5777625000,        160
5777875000,        160
5778125000,        160
5778375000,        160
5778625000,        160
5778875000,        160
5779125000,        160
5779375000,        160
5779625000,        160
5779875000,        160
5780125000,        160
5780375000,        160
5780625000,        160
5780875000,        160
5781125000,        160
5781375000,        160
5781625000,        160
5781875000,        160
5782125000,        160
5782375000,        160
5782625000,        160
5782875000,        160
5783125000,        160
5783375000,        160
5783625000,        160
5783875000,        160
5784125000,        160
5784375000,        160
5784625000,        160
5784875000,        160
5785125000,        160
5785375000,        160
5785625000,        160
5785875000,        160
5786125000,        160
5786375000,        160
5786625000,        160
5786875000,        160
5787125000,        160
5787375000,        160
5787625000,        160
5787875000,        160
5788125000,        160
5788375000,        160
5788625000,        160
5788875000,        160
5789125000,        160
5789375000,        160
5789625000,        160
5789875000,        160
5790125000,        160
5790375000,        160
5790625000,        160
5790875000,        160
5791125000,        160
5791375000,        160
5791625000,        160
5791875000,        160
5792125000,        160
5792375000,        160
5792625000,        160
5792875000,        160
5793125000,        160
5793375000,        160
5793625000,        160
5793875000,        160
5794125000,        160
5794375000,        160
5794625000,        160
5794875000,        160
5795125000,        160
5795375000,        160
5795625000,        160
5795875000,        160
5796125000,        160
5796375000,        160
5796625000,        160
5796875000,        160
5797125000,        160
5797375000,        160
5797625000,        160
5797875000,        160
5798125000,        160
5798375000,        160
5798625000,        160
5798875000,        160
5799125000,        160
5799375000,        160
5799625000,        160
5799875000,        160
5800125000,        160
5800375000,        160
5800625000,        160
5800875000,        160
5801125000,        160
5801375000,        160
5801625000,        160
5801875000,        160
5802125000,        160
5802375000,        160
5802625000,        160
5802875000,        160
5803125000,        160
5803375000,        160
5803625000,        160
5803875000,        160
5804125000,        160
5804375000,        160
5804625000,        160
5804875000,        160
5805125000,        160
5805375000,        160
5805625000,        160
5805875000,        160
5806125000,        160
5806375000,        160
5806625000,        160
5806875000,        160
5807125000,        160
5807375000,        160
5807625000,        160
5807875000,        160
5808125000,        160
5808375000,        160
5808625000,        160
5808875000,        160
5809125000,        160
5809375000,        160
5809625000,        160
5809875000,        160
5810125000,        160
5810375000,        160
5810625000,        160
5810875000,        160
5811125000,        160
5811375000,        160
5811625000,        160
5811875000,        160
5812125000,        160
5812375000,        160
5812625000,        160
5812875000,        160
5813125000,        160
5813375000,        160
5813625000,        160
5813875000,        160
5814125000,        160
5814375000,        160
5814625000,        160
5814875000,        160
5815125000,        160
5815375000,        160
5815625000,        160
5815875000,        160
5816125000,        160
5816375000,        160
5816625000,        160
5816875000,        160
5817125000,        160
5817375000,        160
5817625000,        160
5817875000,        160
5818125000,        160
5818375000,        160
5818625000,        160
5818875000,        160
5819125000,        160
5819375000,        160
5819625000,        160
5819875000,        160
5820125000,        160
5820375000,        160
5820625000,        160
5820875000,        160
5821125000,        160
5821375000,        160
5821625000,        160
5821875000,        160
5822125000,        160
5822375000,        160
5822625000,        160
5822875000,        160
5823125000,        160
5823375000,        160
5823625000,        160
5823875000,        160
5824125000,        160
5824375000,        160
5824625000,        160
5824875000,        160
5825125000,        160
5825375000,        160
5825625000,        160
5825875000,        160
5826125000,        160
5826375000,        160
5826625000,        160
5826875000,        160
5827125000,        160
5827375000,        160
5827625000,        160
5827875000,        160
5828125000,        160
5828375000,        160
5828625000,        160
5828875000,        160
5829125000,        160
5829375000,        160
5829625000,        160
5829875000,        160
5830125000,        160
5830375000,        160
5830625000,        160
5830875000,        160
5831125000,        160
5831375000,        160
5831625000,        160
5831875000,        160
5832125000,        160
5832375000,        160
5832625000,        160
5832875000,        160
5833125000,        160
5833375000,        160
5833625000,        160
5833875000,        160
5834125000,        160
5834375000,        160
5834625000,        160
5834875000,        160
5835125000,        160
5835375000,        160
5835625000,        160
5835875000,        160
5836125000,        160
5836375000,        160
5836625000,        160
5836875000,        160
5837125000,        160
5837375000,        160
5837625000,        160
5837875000,        160
5838125000,        160
5838375000,        160
5838625000,        160
5838875000,        160
5839125000,        160
5839375000,        160
5839625000,        160
5839875000,        160
5840125000,        160
5840375000,        160
5840625000,        160
5840875000,        160
5841125000,        160
5841375000,        160
5841625000,        160
5841875000,        160
5842125000,        160
5842375000,        160
5842625000,        160
5842875000,        160
5843125000,        160
5843375000,        160
5843625000,        160
5843875000,        160
5844125000,        160
5844375000,        160
5844625000,        160
5844875000,        160
5845125000,        160
5845375000,        160
5845625000,        160
5845875000,        160
5846125000,        160
5846375000,        160
5846625000,        160
5846875000,        160
5847125000,        160
5847375000,        160
5847625000,        160
5847875000,        160
5848125000,        160
5848375000,        160
5848625000,        160
5848875000,        160
5849125000,        160
5849375000,        160
5849625000,        160
5849875000,        160
5850125000,        160
5850375000,        160
5850625000,        160
5850875000,        160
5851125000,        160
5851375000,        160
5851625000,        160
5851875000,        160
5852125000,        160
5852375000,        160
5852625000,        160
5852875000,        160
5853125000,        160
5853375000,        160
5853625000,        160
5853875000,        160
5854125000,        160
5854375000,        160
5854625000,        160
5854875000,        160
5855125000,        160
5855375000,        160
5855625000,        160
5855875000,        160
5856125000,        160
5856375000,        160
5856625000,        160
5856875000,        160
5857125000,        160
5857375000,        160
5857625000,        160
5857875000,        160
5858125000,        160
5858375000,        160
5858625000,        160
5858875000,        160
5859125000,        160
5859375000,        160
5859625000,        160
5859875000,        160
5860125000,        160
5860375000,        160
5860625000,        160
5860875000,        160
5861125000,        160
5861375000,        160
5861625000,        160
5861875000,        160
5862125000,        160
5862375000,        160
5862625000,        160
5862875000,        160
5863125000,        160
5863375000,        160
5863625000,        160
5863875000,        160
5864125000,        160
5864375000,        160
5864625000,        160
5864875000,        160
5865125000,        160
5865375000,        160
5865625000,        160
5865875000,        160
5866125000,        160
5866375000,        160
5866625000,        160
5866875000,        160
5867125000,        160
5867375000,        160
5867625000,        160
5867875000,        160
5868125000,        160
5868375000,        160
5868625000,        160
5868875000,        160
5869125000,        160
5869375000,        160
5869625000,        160
5869875000,        160
5870125000,        160
5870375000,        160
5870625000,        160
5870875000,        160
5871125000,        160
5871375000,        160
5871625000,        160
5871875000,        160
5872125000,        160
5872375000,        160
5872625000,        160
5872875000,        160
5873125000,        160
5873375000,        160
5873625000,        160
5873875000,        160
5874125000,        160
5874375000,        160
5874625000,        160
5874875000,        160
5875125000,        160
5875375000,        160
5875625000,        160
5875875000,        160
5876125000,        160
5876375000,        160
5876625000,        160
5876875000,        160
5877125000,        160
5877375000,        160
5877625000,        160
5877875000,        160
5878125000,        160
5878375000,        160
5878625000,        160
5878875000,        160
5879125000,        160
5879375000,        160
5879625000,        160
5879875000,        160
5880125000,        160
5880375000,        160
5880625000,        160
5880875000,        160
5881125000,        160
5881375000,        160
5881625000,        160
5881875000,        160
5882125000,        160
5882375000,        160
5882625000,        160
5882875000,        160
5883125000,        160
5883375000,        160
5883625000,        160
5883875000,        160
5884125000,        160
5884375000,        160
5884625000,        160
5884875000,        160
5885125000,        160
5885375000,        160
5885625000,        160
5885875000,        160
5886125000,        160
5886375000,        160
5886625000,        160
5886875000,        160
5887125000,        160
5887375000,        160
5887625000,        160
5887875000,        160
5888125000,        160
5888375000,        160
5888625000,        160
5888875000,        160
5889125000,        160
5889375000,        160
5889625000,        160
5889875000,        160
5890125000,        160
5890375000,        160
5890625000,        160
5890875000,        160
5891125000,        160
5891375000,        160
5891625000,        160
5891875000,        160
5892125000,        160
5892375000,        160
5892625000,        160
5892875000,        160
5893125000,        160
5893375000,        160
5893625000,        160
5893875000,        160
5894125000,        160
5894375000,        160
5894625000,        160
5894875000,        160
5895125000,        160
5895375000,        160
5895625000,        160
5895875000,        160
5896125000,        160
5896375000,        160
5896625000,        160
5896875000,        160
5897125000,        160
5897375000,        160
5897625000,        160
5897875000,        160
5898125000,        160
5898375000,        160
5898625000,        160
5898875000,        160
5899125000,        160
5899375000,        160
5899625000,        160
5899875000,        160
5900125000,        160
5900375000,        160
5900625000,        160
5900875000,        160
5901125000,        160
5901375000,        160
5901625000,        160
5901875000,        160
5902125000,        160
5902375000,        160
5902625000,        160
5902875000,        160
5903125000,        160
5903375000,        160
5903625000,        160
5903875000,        160
5904125000,        160
5904375000,        160
5904625000,        160
5904875000,        160
5905125000,        160
5905375000,        160
5905625000,        160
5905875000,        160
5906125000,        160
5906375000,        160
5906625000,        160
5906875000,        160
5907125000,        160
5907375000,        160
5907625000,        160
5907875000,        160
5908125000,        160
5908375000,        160
5908625000,        160
5908875000,        160
5909125000,        160
5909375000,        160
5909625000,        160
5909875000,        160
5910125000,        160
5910375000,        160
5910625000,        160
5910875000,        160
5911125000,        160
5911375000,        160
5911625000,        160
5911875000,        160
5912125000,        160
5912375000,        160
5912625000,        160
5912875000,        160
5913125000,        160
5913375000,        160
5913625000,        160
5913875000,        160
5914125000,        160
5914375000,        160
5914625000,        160
5914875000,        160
5915125000,        160
5915375000,        160
5915625000,        160
5915875000,        160
5916125000,        160
5916375000,        160
5916625000,        160
5916875000,        160
5917125000,        160
5917375000,        160
5917625000,        160
5917875000,        160
5918125000,        160
5918375000,        160
5918625000,        160
5918875000,        160
5919125000,        160
5919375000,        160
5919625000,        160
5919875000,        160
5920125000,        160
5920375000,        160
5920625000,        160
5920875000,        160
5921125000,        160
5921375000,        160
5921625000,        160
5921875000,        160
5922125000,        160
5922375000,        160
5922625000,        160
5922875000,        160
5923125000,        160
5923375000,        160
5923625000,        160
5923875000,        160
5924125000,        160
5924375000,        160
5924625000,        160
5924875000,        160
5925125000,        160
5925375000,        160
5925625000,        160
5925875000,        160
5926125000,        160
5926375000,        160
5926625000,        160
5926875000,        160
5927125000,        160
5927375000,        160
5927625000,        160
5927875000,        160
5928125000,        160
5928375000,        160
5928625000,        160
5928875000,        160
5929125000,        160
5929375000,        160
5929625000,        160
5929875000,        160
5930125000,        160
5930375000,        160
5930625000,        160
5930875000,        160
5931125000,        160
5931375000,        160
5931625000,        160
5931875000,        160
5932125000,        160
5932375000,        160
5932625000,        160
5932875000,        160
5933125000,        160
5933375000,        160
5933625000,        160
5933875000,        160
5934125000,        160
5934375000,        160
5934625000,        160
5934875000,        160
5935125000,        160
5935375000,        160
5935625000,        160
5935875000,        160
5936125000,        160
5936375000,        160
5936625000,        160
5936875000,        160
5937125000,        160
5937375000,        160
5937625000,        160
5937875000,        160
5938125000,        160
5938375000,        160
5938625000,        160
5938875000,        160
5939125000,        160
5939375000,        160
5939625000,        160
5939875000,        160
5940125000,        160
5940375000,        160
5940625000,        160
5940875000,        160
5941125000,        160
5941375000,        160
5941625000,        160
5941875000,        160
5942125000,        160
5942375000,        160
5942625000,        160
5942875000,        160
5943125000,        160
5943375000,        160
5943625000,        160
5943875000,        160
5944125000,        160
5944375000,        160
5944625000,        160
5944875000,        160
5945125000,        160
5945375000,        160
5945625000,        160
5945875000,        160
5946125000,        160
5946375000,        160
5946625000,        160
5946875000,        160
5947125000,        160
5947375000,        160
5947625000,        160
5947875000,        160
5948125000,        160
5948375000,        160
5948625000,        160
5948875000,        160
5949125000,        160
5949375000,        160
5949625000,        160
5949875000,        160
5950125000,        160
5950375000,        160
5950625000,        160
5950875000,        160
5951125000,        160
5951375000,        160
5951625000,        160
5951875000,        160
5952125000,        160
5952375000,        160
5952625000,        160
5952875000,        160
5953125000,        160
5953375000,        160
5953625000,        160
5953875000,        160
5954125000,        160
5954375000,        160
5954625000,        160
5954875000,        160
5955125000,        160
5955375000,        160
5955625000,        160
5955875000,        160
5956125000,        160
5956375000,        160
5956625000,        160
5956875000,        160
5957125000,        160
5957375000,        160
5957625000,        160
5957875000,        160
5958125000,        160
5958375000,        160
5958625000,        160
5958875000,        160
5959125000,        160
5959375000,        160
5959625000,        160
5959875000,        160
5960125000,        160
5960375000,        160
5960625000,        160
5960875000,        160
5961125000,        160
5961375000,        160
5961625000,        160
5961875000,        160
5962125000,        160
5962375000,        160
5962625000,        160
5962875000,        160
5963125000,        160
5963375000,        160
5963625000,        160
5963875000,        160
5964125000,        160
5964375000,        160
5964625000,        160
5964875000,        160
5965125000,        160
5965375000,        160
5965625000,        160
5965875000,        160
5966125000,        160
5966375000,        160
5966625000,        160
5966875000,        160
5967125000,        160
5967375000,        160
5967625000,        160
5967875000,        160
5968125000,        160
5968375000,        160
5968625000,        160
5968875000,        160
5969125000,        160
5969375000,        160
5969625000,        160
5969875000,        160
5970125000,        160
5970375000,        160
5970625000,        160
5970875000,        160
5971125000,        160
5971375000,        160
5971625000,        160
5971875000,        160
5972125000,        160
5972375000,        160
5972625000,        160
5972875000,        160
5973125000,        160
5973375000,        160
5973625000,        160
5973875000,        160
5974125000,        160
5974375000,        160
5974625000,        160
5974875000,        160
5975125000,        160
5975375000,        160
5975625000,        160
5975875000,        160
5976125000,        160
5976375000,        160
5976625000,        160
5976875000,        160
5977125000,        160
5977375000,        160
5977625000,        160
5977875000,        160
5978125000,        160
5978375000,        160
5978625000,        160
5978875000,        160
5979125000,        160
5979375000,        160
5979625000,        160
5979875000,        160
5980125000,        160
5980375000,        160
5980625000,        160
5980875000,        160
5981125000,        160
5981375000,        160
5981625000,        160
5981875000,        160
5982125000,        160
5982375000,        160
5982625000,        160
5982875000,        160
5983125000,        160
5983375000,        160
5983625000,        160
5983875000,        160
5984125000,        160
5984375000,        160
5984625000,        160
5984875000,        160
5985125000,        160
5985375000,        160
5985625000,        160
5985875000,        160
5986125000,        160
5986375000,        160
5986625000,        160
5986875000,        160
5987125000,        160
5987375000,        160
5987625000,        160
5987875000,        160
5988125000,        160
5988375000,        160
5988625000,        160
5988875000,        160
5989125000,        160
5989375000,        160
5989625000,        160
5989875000,        160
5990125000,        160
5990375000,        160
5990625000,        160
5990875000,        160
5991125000,        160
5991375000,        160
5991625000,        160
5991875000,        160
5992125000,        160
5992375000,        160
5992625000,        160
5992875000,        160
5993125000,        160
5993375000,        160
5993625000,        160
5993875000,        160
5994125000,        160
5994375000,        160
5994625000,        160
5994875000,        160
5995125000,        160
5995375000,        160
5995625000,        160
5995875000,        160
5996125000,        160
5996375000,        160
5996625000,        160
5996875000,        160
5997125000,        160
5997375000,        160
5997625000,        160
5997875000,        160
5998125000,        160
5998375000,        160
5998625000,        160
5998875000,        160
5999125000,        160
5999375000,        160
5999625000,        160
5999875000,        160
6000125000,        160
6000375000,        160
6000625000,        160
6000875000,        160
6001125000,        160
6001375000,        160
6001625000,        160
6001875000,        160
6002125000,        160
6002375000,        160
6002625000,        160
6002875000,        160
6003125000,        160
6003375000,        160
6003625000,        160
6003875000,        160
6004125000,        160
6004375000,        160
6004625000,        160
6004875000,        160
6005125000,        160
6005375000,        160
6005625000,        160
6005875000,        160
6006125000,        160
6006375000,        160
6006625000,        160
6006875000,        160
6007125000,        160
6007375000,        160
6007625000,        160
6007875000,        160
6008125000,        160
6008375000,        160
6008625000,        160
6008875000,        160
6009125000,        160
6009375000,        160
6009625000,        160
6009875000,        160
6010125000,        160
6010375000,        160
6010625000,        160
6010875000,        160
6011125000,        160
6011375000,        160
6011625000,        160
6011875000,        160
6012125000,        160
6012375000,        160
6012625000,        160
6012875000,        160
6013125000,        160
6013375000,        160
6013625000,        160
6013875000,        160
6014125000,        160
6014375000,        160
6014625000,        160
6014875000,        160
6015125000,        160
6015375000,        160
6015625000,        160
6015875000,        160
6016125000,        160
6016375000,        160
6016625000,        160
6016875000,        160
6017125000,        160
6017375000,        160
6017625000,        160
6017875000,        160
6018125000,        160
6018375000,        160
6018625000,        160
6018875000,        160
6019125000,        160
6019375000,        160
6019625000,        160
6019875000,        160
6020125000,        160
6020375000,        160
6020625000,        160
6020875000,        160
6021125000,        160
6021375000,        160
6021625000,        160
6021875000,        160
6022125000,        160
6022375000,        160
6022625000,        160
6022875000,        160
6023125000,        160
6023375000,        160
6023625000,        160
6023875000,        160
6024125000,        160
6024375000,        160
6024625000,        160
6024875000,        160
6025125000,        160
6025375000,        160
6025625000,        160
6025875000,        160
6026125000,        160
6026375000,        160
6026625000,        160
6026875000,        160
6027125000,        160
6027375000,        160
6027625000,        160
6027875000,        160
6028125000,        160
6028375000,        160
6028625000,        160
6028875000,        160
6029125000,        160
6029375000,        160
6029625000,        160
6029875000,        160
6030125000,        160
6030375000,        160
6030625000,        160
6030875000,        160
6031125000,        160
6031375000,        160
6031625000,        160
6031875000,        160
6032125000,        160
6032375000,        160
6032625000,        160
6032875000,        160
6033125000,        160
6033375000,        160
6033625000,        160
6033875000,        160
6034125000,        160
6034375000,        160
6034625000,        160
6034875000,        160
6035125000,        160
6035375000,        160
6035625000,        160
6035875000,        160
6036125000,        160
6036375000,        160
6036625000,        160
6036875000,        160
6037125000,        160
6037375000,        160
6037625000,        160
6037875000,        160
6038125000,        160
6038375000,        160
6038625000,        160
6038875000,        160
6039125000,        160
6039375000,        160
6039625000,        160
6039875000,        160
6040125000,        160
6040375000,        160
6040625000,        160
6040875000,        160
6041125000,        160
6041375000,        160
6041625000,        160
6041875000,        160
6042125000,        160
6042375000,        160
6042625000,        160
6042875000,        160
6043125000,        160
6043375000,        160
6043625000,        160
6043875000,        160
6044125000,        160
6044375000,        160
6044625000,        160
6044875000,        160
6045125000,        160
6045375000,        160
6045625000,        160
6045875000,        160
6046125000,        160
6046375000,        160
6046625000,        160
6046875000,        160
6047125000,        160
6047375000,        160
6047625000,        160
6047875000,        160
6048125000,        160
6048375000,        160
6048625000,        160
6048875000,        160
6049125000,        160
6049375000,        160
6049625000,        160
6049875000,        160
6050125000,        160
6050375000,        160
6050625000,        160
6050875000,        160
6051125000,        160
6051375000,        160
6051625000,        160
6051875000,        160
6052125000,        160
6052375000,        160
6052625000,        160
6052875000,        160
6053125000,        160
6053375000,        160
6053625000,        160
6053875000,        160
6054125000,        160
6054375000,        160
6054625000,        160
6054875000,        160
6055125000,        160
6055375000,        160
6055625000,        160
6055875000,        160
6056125000,        160
6056375000,        160
6056625000,        160
6056875000,        160
6057125000,        160
6057375000,        160
6057625000,        160
6057875000,        160
6058125000,        160
6058375000,        160
6058625000,        160
6058875000,        160
6059125000,        160
6059375000,        160
6059625000,        160
6059875000,        160
6060125000,        160
6060375000,        160
6060625000,        160
6060875000,        160
6061125000,        160
6061375000,        160
6061625000,        160
6061875000,        160
6062125000,        160
6062375000,        160
6062625000,        160
6062875000,        160
6063125000,        160
6063375000,        160
6063625000,        160
6063875000,        160
6064125000,        160
6064375000,        160
6064625000,        160
6064875000,        160
6065125000,        160
6065375000,        160
6065625000,        160
6065875000,        160
6066125000,        160
6066375000,        160
6066625000,        160
6066875000,        160
6067125000,        160
6067375000,        160
6067625000,        160
6067875000,        160
6068125000,        160
6068375000,        160
6068625000,        160
6068875000,        160
6069125000,        160
6069375000,        160
6069625000,        160
6069875000,        160
6070125000,        160
6070375000,        160
6070625000,        160
6070875000,        160
6071125000,        160
6071375000,        160
6071625000,        160
6071875000,        160
6072125000,        160
6072375000,        160
6072625000,        160
6072875000,        160
6073125000,        160
6073375000,        160
6073625000,        160
6073875000,        160
6074125000,        160
6074375000,        160
6074625000,        160
6074875000,        160
6075125000,        160
6075375000,        160
6075625000,        160
6075875000,        160
6076125000,        160
6076375000,        160
6076625000,        160
6076875000,        160
6077125000,        160
6077375000,        160
6077625000,        160
6077875000,        160
6078125000,        160
6078375000,        160
6078625000,        160
6078875000,        160
6079125000,        160
6079375000,        160
6079625000,        160
6079875000,        160
6080125000,        160
6080375000,        160
6080625000,        160
6080875000,        160
6081125000,        160
6081375000,        160
6081625000,        160
6081875000,        160
6082125000,        160
6082375000,        160
6082625000,        160
6082875000,        160
6083125000,        160
6083375000,        160
6083625000,        160
6083875000,        160
6084125000,        160
6084375000,        160
6084625000,        160
6084875000,        160
6085125000,        160
6085375000,        160
6085625000,        160
6085875000,        160
6086125000,        160
6086375000,        160
6086625000,        160
6086875000,        160
6087125000,        160
6087375000,        160
6087625000,        160
6087875000,        160
6088125000,        160
6088375000,        160
6088625000,        160
6088875000,        160
6089125000,        160
6089375000,        160
6089625000,        160
6089875000,        160
6090125000,        160
6090375000,        160
6090625000,        160
6090875000,        160
6091125000,        160
6091375000,        160
6091625000,        160
6091875000,        160
6092125000,        160
6092375000,        160
6092625000,        160
6092875000,        160
6093125000,        160
6093375000,        160
6093625000,        160
6093875000,        160
6094125000,        160
6094375000,        160
6094625000,        160
6094875000,        160
6095125000,        160
6095375000,        160
6095625000,        160
6095875000,        160
6096125000,        160
6096375000,        160
6096625000,        160
6096875000,        160
6097125000,        160
6097375000,        160
6097625000,        160
6097875000,        160
6098125000,        160
6098375000,        160
6098625000,        160
6098875000,        160
6099125000,        160
6099375000,        160
6099625000,        160
6099875000,        160
6100125000,        160
6100375000,        160
6100625000,        160
6100875000,        160
6101125000,        160
6101375000,        160
6101625000,        160
6101875000,        160
6102125000,        160
6102375000,        160
6102625000,        160
6102875000,        160
6103125000,        160
6103375000,        160
6103625000,        160
6103875000,        160
6104125000,        160
6104375000,        160
6104625000,        160
6104875000,        160
6105125000,        160
6105375000,        160
6105625000,        160
6105875000,        160
6106125000,        160
6106375000,        160
6106625000,        160
6106875000,        160
6107125000,        160
6107375000,        160
6107625000,        160
6107875000,        160
6108125000,        160
6108375000,        160
6108625000,        160
6108875000,        160
6109125000,        160
6109375000,        160
6109625000,        160
6109875000,        160
6110125000,        160
6110375000,        160
6110625000,        160
6110875000,        160
6111125000,        160
6111375000,        160
6111625000,        160
6111875000,        160
6112125000,        160
6112375000,        160
6112625000,        160
6112875000,        160
6113125000,        160
6113375000,        160
6113625000,        160
6113875000,        160
6114125000,        160
6114375000,        160
6114625000,        160
6114875000,        160
6115125000,        160
6115375000,        160
6115625000,        160
6115875000,        160
6116125000,        160
6116375000,        160
6116625000,        160
6116875000,        160
6117125000,        160
6117375000,        160
6117625000,        160
6117875000,        160
6118125000,        160
6118375000,        160
6118625000,        160
6118875000,        160
6119125000,        160
6119375000,        160
6119625000,        160
6119875000,        160
6120125000,        160
6120375000,        160
6120625000,        160
6120875000,        160
6121125000,        160
6121375000,        160
6121625000,        160
6121875000,        160
6122125000,        160
6122375000,        160
6122625000,        160
6122875000,        160
6123125000,        160
6123375000,        160
6123625000,        160
6123875000,        160
6124125000,        160
6124375000,        160
6124625000,        160
6124875000,        160
6125125000,        160
6125375000,        160
6125625000,        160
6125875000,        160
6126125000,        160
6126375000,        160
6126625000,        160
6126875000,        160
6127125000,        160
6127375000,        160
6127625000,        160
6127875000,        160
6128125000,        160
6128375000,        160
6128625000,        160
6128875000,        160
6129125000,        160
6129375000,        160
6129625000,        160
6129875000,        160
6130125000,        160
6130375000,        160
6130625000,        160
6130875000,        160
6131125000,        160
6131375000,        160
6131625000,        160
6131875000,        160
6132125000,        160
6132375000,        160
6132625000,        160
6132875000,        160
6133125000,        160
6133375000,        160
6133625000,        160
6133875000,        160
6134125000,        160
6134375000,        160
6134625000,        160
6134875000,        160
6135125000,        160
6135375000,        160
6135625000,        160
6135875000,        160
6136125000,        160
6136375000,        160
6136625000,        160
6136875000,        160
6137125000,        160
6137375000,        160
6137625000,        160
6137875000,        160
6138125000,        160
6138375000,        160
6138625000,        160
6138875000,        160
6139125000,        160
6139375000,        160
6139625000,        160
6139875000,        160
6140125000,        160
6140375000,        160
6140625000,        160
6140875000,        160
6141125000,        160
6141375000,        160
6141625000,        160
6141875000,        160
6142125000,        160
6142375000,        160
6142625000,        160
6142875000,        160
6143125000,        160
6143375000,        160
6143625000,        160
6143875000,        160
6144125000,        160
6144375000,        160
6144625000,        160
6144875000,        160
6145125000,        160
6145375000,        160
6145625000,        160
6145875000,        160
6146125000,        160
6146375000,        160
6146625000,        160
6146875000,        160
6147125000,        160
6147375000,        160
6147625000,        160
6147875000,        160
6148125000,        160
6148375000,        160
6148625000,        160
6148875000,        160
6149125000,        160
6149375000,        160
6149625000,        160
6149875000,        160
6150125000,        160
6150375000,        160
6150625000,        160
6150875000,        160
6151125000,        160
6151375000,        160
6151625000,        160
6151875000,        160
6152125000,        160
6152375000,        160
6152625000,        160
6152875000,        160
6153125000,        160
6153375000,        160
6153625000,        160
6153875000,        160
6154125000,        160
6154375000,        160
6154625000,        160
6154875000,        160
6155125000,        160
6155375000,        160
6155625000,        160
6155875000,        160
6156125000,        160
6156375000,        160
6156625000,        160
6156875000,        160
6157125000,        160
6157375000,        160
6157625000,        160
6157875000,        160
6158125000,        160
6158375000,        160
6158625000,        160
6158875000,        160
6159125000,        160
6159375000,        160
6159625000,        160
6159875000,        160
6160125000,        160
6160375000,        160
6160625000,        160
6160875000,        160
6161125000,        160
6161375000,        160
6161625000,        160
6161875000,        160
6162125000,        160
6162375000,        160
6162625000,        160
6162875000,        160
6163125000,        160
6163375000,        160
6163625000,        160
6163875000,        160
6164125000,        160
6164375000,        160
6164625000,        160
6164875000,        160
6165125000,        160
6165375000,        160
6165625000,        160
6165875000,        160
6166125000,        160
6166375000,        160
6166625000,        160
6166875000,        160
6167125000,        160
6167375000,        160
6167625000,        160
6167875000,        160
6168125000,        160
6168375000,        160
6168625000,        160
6168875000,        160
6169125000,        160
6169375000,        160
6169625000,        160
6169875000,        160
6170125000,        160
6170375000,        160
6170625000,        160
6170875000,        160
6171125000,        160
6171375000,        160
6171625000,        160
6171875000,        160
6172125000,        160
6172375000,        160
6172625000,        160
6172875000,        160
6173125000,        160
6173375000,        160
6173625000,        160
6173875000,        160
6174125000,        160
6174375000,        160
6174625000,        160
6174875000,        160
6175125000,        160
6175375000,        160
6175625000,        160
6175875000,        160
6176125000,        160
6176375000,        160
6176625000,        160
6176875000,        160
6177125000,        160
6177375000,        160
6177625000,        160
6177875000,        160
6178125000,        160
6178375000,        160
6178625000,        160
6178875000,        160
6179125000,        160
6179375000,        160
6179625000,        160
6179875000,        160
6180125000,        160
6180375000,        160
6180625000,        160
6180875000,        160
6181125000,        160
6181375000,        160
6181625000,        160
6181875000,        160
6182125000,        160
6182375000,        160
6182625000,        160
6182875000,        160
6183125000,        160
6183375000,        160
6183625000,        160
6183875000,        160
6184125000,        160
6184375000,        160
6184625000,        160
6184875000,        160
6185125000,        160
6185375000,        160
6185625000,        160
6185875000,        160
6186125000,        160
6186375000,        160
6186625000,        160
6186875000,        160
6187125000,        160
6187375000,        160
6187625000,        160
6187875000,        160
6188125000,        160
6188375000,        160
6188625000,        160
6188875000,        160
6189125000,        160
6189375000,        160
6189625000,        160
6189875000,        160
6190125000,        160
6190375000,        160
6190625000,        160
6190875000,        160
6191125000,        160
6191375000,        160
6191625000,        160
6191875000,        160
6192125000,        160
6192375000,        160
6192625000,        160
6192875000,        160
6193125000,        160
6193375000,        160
6193625000,        160
6193875000,        160
6194125000,        160
6194375000,        160
6194625000,        160
6194875000,        160
6195125000,        160
6195375000,        160
6195625000,        160
6195875000,        160
6196125000,        160
6196375000,        160
6196625000,        160
6196875000,        160
6197125000,        160
6197375000,        160
6197625000,        160
6197875000,        160
6198125000,        160
6198375000,        160
6198625000,        160
6198875000,        160
6199125000,        160
6199375000,        160
6199625000,        160
6199875000,        160
6200125000,        160
6200375000,        160
6200625000,        160
6200875000,        160
6201125000,        160
6201375000,        160
6201625000,        160
6201875000,        160
6202125000,        160
6202375000,        160
6202625000,        160
6202875000,        160
6203125000,        160
6203375000,        160
6203625000,        160
6203875000,        160
6204125000,        160
6204375000,        160
6204625000,        160
6204875000,        160
6205125000,        160
6205375000,        160
6205625000,        160
6205875000,        160
6206125000,        160
6206375000,        160
6206625000,        160
6206875000,        160
6207125000,        160
6207375000,        160
6207625000,        160
6207875000,        160
6208125000,        160
6208375000,        160
6208625000,        160
6208875000,        160
6209125000,        160
6209375000,        160
6209625000,        160
6209875000,        160
6210125000,        160
6210375000,        160
6210625000,        160
6210875000,        160
6211125000,        160
6211375000,        160
6211625000,        160
6211875000,        160
6212125000,        160
6212375000,        160
6212625000,        160
6212875000,        160
6213125000,        160
6213375000,        160
6213625000,        160
6213875000,        160
6214125000,        160
6214375000,        160
6214625000,        160
6214875000,        160
6215125000,        160
6215375000,        160
6215625000,        160
6215875000,        160
6216125000,        160
6216375000,        160
6216625000,        160
6216875000,        160
6217125000,        160
6217375000,        160
6217625000,        160
6217875000,        160
6218125000,        160
6218375000,        160
6218625000,        160
6218875000,        160
6219125000,        160
6219375000,        160
6219625000,        160
6219875000,        160
6220125000,        160
6220375000,        160
6220625000,        160
6220875000,        160
6221125000,        160
6221375000,        160
6221625000,        160
6221875000,        160
6222125000,        160
6222375000,        160
6222625000,        160
6222875000,        160
6223125000,        160
6223375000,        160
6223625000,        160
6223875000,        160
6224125000,        160
6224375000,        160
6224625000,        160
6224875000,        160
6225125000,        160
6225375000,        160
6225625000,        160
6225875000,        160
6226125000,        160
6226375000,        160
6226625000,        160
6226875000,        160
6227125000,        160
6227375000,        160
6227625000,        160
6227875000,        160
6228125000,        160
6228375000,        160
6228625000,        160
6228875000,        160
6229125000,        160
6229375000,        160
6229625000,        160
6229875000,        160
6230125000,        160
6230375000,        160
6230625000,        160
6230875000,        160
6231125000,        160
6231375000,        160
6231625000,        160
6231875000,        160
6232125000,        160
6232375000,        160
6232625000,        160
6232875000,        160
6233125000,        160
6233375000,        160
6233625000,        160
6233875000,        160
6234125000,        160
6234375000,        160
6234625000,        160
6234875000,        160
6235125000,        160
6235375000,        160
6235625000,        160
6235875000,        160
6236125000,        160
6236375000,        160
6236625000,        160
6236875000,        160
6237125000,        160
6237375000,        160
6237625000,        160
6237875000,        160
6238125000,        160
6238375000,        160
6238625000,        160
6238875000,        160
6239125000,        160
6239375000,        160
6239625000,        160
6239875000,        160
6240125000,        160
6240375000,        160
6240625000,        160
6240875000,        160
6241125000,        160
6241375000,        160
6241625000,        160
6241875000,        160
6242125000,        160
6242375000,        160
6242625000,        160
6242875000,        160
6243125000,        160
6243375000,        160
6243625000,        160
6243875000,        160
6244125000,        160
6244375000,        160
6244625000,        160
6244875000,        160
6245125000,        160
6245375000,        160
6245625000,        160
6245875000,        160
6246125000,        160
6246375000,        160
6246625000,        160
6246875000,        160
6247125000,        160
6247375000,        160
6247625000,        160
6247875000,        160
6248125000,        160
6248375000,        160
6248625000,        160
6248875000,        160
6249125000,        160
6249375000,        160
6249625000,        160
6249875000,        160
6250125000,        160
6250375000,        160
6250625000,        160
6250875000,        160
6251125000,        160
6251375000,        160
6251625000,        160
6251875000,        160
6252125000,        160
6252375000,        160
6252625000,        160
6252875000,        160
6253125000,        160
6253375000,        160
6253625000,        160
6253875000,        160
6254125000,        160
6254375000,        160
6254625000,        160
6254875000,        160
6255125000,        160
6255375000,        160
6255625000,        160
6255875000,        160
6256125000,        160
6256375000,        160
6256625000,        160
6256875000,        160
6257125000,        160
6257375000,        160
6257625000,        160
6257875000,        160
6258125000,        160
6258375000,        160
6258625000,        160
6258875000,        160
6259125000,        160
6259375000,        160
6259625000,        160
6259875000,        160
6260125000,        160
6260375000,        160
6260625000,        160
6260875000,        160
6261125000,        160
6261375000,        160
6261625000,        160
6261875000,        160
6262125000,        160
6262375000,        160
6262625000,        160
6262875000,        160
6263125000,        160
6263375000,        160
6263625000,        160
6263875000,        160
6264125000,        160
6264375000,        160
6264625000,        160
6264875000,        160
6265125000,        160
6265375000,        160
6265625000,        160
6265875000,        160
6266125000,        160
6266375000,        160
6266625000,        160
6266875000,        160
6267125000,        160
6267375000,        160
6267625000,        160
6267875000,        160
6268125000,        160
6268375000,        160
6268625000,        160
6268875000,        160
6269125000,        160
6269375000,        160
6269625000,        160
6269875000,        160
6270125000,        160
6270375000,        160
6270625000,        160
6270875000,        160
6271125000,        160
6271375000,        160
6271625000,        160
6271875000,        160
6272125000,        160
6272375000,        160
6272625000,        160
6272875000,        160
6273125000,        160
6273375000,        160
6273625000,        160
6273875000,        160
6274125000,        160
6274375000,        160
6274625000,        160
6274875000,        160
6275125000,        160
6275375000,        160
6275625000,        160
6275875000,        160
6276125000,        160
6276375000,        160
6276625000,        160
6276875000,        160
6277125000,        160
6277375000,        160
6277625000,        160
6277875000,        160
6278125000,        160
6278375000,        160
6278625000,        160
6278875000,        160
6279125000,        160
6279375000,        160
6279625000,        160
6279875000,        160
6280125000,        160
6280375000,        160
6280625000,        160
6280875000,        160
6281125000,        160
6281375000,        160
6281625000,        160
6281875000,        160
6282125000,        160
6282375000,        160
6282625000,        160
6282875000,        160
6283125000,        160
6283375000,        160
6283625000,        160
6283875000,        160
6284125000,        160
6284375000,        160
6284625000,        160
6284875000,        160
6285125000,        160
6285375000,        160
6285625000,        160
6285875000,        160
6286125000,        160
6286375000,        160
6286625000,        160
6286875000,        160
6287125000,        160
6287375000,        160
6287625000,        160
6287875000,        160
6288125000,        160
6288375000,        160
6288625000,        160
6288875000,        160
6289125000,        160
6289375000,        160
6289625000,        160
6289875000,        160
6290125000,        160
6290375000,        160
6290625000,        160
6290875000,        160
6291125000,        160
6291375000,        160
6291625000,        160
6291875000,        160
6292125000,        160
6292375000,        160
6292625000,        160
6292875000,        160
6293125000,        160
6293375000,        160
6293625000,        160
6293875000,        160
6294125000,        160
6294375000,        160
6294625000,        160
6294875000,        160
6295125000,        160
6295375000,        160
6295625000,        160
6295875000,        160
6296125000,        160
6296375000,        160
6296625000,        160
6296875000,        160
6297125000,        160
6297375000,        160
6297625000,        160
6297875000,        160
6298125000,        160
6298375000,        160
6298625000,        160
6298875000,        160
6299125000,        160
6299375000,        160
6299625000,        160
6299875000,        160
6300125000,        160
6300375000,        160
6300625000,        160
6300875000,        160
6301125000,        160
6301375000,        160
6301625000,        160
6301875000,        160
6302125000,        160
6302375000,        160
6302625000,        160
6302875000,        160
6303125000,        160
6303375000,        160
6303625000,        160
6303875000,        160
6304125000,        160
6304375000,        160
6304625000,        160
6304875000,        160
6305125000,        160
6305375000,        160
6305625000,        160
6305875000,        160
6306125000,        160
6306375000,        160
6306625000,        160
6306875000,        160
6307125000,        160
6307375000,        160
6307625000,        160
6307875000,        160
6308125000,        160
6308375000,        160
6308625000,        160
6308875000,        160
6309125000,        160
6309375000,        160
6309625000,        160
6309875000,        160
6310125000,        160
6310375000,        160
6310625000,        160
6310875000,        160
6311125000,        160
6311375000,        160
6311625000,        160
6311875000,        160
6312125000,        160
6312375000,        160
6312625000,        160
6312875000,        160
6313125000,        160
6313375000,        160
6313625000,        160
6313875000,        160
6314125000,        160
6314375000,        160
6314625000,        160
6314875000,        160
6315125000,        160
6315375000,        160
6315625000,        160
6315875000,        160
6316125000,        160
6316375000,        160
6316625000,        160
6316875000,        160
6317125000,        160
6317375000,        160
6317625000,        160
6317875000,        160
6318125000,        160
6318375000,        160
6318625000,        160
6318875000,        160
6319125000,        160
6319375000,        160
6319625000,        160
6319875000,        160
6320125000,        160
6320375000,        160
6320625000,        160
6320875000,        160
6321125000,        160
6321375000,        160
6321625000,        160
6321875000,        160
6322125000,        160
6322375000,        160
6322625000,        160
6322875000,        160
6323125000,        160
6323375000,        160
6323625000,        160
6323875000,        160
6324125000,        160
6324375000,        160
6324625000,        160
6324875000,        160
6325125000,        160
6325375000,        160
6325625000,        160
6325875000,        160
6326125000,        160
6326375000,        160
6326625000,        160
6326875000,        160
6327125000,        160
6327375000,        160
6327625000,        160
6327875000,        160
6328125000,        160
6328375000,        160
6328625000,        160
6328875000,        160
6329125000,        160
6329375000,        160
6329625000,        160
6329875000,        160
6330125000,        160
6330375000,        160
6330625000,        160
6330875000,        160
6331125000,        160
6331375000,        160
6331625000,        160
6331875000,        160
6332125000,        160
6332375000,        160
6332625000,        160
6332875000,        160
6333125000,        160
6333375000,        160
6333625000,        160
6333875000,        160
6334125000,        160
6334375000,        160
6334625000,        160
6334875000,        160
6335125000,        160
6335375000,        160
6335625000,        160
6335875000,        160
6336125000,        160
6336375000,        160
6336625000,        160
6336875000,        160
6337125000,        160
6337375000,        160
6337625000,        160
6337875000,        160
6338125000,        160
6338375000,        160
6338625000,        160
6338875000,        160
6339125000,        160
6339375000,        160
6339625000,        160
6339875000,        160
6340125000,        160
6340375000,        160
6340625000,        160
6340875000,        160
6341125000,        160
6341375000,        160
6341625000,        160
6341875000,        160
6342125000,        160
6342375000,        160
6342625000,        160
6342875000,        160
6343125000,        160
6343375000,        160
6343625000,        160
6343875000,        160
6344125000,        160
6344375000,        160
6344625000,        160
6344875000,        160
6345125000,        160
6345375000,        160
6345625000,        160
6345875000,        160
6346125000,        160
6346375000,        160
6346625000,        160
6346875000,        160
6347125000,        160
6347375000,        160
6347625000,        160
6347875000,        160
6348125000,        160
6348375000,        160
6348625000,        160
6348875000,        160
6349125000,        160
6349375000,        160
6349625000,        160
6349875000,        160
6350125000,        160
6350375000,        160
6350625000,        160
6350875000,        160
6351125000,        160
6351375000,        160
6351625000,        160
6351875000,        160
6352125000,        160
6352375000,        160
6352625000,        160
6352875000,        160
6353125000,        160
6353375000,        160
6353625000,        160
6353875000,        160
6354125000,        160
6354375000,        160
6354625000,        160
6354875000,        160
6355125000,        160
6355375000,        160
6355625000,        160
6355875000,        160
6356125000,        160
6356375000,        160
6356625000,        160
6356875000,        160
6357125000,        160
6357375000,        160
6357625000,        160
6357875000,        160
6358125000,        160
6358375000,        160
6358625000,        160
6358875000,        160
6359125000,        160
6359375000,        160
6359625000,        160
6359875000,        160
6360125000,        160
6360375000,        160
6360625000,        160
6360875000,        160
6361125000,        160
6361375000,        160
6361625000,        160
6361875000,        160
6362125000,        160
6362375000,        160
6362625000,        160
6362875000,        160
6363125000,        160
6363375000,        160
6363625000,        160
6363875000,        160
6364125000,        160
6364375000,        160
6364625000,        160
6364875000,        160
6365125000,        160
6365375000,        160
6365625000,        160
6365875000,        160
6366125000,        160
6366375000,        160
6366625000,        160
6366875000,        160
6367125000,        160
6367375000,        160
6367625000,        160
6367875000,        160
6368125000,        160
6368375000,        160
6368625000,        160
6368875000,        160
6369125000,        160
6369375000,        160
6369625000,        160
6369875000,        160
6370125000,        160
6370375000,        160
6370625000,        160
6370875000,        160
6371125000,        160
6371375000,        160
6371625000,        160
6371875000,        160
6372125000,        160
6372375000,        160
6372625000,        160
6372875000,        160
6373125000,        160
6373375000,        160
6373625000,        160
6373875000,        160
6374125000,        160
6374375000,        160
6374625000,        160
6374875000,        160
6375125000,        160
6375375000,        160
6375625000,        160
6375875000,        160
6376125000,        160
6376375000,        160
6376625000,        160
6376875000,        160
6377125000,        160
6377375000,        160
6377625000,        160
6377875000,        160
6378125000,        160
6378375000,        160
6378625000,        160
6378875000,        160
6379125000,        160
6379375000,        160
6379625000,        160
6379875000,        160
6380125000,        160
6380375000,        160
6380625000,        160
6380875000,        160
6381125000,        160
6381375000,        160
6381625000,        160
6381875000,        160
6382125000,        160
6382375000,        160
6382625000,        160
6382875000,        160
6383125000,        160
6383375000,        160
6383625000,        160
6383875000,        160
6384125000,        160
6384375000,        160
6384625000,        160
6384875000,        160
6385125000,        160
6385375000,        160
6385625000,        160
6385875000,        160
6386125000,        160
6386375000,        160
6386625000,        160
6386875000,        160
6387125000,        160
6387375000,        160
6387625000,        160
6387875000,        160
6388125000,        160
6388375000,        160
6388625000,        160
6388875000,        160
6389125000,        160
6389375000,        160
6389625000,        160
6389875000,        160
6390125000,        160
6390375000,        160
6390625000,        160
6390875000,        160
6391125000,        160
6391375000,        160
6391625000,        160
6391875000,        160
6392125000,        160
6392375000,        160
6392625000,        160
6392875000,        160
6393125000,        160
6393375000,        160
6393625000,        160
6393875000,        160
6394125000,        160
6394375000,        160
6394625000,        160
6394875000,        160
6395125000,        160
6395375000,        160
6395625000,        160
6395875000,        160
6396125000,        160
6396375000,        160
6396625000,        160
6396875000,        160
6397125000,        160
6397375000,        160
6397625000,        160
6397875000,        160
6398125000,        160
6398375000,        160
6398625000,        160
6398875000,        160
6399125000,        160
6399375000,        160
6399625000,        160
6399875000,        160
6400125000,        160
6400375000,        160
6400625000,        160
6400875000,        160
6401125000,        160
6401375000,        160
6401625000,        160
6401875000,        160
6402125000,        160
6402375000,        160
6402625000,        160
6402875000,        160
6403125000,        160
6403375000,        160
6403625000,        160
6403875000,        160
6404125000,        160
6404375000,        160
6404625000,        160
6404875000,        160
6405125000,        160
6405375000,        160
6405625000,        160
6405875000,        160
6406125000,        160
6406375000,        160
6406625000,        160
6406875000,        160
6407125000,        160
6407375000,        160
6407625000,        160
6407875000,        160
6408125000,        160
6408375000,        160
6408625000,        160
6408875000,        160
6409125000,        160
6409375000,        160
6409625000,        160
6409875000,        160
6410125000,        160
6410375000,        160
6410625000,        160
6410875000,        160
6411125000,        160
6411375000,        160
6411625000,        160
6411875000,        160
6412125000,        160
6412375000,        160
6412625000,        160
6412875000,        160
6413125000,        160
6413375000,        160
6413625000,        160
6413875000,        160
6414125000,        160
6414375000,        160
6414625000,        160
6414875000,        160
6415125000,        160
6415375000,        160
6415625000,        160
6415875000,        160
6416125000,        160
6416375000,        160
6416625000,        160
6416875000,        160
6417125000,        160
6417375000,        160
6417625000,        160
6417875000,        160
6418125000,        160
6418375000,        160
6418625000,        160
6418875000,        160
6419125000,        160
6419375000,        160
6419625000,        160
6419875000,        160
6420125000,        160
6420375000,        160
6420625000,        160
6420875000,        160
6421125000,        160
6421375000,        160
6421625000,        160
6421875000,        160
6422125000,        160
6422375000,        160
6422625000,        160
6422875000,        160
6423125000,        160
6423375000,        160
6423625000,        160
6423875000,        160
6424125000,        160
6424375000,        160
6424625000,        160
6424875000,        160
6425125000,        160
6425375000,        160
6425625000,        160
6425875000,        160
6426125000,        160
6426375000,        160
6426625000,        160
6426875000,        160
6427125000,        160
6427375000,        160
6427625000,        160
6427875000,        160
6428125000,        160
6428375000,        160
6428625000,        160
6428875000,        160
6429125000,        160
6429375000,        160
6429625000,        160
6429875000,        160
6430125000,        160
6430375000,        160
6430625000,        160
6430875000,        160
6431125000,        160
6431375000,        160
6431625000,        160
6431875000,        160
6432125000,        160
6432375000,        160
6432625000,        160
6432875000,        160
6433125000,        160
6433375000,        160
6433625000,        160
6433875000,        160
6434125000,        160
6434375000,        160
6434625000,        160
6434875000,        160
6435125000,        160
6435375000,        160
6435625000,        160
6435875000,        160
6436125000,        160
6436375000,        160
6436625000,        160
6436875000,        160
6437125000,        160
6437375000,        160
6437625000,        160
6437875000,        160
6438125000,        160
6438375000,        160
6438625000,        160
6438875000,        160
6439125000,        160
6439375000,        160
6439625000,        160
6439875000,        160
6440125000,        160
6440375000,        160
6440625000,        160
6440875000,        160
6441125000,        160
6441375000,        160
6441625000,        160
6441875000,        160
6442125000,        160
6442375000,        160
6442625000,        160
6442875000,        160
6443125000,        160
6443375000,        160
6443625000,        160
6443875000,        160
6444125000,        160
6444375000,        160
6444625000,        160
6444875000,        160
6445125000,        160
6445375000,        160
6445625000,        160
6445875000,        160
6446125000,        160
6446375000,        160
6446625000,        160
6446875000,        160
6447125000,        160
6447375000,        160
6447625000,        160
6447875000,        160
6448125000,        160
6448375000,        160
6448625000,        160
6448875000,        160
6449125000,        160
6449375000,        160
6449625000,        160
6449875000,        160
6450125000,        160
6450375000,        160
6450625000,        160
6450875000,        160
6451125000,        160
6451375000,        160
6451625000,        160
6451875000,        160
6452125000,        160
6452375000,        160
6452625000,        160
6452875000,        160
6453125000,        160
6453375000,        160
6453625000,        160
6453875000,        160
6454125000,        160
6454375000,        160
6454625000,        160
6454875000,        160
6455125000,        160
6455375000,        160
6455625000,        160
6455875000,        160
6456125000,        160
6456375000,        160
6456625000,        160
6456875000,        160
6457125000,        160
6457375000,        160
6457625000,        160
6457875000,        160
6458125000,        160
6458375000,        160
6458625000,        160
6458875000,        160
6459125000,        160
6459375000,        160
6459625000,        160
6459875000,        160
6460125000,        160
6460375000,        160
6460625000,        160
6460875000,        160
6461125000,        160
6461375000,        160
6461625000,        160
6461875000,        160
6462125000,        160
6462375000,        160
6462625000,        160
6462875000,        160
6463125000,        160
6463375000,        160
6463625000,        160
6463875000,        160
6464125000,        160
6464375000,        160
6464625000,        160
6464875000,        160
6465125000,        160
6465375000,        160
6465625000,        160
6465875000,        160
6466125000,        160
6466375000,        160
6466625000,        160
6466875000,        160
6467125000,        160
6467375000,        160
6467625000,        160
6467875000,        160
6468125000,        160
6468375000,        160
6468625000,        160
6468875000,        160
6469125000,        160
6469375000,        160
6469625000,        160
6469875000,        160
6470125000,        160
6470375000,        160
6470625000,        160
6470875000,        160
6471125000,        160
6471375000,        160
6471625000,        160
6471875000,        160
6472125000,        160
6472375000,        160
6472625000,        160
6472875000,        160
6473125000,        160
6473375000,        160
6473625000,        160
6473875000,        160
6474125000,        160
6474375000,        160
6474625000,        160
6474875000,        160
6475125000,        160
6475375000,        160
6475625000,        160
6475875000,        160
6476125000,        160
6476375000,        160
6476625000,        160
6476875000,        160
6477125000,        160
6477375000,        160
6477625000,        160
6477875000,        160
6478125000,        160
6478375000,        160
6478625000,        160
6478875000,        160
6479125000,        160
6479375000,        160
6479625000,        160
6479875000,        160
6480125000,        160
6480375000,        160
6480625000,        160
6480875000,        160
6481125000,        160
6481375000,        160
6481625000,        160
6481875000,        160
6482125000,        160
6482375000,        160
6482625000,        160
6482875000,        160
6483125000,        160
6483375000,        160
6483625000,        160
6483875000,        160
6484125000,        160
6484375000,        160
6484625000,        160
6484875000,        160
6485125000,        160
6485375000,        160
6485625000,        160
6485875000,        160
6486125000,        160
6486375000,        160
6486625000,        160
6486875000,        160
6487125000,        160
6487375000,        160
6487625000,        160
6487875000,        160
6488125000,        160
6488375000,        160
6488625000,        160
6488875000,        160
6489125000,        160
6489375000,        160
6489625000,        160
6489875000,        160
6490125000,        160
6490375000,        160
6490625000,        160
6490875000,        160
6491125000,        160
6491375000,        160
6491625000,        160
6491875000,        160
6492125000,        160
6492375000,        160
6492625000,        160
6492875000,        160
6493125000,        160
6493375000,        160
6493625000,        160
6493875000,        160
6494125000,        160
6494375000,        160
6494625000,        160
6494875000,        160
6495125000,        160
6495375000,        160
6495625000,        160
6495875000,        160
6496125000,        160
6496375000,        160
6496625000,        160
6496875000,        160
6497125000,        160
6497375000,        160
6497625000,        160
6497875000,        160
6498125000,        160
6498375000,        160
6498625000,        160
6498875000,        160
6499125000,        160
6499375000,        160
6499625000,        160
6499875000,        160
6500125000,        160
6500375000,        160
6500625000,        160
6500875000,        160
6501125000,        160
6501375000,        160
6501625000,        160
6501875000,        160
6502125000,        160
6502375000,        160
6502625000,        160
6502875000,        160
6503125000,        160
6503375000,        160
6503625000,        160
6503875000,        160
6504125000,        160
6504375000,        160
6504625000,        160
6504875000,        160
6505125000,        160
6505375000,        160
6505625000,        160
6505875000,        160
6506125000,        160
6506375000,        160
6506625000,        160
6506875000,        160
6507125000,        160
6507375000,        160
6507625000,        160
6507875000,        160
6508125000,        160
6508375000,        160
6508625000,        160
6508875000,        160
6509125000,        160
6509375000,        160
6509625000,        160
6509875000,        160
6510125000,        160
6510375000,        160
6510625000,        160
6510875000,        160
6511125000,        160
6511375000,        160
6511625000,        160
6511875000,        160
6512125000,        160
6512375000,        160
6512625000,        160
6512875000,        160
6513125000,        160
6513375000,        160
6513625000,        160
6513875000,        160
6514125000,        160
6514375000,        160
6514625000,        160
6514875000,        160
6515125000,        160
6515375000,        160
6515625000,        160
6515875000,        160
6516125000,        160
6516375000,        160
6516625000,        160
6516875000,        160
6517125000,        160
6517375000,        160
6517625000,        160
6517875000,        160
6518125000,        160
6518375000,        160
6518625000,        160
6518875000,        160
6519125000,        160
6519375000,        160
6519625000,        160
6519875000,        160
6520125000,        160
6520375000,        160
6520625000,        160
6520875000,        160
6521125000,        160
6521375000,        160
6521625000,        160
6521875000,        160
6522125000,        160
6522375000,        160
6522625000,        160
6522875000,        160
6523125000,        160
6523375000,        160
6523625000,        160
6523875000,        160
6524125000,        160
6524375000,        160
6524625000,        160
6524875000,        160
6525125000,        160
6525375000,        160
6525625000,        160
6525875000,        160
6526125000,        160
6526375000,        160
6526625000,        160
6526875000,        160
6527125000,        160
6527375000,        160
6527625000,        160
6527875000,        160
6528125000,        160
6528375000,        160
6528625000,        160
6528875000,        160
6529125000,        160
6529375000,        160
6529625000,        160
6529875000,        160
6530125000,        160
6530375000,        160
6530625000,        160
6530875000,        160
6531125000,        160
6531375000,        160
6531625000,        160
6531875000,        160
6532125000,        160
6532375000,        160
6532625000,        160
6532875000,        160
6533125000,        160
6533375000,        160
6533625000,        160
6533875000,        160
6534125000,        160
6534375000,        160
6534625000,        160
6534875000,        160
6535125000,        160
6535375000,        160
6535625000,        160
6535875000,        160
6536125000,        160
6536375000,        160
6536625000,        160
6536875000,        160
6537125000,        160
6537375000,        160
6537625000,        160
6537875000,        160
6538125000,        160
6538375000,        160
6538625000,        160
6538875000,        160
6539125000,        160
6539375000,        160
6539625000,        160
6539875000,        160
6540125000,        160
6540375000,        160
6540625000,        160
6540875000,        160
6541125000,        160
6541375000,        160
6541625000,        160
6541875000,        160
6542125000,        160
6542375000,        160
6542625000,        160
6542875000,        160
6543125000,        160
6543375000,        160
6543625000,        160
6543875000,        160
6544125000,        160
6544375000,        160
6544625000,        160
6544875000,        160
6545125000,        160
6545375000,        160
6545625000,        160
6545875000,        160
6546125000,        160
6546375000,        160
6546625000,        160
6546875000,        160
6547125000,        160
6547375000,        160
6547625000,        160
6547875000,        160
6548125000,        160
6548375000,        160
6548625000,        160
6548875000,        160
6549125000,        160
6549375000,        160
6549625000,        160
6549875000,        160
6550125000,        160
6550375000,        160
6550625000,        160
6550875000,        160
6551125000,        160
6551375000,        160
6551625000,        160
6551875000,        160
6552125000,        160
6552375000,        160
6552625000,        160
6552875000,        160
6553125000,        160
6553375000,        160
6553625000,        160
6553875000,        160
6554125000,        160
6554375000,        160
6554625000,        160
6554875000,        160
6555125000,        160
6555375000,        160
6555625000,        160
6555875000,        160
6556125000,        160
6556375000,        160
6556625000,        160
6556875000,        160
6557125000,        160
6557375000,        160
6557625000,        160
6557875000,        160
6558125000,        160
6558375000,        160
6558625000,        160
6558875000,        160
6559125000,        160
6559375000,        160
6559625000,        160
6559875000,        160
6560125000,        160
6560375000,        160
6560625000,        160
6560875000,        160
6561125000,        160
6561375000,        160
6561625000,        160
6561875000,        160
6562125000,        160
6562375000,        160
6562625000,        160
6562875000,        160
6563125000,        160
6563375000,        160
6563625000,        160
6563875000,        160
6564125000,        160
6564375000,        160
6564625000,        160
6564875000,        160
6565125000,        160
6565375000,        160
6565625000,        160
6565875000,        160
6566125000,        160
6566375000,        160
6566625000,        160
6566875000,        160
6567125000,        160
6567375000,        160
6567625000,        160
6567875000,        160
6568125000,        160
6568375000,        160
6568625000,        160
6568875000,        160
6569125000,        160
6569375000,        160
6569625000,        160
6569875000,        160
6570125000,        160
6570375000,        160
6570625000,        160
6570875000,        160
6571125000,        160
6571375000,        160
6571625000,        160
6571875000,        160
6572125000,        160
6572375000,        160
6572625000,        160
6572875000,        160
6573125000,        160
6573375000,        160
6573625000,        160
6573875000,        160
6574125000,        160
6574375000,        160
6574625000,        160
6574875000,        160
6575125000,        160
6575375000,        160
6575625000,        160
6575875000,        160
6576125000,        160
6576375000,        160
6576625000,        160
6576875000,        160
6577125000,        160
6577375000,        160
6577625000,        160
6577875000,        160
6578125000,        160
6578375000,        160
6578625000,        160
6578875000,        160
6579125000,        160
6579375000,        160
6579625000,        160
6579875000,        160
6580125000,        160
6580375000,        160
6580625000,        160
6580875000,        160
6581125000,        160
6581375000,        160
6581625000,        160
6581875000,        160
6582125000,        160
6582375000,        160
6582625000,        160
6582875000,        160
6583125000,        160
6583375000,        160
6583625000,        160
6583875000,        160
6584125000,        160
6584375000,        160
6584625000,        160
6584875000,        160
6585125000,        160
6585375000,        160
6585625000,        160
6585875000,        160
6586125000,        160
6586375000,        160
6586625000,        160
6586875000,        160
6587125000,        160
6587375000,        160
6587625000,        160
6587875000,        160
6588125000,        160
6588375000,        160
6588625000,        160
6588875000,        160
6589125000,        160
6589375000,        160
6589625000,        160
6589875000,        160
6590125000,        160
6590375000,        160
6590625000,        160
6590875000,        160
6591125000,        160
6591375000,        160
6591625000,        160
6591875000,        160
6592125000,        160
6592375000,        160
6592625000,        160
6592875000,        160
6593125000,        160
6593375000,        160
6593625000,        160
6593875000,        160
6594125000,        160
6594375000,        160
6594625000,        160
6594875000,        160
6595125000,        160
6595375000,        160
6595625000,        160
6595875000,        160
6596125000,        160
6596375000,        160
6596625000,        160
6596875000,        160
6597125000,        160
6597375000,        160
6597625000,        160
6597875000,        160
6598125000,        160
6598375000,        160
6598625000,        160
6598875000,        160
6599125000,        160
6599375000,        160
6599625000,        160
6599875000,        160
6600125000,        160
6600375000,        160
6600625000,        160
6600875000,        160
6601125000,        160
6601375000,        160
6601625000,        160
6601875000,        160
6602125000,        160
6602375000,        160
6602625000,        160
6602875000,        160
6603125000,        160
6603375000,        160
6603625000,        160
6603875000,        160
6604125000,        160
6604375000,        160
6604625000,        160
6604875000,        160
6605125000,        160
6605375000,        160
6605625000,        160
6605875000,        160
6606125000,        160
6606375000,        160
6606625000,        160
6606875000,        160
6607125000,        160
6607375000,        160
6607625000,        160
6607875000,        160
6608125000,        160
6608375000,        160
6608625000,        160
6608875000,        160
6609125000,        160
6609375000,        160
6609625000,        160
6609875000,        160
6610125000,        160
6610375000,        160
6610625000,        160
6610875000,        160
6611125000,        160
6611375000,        160
6611625000,        160
6611875000,        160
6612125000,        160
6612375000,        160
6612625000,        160
6612875000,        160
6613125000,        160
6613375000,        160
6613625000,        160
6613875000,        160
6614125000,        160
6614375000,        160
6614625000,        160
6614875000,        160
6615125000,        160
6615375000,        160
6615625000,        160
6615875000,        160
6616125000,        160
6616375000,        160
6616625000,        160
6616875000,        160
6617125000,        160
6617375000,        160
6617625000,        160
6617875000,        160
6618125000,        160
6618375000,        160
6618625000,        160
6618875000,        160
6619125000,        160
6619375000,        160
6619625000,        160
6619875000,        160
6620125000,        160
6620375000,        160
6620625000,        160
6620875000,        160
6621125000,        160
6621375000,        160
6621625000,        160
6621875000,        160
6622125000,        160
6622375000,        160
6622625000,        160
6622875000,        160
6623125000,        160
6623375000,        160
6623625000,        160
6623875000,        160
6624125000,        160
6624375000,        160
6624625000,        160
6624875000,        160
6625125000,        160
6625375000,        160
6625625000,        160
6625875000,        160
6626125000,        160
6626375000,        160
6626625000,        160
6626875000,        160
6627125000,        160
6627375000,        160
6627625000,        160
6627875000,        160
6628125000,        160
6628375000,        160
6628625000,        160
6628875000,        160
6629125000,        160
6629375000,        160
6629625000,        160
6629875000,        160
6630125000,        160
6630375000,        160
6630625000,        160
6630875000,        160
6631125000,        160
6631375000,        160
6631625000,        160
6631875000,        160
6632125000,        160
6632375000,        160
6632625000,        160
6632875000,        160
6633125000,        160
6633375000,        160
6633625000,        160
6633875000,        160
6634125000,        160
6634375000,        160
6634625000,        160
6634875000,        160
6635125000,        160
6635375000,        160
6635625000,        160
6635875000,        160
6636125000,        160
6636375000,        160
6636625000,        160
6636875000,        160
6637125000,        160
6637375000,        160
6637625000,        160
6637875000,        160
6638125000,        160
6638375000,        160
6638625000,        160
6638875000,        160
6639125000,        160
6639375000,        160
6639625000,        160
6639875000,        160
6640125000,        160
6640375000,        160
6640625000,        160
6640875000,        160
6641125000,        160
6641375000,        160
6641625000,        160
6641875000,        160
6642125000,        160
6642375000,        160
6642625000,        160
6642875000,        160
6643125000,        160
6643375000,        160
6643625000,        160
6643875000,        160
6644125000,        160
6644375000,        160
6644625000,        160
6644875000,        160
6645125000,        160
6645375000,        160
6645625000,        160
6645875000,        160
6646125000,        160
6646375000,        160
6646625000,        160
6646875000,        160
6647125000,        160
6647375000,        160
6647625000,        160
6647875000,        160
6648125000,        160
6648375000,        160
6648625000,        160
6648875000,        160
6649125000,        160
6649375000,        160
6649625000,        160
6649875000,        160
6650125000,        160
6650375000,        160
6650625000,        160
6650875000,        160
6651125000,        160
6651375000,        160
6651625000,        160
6651875000,        160
6652125000,        160
6652375000,        160
6652625000,        160
6652875000,        160
6653125000,        160
6653375000,        160
6653625000,        160
6653875000,        160
6654125000,        160
6654375000,        160
6654625000,        160
6654875000,        160
6655125000,        160
6655375000,        160
6655625000,        160
6655875000,        160
6656125000,        160
6656375000,        160
6656625000,        160
6656875000,        160
6657125000,        160
6657375000,        160
6657625000,        160
6657875000,        160
6658125000,        160
6658375000,        160
6658625000,        160
6658875000,        160
6659125000,        160
6659375000,        160
6659625000,        160
6659875000,        160
6660125000,        160
6660375000,        160
6660625000,        160
6660875000,        160
6661125000,        160
6661375000,        160
6661625000,        160
6661875000,        160
6662125000,        160
6662375000,        160
6662625000,        160
6662875000,        160
6663125000,        160
6663375000,        160
6663625000,        160
6663875000,        160
6664125000,        160
6664375000,        160
6664625000,        160
6664875000,        160
6665125000,        160
6665375000,        160
6665625000,        160
6665875000,        160
6666125000,        160
6666375000,        160
6666625000,        160
6666875000,        160
6667125000,        160
6667375000,        160
6667625000,        160
6667875000,        160
6668125000,        160
6668375000,        160
6668625000,        160
6668875000,        160
6669125000,        160
6669375000,        160
6669625000,        160
6669875000,        160
6670125000,        160
6670375000,        160
6670625000,        160
6670875000,        160
6671125000,        160
6671375000,        160
6671625000,        160
6671875000,        160
6672125000,        160
6672375000,        160
6672625000,        160
6672875000,        160
6673125000,        160
6673375000,        160
6673625000,        160
6673875000,        160
6674125000,        160
6674375000,        160
6674625000,        160
6674875000,        160
6675125000,        160
6675375000,        160
6675625000,        160
6675875000,        160
6676125000,        160
6676375000,        160
6676625000,        160
6676875000,        160
6677125000,        160
6677375000,        160
6677625000,        160
6677875000,        160
6678125000,        160
6678375000,        160
6678625000,        160
6678875000,        160
6679125000,        160
6679375000,        160
6679625000,        160
6679875000,        160
6680125000,        160
6680375000,        160
6680625000,        160
6680875000,        160
6681125000,        160
6681375000,        160
6681625000,        160
6681875000,        160
6682125000,        160
6682375000,        160
6682625000,        160
6682875000,        160
6683125000,        160
6683375000,        160
6683625000,        160
6683875000,        160
6684125000,        160
6684375000,        160
6684625000,        160
6684875000,        160
6685125000,        160
6685375000,        160
6685625000,        160
6685875000,        160
6686125000,        160
6686375000,        160
6686625000,        160
6686875000,        160
6687125000,        160
6687375000,        160
6687625000,        160
6687875000,        160
6688125000,        160
6688375000,        160
6688625000,        160
6688875000,        160
6689125000,        160
6689375000,        160
6689625000,        160
6689875000,        160
6690125000,        160
6690375000,        160
6690625000,        160
6690875000,        160
6691125000,        160
6691375000,        160
6691625000,        160
6691875000,        160
6692125000,        160
6692375000,        160
6692625000,        160
6692875000,        160
6693125000,        160
6693375000,        160
6693625000,        160
6693875000,        160
6694125000,        160
6694375000,        160
6694625000,        160
6694875000,        160
6695125000,        160
6695375000,        160
6695625000,        160
6695875000,        160
6696125000,        160
6696375000,        160
6696625000,        160
6696875000,        160
6697125000,        160
6697375000,        160
6697625000,        160
6697875000,        160
6698125000,        160
6698375000,        160
6698625000,        160
6698875000,        160
6699125000,        160
6699375000,        160
6699625000,        160
6699875000,        160
6700125000,        160
6700375000,        160
6700625000,        160
6700875000,        160
6701125000,        160
6701375000,        160
6701625000,        160
6701875000,        160
6702125000,        160
6702375000,        160
6702625000,        160
6702875000,        160
6703125000,        160
6703375000,        160
6703625000,        160
6703875000,        160
6704125000,        160
6704375000,        160
6704625000,        160
6704875000,        160
6705125000,        160
6705375000,        160
6705625000,        160
6705875000,        160
6706125000,        160
6706375000,        160
6706625000,        160
6706875000,        160
6707125000,        160
6707375000,        160
6707625000,        160
6707875000,        160
6708125000,        160
6708375000,        160
6708625000,        160
6708875000,        160
6709125000,        160
6709375000,        160
6709625000,        160
6709875000,        160
6710125000,        160
6710375000,        160
6710625000,        160
6710875000,        160
6711125000,        160
6711375000,        160
6711625000,        160
6711875000,        160
6712125000,        160
6712375000,        160
6712625000,        160
6712875000,        160
6713125000,        160
6713375000,        160
6713625000,        160
6713875000,        160
6714125000,        160
6714375000,        160
6714625000,        160
6714875000,        160
6715125000,        160
6715375000,        160
6715625000,        160
6715875000,        160
6716125000,        160
6716375000,        160
6716625000,        160
6716875000,        160
6717125000,        160
6717375000,        160
6717625000,        160
6717875000,        160
6718125000,        160
6718375000,        160
6718625000,        160
6718875000,        160
6719125000,        160
6719375000,        160
6719625000,        160
6719875000,        160
6720125000,        160
6720375000,        160
6720625000,        160
6720875000,        160
6721125000,        160
6721375000,        160
6721625000,        160
6721875000,        160
6722125000,        160
6722375000,        160
6722625000,        160
6722875000,        160
6723125000,        160
6723375000,        160
6723625000,        160
6723875000,        160
6724125000,        160
6724375000,        160
6724625000,        160
6724875000,        160
6725125000,        160
6725375000,        160
6725625000,        160
6725875000,        160
6726125000,        160
6726375000,        160
6726625000,        160
6726875000,        160
6727125000,        160
6727375000,        160
6727625000,        160
6727875000,        160
6728125000,        160
6728375000,        160
6728625000,        160
6728875000,        160
6729125000,        160
6729375000,        160
6729625000,        160
6729875000,        160
6730125000,        160
6730375000,        160
6730625000,        160
6730875000,        160
6731125000,        160
6731375000,        160
6731625000,        160
6731875000,        160
6732125000,        160
6732375000,        160
6732625000,        160
6732875000,        160
6733125000,        160
6733375000,        160
6733625000,        160
6733875000,        160
6734125000,        160
6734375000,        160
6734625000,        160
6734875000,        160
6735125000,        160
6735375000,        160
6735625000,        160
6735875000,        160
6736125000,        160
6736375000,        160
6736625000,        160
6736875000,        160
6737125000,        160
6737375000,        160
6737625000,        160
6737875000,        160
6738125000,        160
6738375000,        160
6738625000,        160
6738875000,        160
6739125000,        160
6739375000,        160
6739625000,        160
6739875000,        160
6740125000,        160
6740375000,        160
6740625000,        160
6740875000,        160
6741125000,        160
6741375000,        160
6741625000,        160
6741875000,        160
6742125000,        160
6742375000,        160
6742625000,        160
6742875000,        160
6743125000,        160
6743375000,        160
6743625000,        160
6743875000,        160
6744125000,        160
6744375000,        160
6744625000,        160
6744875000,        160
6745125000,        160
6745375000,        160
6745625000,        160
6745875000,        160
6746125000,        160
6746375000,        160
6746625000,        160
6746875000,        160
6747125000,        160
6747375000,        160
6747625000,        160
6747875000,        160
6748125000,        160
6748375000,        160
6748625000,        160
6748875000,        160
6749125000,        160
6749375000,        160
6749625000,        160
6749875000,        160
6750125000,        160
6750375000,        160
6750625000,        160
6750875000,        160
6751125000,        160
6751375000,        160
6751625000,        160
6751875000,        160
6752125000,        160
6752375000,        160
6752625000,        160
6752875000,        160
6753125000,        160
6753375000,        160
6753625000,        160
6753875000,        160
6754125000,        160
6754375000,        160
6754625000,        160
6754875000,        160
6755125000,        160
6755375000,        160
6755625000,        160
6755875000,        160
6756125000,        160
6756375000,        160
6756625000,        160
6756875000,        160
6757125000,        160
6757375000,        160
6757625000,        160
6757875000,        160
6758125000,        160
6758375000,        160
6758625000,        160
6758875000,        160
6759125000,        160
6759375000,        160
6759625000,        160
6759875000,        160
6760125000,        160
6760375000,        160
6760625000,        160
6760875000,        160
6761125000,        160
6761375000,        160
6761625000,        160
6761875000,        160
6762125000,        160
6762375000,        160
6762625000,        160
6762875000,        160
6763125000,        160
6763375000,        160
6763625000,        160
6763875000,        160
6764125000,        160
6764375000,        160
6764625000,        160
6764875000,        160
6765125000,        160
6765375000,        160
6765625000,        160
6765875000,        160
6766125000,        160
6766375000,        160
6766625000,        160
6766875000,        160
6767125000,        160
6767375000,        160
6767625000,        160
6767875000,        160
6768125000,        160
6768375000,        160
6768625000,        160
6768875000,        160
6769125000,        160
6769375000,        160
6769625000,        160
6769875000,        160
6770125000,        160
6770375000,        160
6770625000,        160
6770875000,        160
6771125000,        160
6771375000,        160
6771625000,        160
6771875000,        160
6772125000,        160
6772375000,        160
6772625000,        160
6772875000,        160
6773125000,        160
6773375000,        160
6773625000,        160
6773875000,        160
6774125000,        160
6774375000,        160
6774625000,        160
6774875000,        160
6775125000,        160
6775375000,        160
6775625000,        160
6775875000,        160
6776125000,        160
6776375000,        160
6776625000,        160
6776875000,        160
6777125000,        160
6777375000,        160
6777625000,        160
6777875000,        160
6778125000,        160
6778375000,        160
6778625000,        160
6778875000,        160
6779125000,        160
6779375000,        160
6779625000,        160
6779875000,        160
6780125000,        160
6780375000,        160
6780625000,        160
6780875000,        160
6781125000,        160
6781375000,        160
6781625000,        160
6781875000,        160
6782125000,        160
6782375000,        160
6782625000,        160
6782875000,        160
6783125000,        160
6783375000,        160
6783625000,        160
6783875000,        160
6784125000,        160
6784375000,        160
6784625000,        160
6784875000,        160
6785125000,        160
6785375000,        160
6785625000,        160
6785875000,        160
6786125000,        160
6786375000,        160
6786625000,        160
6786875000,        160
6787125000,        160
6787375000,        160
6787625000,        160
6787875000,        160
6788125000,        160
6788375000,        160
6788625000,        160
6788875000,        160
6789125000,        160
6789375000,        160
6789625000,        160
6789875000,        160
6790125000,        160
6790375000,        160
6790625000,        160
6790875000,        160
6791125000,        160
6791375000,        160
6791625000,        160
6791875000,        160
6792125000,        160
6792375000,        160
6792625000,        160
6792875000,        160
6793125000,        160
6793375000,        160
6793625000,        160
6793875000,        160
6794125000,        160
6794375000,        160
6794625000,        160
6794875000,        160
6795125000,        160
6795375000,        160
6795625000,        160
6795875000,        160
6796125000,        160
6796375000,        160
6796625000,        160
6796875000,        160
6797125000,        160
6797375000,        160
6797625000,        160
6797875000,        160
6798125000,        160
6798375000,        160
6798625000,        160
6798875000,        160
6799125000,        160
6799375000,        160
6799625000,        160
6799875000,        160
6800125000,        160
6800375000,        160
6800625000,        160
6800875000,        160
6801125000,        160
6801375000,        160
6801625000,        160
6801875000,        160
6802125000,        160
6802375000,        160
6802625000,        160
6802875000,        160
6803125000,        160
6803375000,        160
6803625000,        160
6803875000,        160
6804125000,        160
6804375000,        160
6804625000,        160
6804875000,        160
6805125000,        160
6805375000,        160
6805625000,        160
6805875000,        160
6806125000,        160
6806375000,        160
6806625000,        160
6806875000,        160
6807125000,        160
6807375000,        160
6807625000,        160
6807875000,        160
6808125000,        160
6808375000,        160
6808625000,        160
6808875000,        160
6809125000,        160
6809375000,        160
6809625000,        160
6809875000,        160
6810125000,        160
6810375000,        160
6810625000,        160
6810875000,        160
6811125000,        160
6811375000,        160
6811625000,        160
6811875000,        160
6812125000,        160
6812375000,        160
6812625000,        160
6812875000,        160
6813125000,        160
6813375000,        160
6813625000,        160
6813875000,        160
6814125000,        160
6814375000,        160
6814625000,        160
6814875000,        160
6815125000,        160
6815375000,        160
6815625000,        160
6815875000,        160
6816125000,        160
6816375000,        160
6816625000,        160
6816875000,        160
6817125000,        160
6817375000,        160
6817625000,        160
6817875000,        160
6818125000,        160
6818375000,        160
6818625000,        160
6818875000,        160
6819125000,        160
6819375000,        160
6819625000,        160
6819875000,        160
6820125000,        160
6820375000,        160
6820625000,        160
6820875000,        160
6821125000,        160
6821375000,        160
6821625000,        160
6821875000,        160
6822125000,        160
6822375000,        160
6822625000,        160
6822875000,        160
6823125000,        160
6823375000,        160
6823625000,        160
6823875000,        160
6824125000,        160
6824375000,        160
6824625000,        160
6824875000,        160
6825125000,        160
6825375000,        160
6825625000,        160
6825875000,        160
6826125000,        160
6826375000,        160
6826625000,        160
6826875000,        160
6827125000,        160
6827375000,        160
6827625000,        160
6827875000,        160
6828125000,        160
6828375000,        160
6828625000,        160
6828875000,        160
6829125000,        160
6829375000,        160
6829625000,        160
6829875000,        160
6830125000,        160
6830375000,        160
6830625000,        160
6830875000,        160
6831125000,        160
6831375000,        160
6831625000,        160
6831875000,        160
6832125000,        160
6832375000,        160
6832625000,        160
6832875000,        160
6833125000,        160
6833375000,        160
6833625000,        160
6833875000,        160
6834125000,        160
6834375000,        160
6834625000,        160
6834875000,        160
6835125000,        160
6835375000,        160
6835625000,        160
6835875000,        160
6836125000,        160
6836375000,        160
6836625000,        160
6836875000,        160
6837125000,        160
6837375000,        160
6837625000,        160
6837875000,        160
6838125000,        160
6838375000,        160
6838625000,        160
6838875000,        160
6839125000,        160
6839375000,        160
6839625000,        160
6839875000,        160
6840125000,        160
6840375000,        160
6840625000,        160
6840875000,        160
6841125000,        160
6841375000,        160
6841625000,        160
6841875000,        160
6842125000,        160
6842375000,        160
6842625000,        160
6842875000,        160
6843125000,        160
6843375000,        160
6843625000,        160
6843875000,        160
6844125000,        160
6844375000,        160
6844625000,        160
6844875000,        160
6845125000,        160
6845375000,        160
6845625000,        160
6845875000,        160
6846125000,        160
6846375000,        160
6846625000,        160
6846875000,        160
6847125000,        160
6847375000,        160
6847625000,        160
6847875000,        160
6848125000,        160
6848375000,        160
6848625000,        160
6848875000,        160
6849125000,        160
6849375000,        160
6849625000,        160
6849875000,        160
6850125000,        160
6850375000,        160
6850625000,        160
6850875000,        160
6851125000,        160
6851375000,        160
6851625000,        160
6851875000,        160
6852125000,        160
6852375000,        160
6852625000,        160
6852875000,        160
6853125000,        160
6853375000,        160
6853625000,        160
6853875000,        160
6854125000,        160
6854375000,        160
6854625000,        160
6854875000,        160
6855125000,        160
6855375000,        160
6855625000,        160
6855875000,        160
6856125000,        160
6856375000,        160
6856625000,        160
6856875000,        160
6857125000,        160
6857375000,        160
6857625000,        160
6857875000,        160
6858125000,        160
6858375000,        160
6858625000,        160
6858875000,        160
6859125000,        160
6859375000,        160
6859625000,        160
6859875000,        160
6860125000,        160
6860375000,        160
6860625000,        160
6860875000,        160
6861125000,        160
6861375000,        160
6861625000,        160
6861875000,        160
6862125000,        160
6862375000,        160
6862625000,        160
6862875000,        160
6863125000,        160
6863375000,        160
6863625000,        160
6863875000,        160
6864125000,        160
6864375000,        160
6864625000,        160
6864875000,        160
6865125000,        160
6865375000,        160
6865625000,        160
6865875000,        160
6866125000,        160
6866375000,        160
6866625000,        160
6866875000,        160
6867125000,        160
6867375000,        160
6867625000,        160
6867875000,        160
6868125000,        160
6868375000,        160
6868625000,        160
6868875000,        160
6869125000,        160
6869375000,        160
6869625000,        160
6869875000,        160
6870125000,        160
6870375000,        160
6870625000,        160
6870875000,        160
6871125000,        160
6871375000,        160
6871625000,        160
6871875000,        160
6872125000,        160
6872375000,        160
6872625000,        160
6872875000,        160
6873125000,        160
6873375000,        160
6873625000,        160
6873875000,        160
6874125000,        160
6874375000,        160
6874625000,        160
6874875000,        160
6875125000,        160
6875375000,        160
6875625000,        160
6875875000,        160
6876125000,        160
6876375000,        160
6876625000,        160
6876875000,        160
6877125000,        160
6877375000,        160
6877625000,        160
6877875000,        160
6878125000,        160
6878375000,        160
6878625000,        160
6878875000,        160
6879125000,        160
6879375000,        160
6879625000,        160
6879875000,        160
6880125000,        160
6880375000,        160
6880625000,        160
6880875000,        160
6881125000,        160
6881375000,        160
6881625000,        160
6881875000,        160
6882125000,        160
6882375000,        160
6882625000,        160
6882875000,        160
6883125000,        160
6883375000,        160
6883625000,        160
6883875000,        160
6884125000,        160
6884375000,        160
6884625000,        160
6884875000,        160
6885125000,        160
6885375000,        160
6885625000,        160
6885875000,        160
6886125000,        160
6886375000,        160
6886625000,        160
6886875000,        160
6887125000,        160
6887375000,        160
6887625000,        160
6887875000,        160
6888125000,        160
6888375000,        160
6888625000,        160
6888875000,        160
6889125000,        160
6889375000,        160
6889625000,        160
6889875000,        160
6890125000,        160
6890375000,        160
6890625000,        160
6890875000,        160
6891125000,        160
6891375000,        160
6891625000,        160
6891875000,        160
6892125000,        160
6892375000,        160
6892625000,        160
6892875000,        160
6893125000,        160
6893375000,        160
6893625000,        160
6893875000,        160
6894125000,        160
6894375000,        160
6894625000,        160
6894875000,        160
6895125000,        160
6895375000,        160
6895625000,        160
6895875000,        160
6896125000,        160
6896375000,        160
6896625000,        160
6896875000,        160
6897125000,        160
6897375000,        160
6897625000,        160
6897875000,        160
6898125000,        160
6898375000,        160
6898625000,        160
6898875000,        160
6899125000,        160
6899375000,        160
6899625000,        160
6899875000,        160
6900125000,        160
6900375000,        160
6900625000,        160
6900875000,        160
6901125000,        160
6901375000,        160
6901625000,        160
6901875000,        160
6902125000,        160
6902375000,        160
6902625000,        160
6902875000,        160
6903125000,        160
6903375000,        160
6903625000,        160
6903875000,        160
6904125000,        160
6904375000,        160
6904625000,        160
6904875000,        160
6905125000,        160
6905375000,        160
6905625000,        160
6905875000,        160
6906125000,        160
6906375000,        160
6906625000,        160
6906875000,        160
6907125000,        160
6907375000,        160
6907625000,        160
6907875000,        160
6908125000,        160
6908375000,        160
6908625000,        160
6908875000,        160
6909125000,        160
6909375000,        160
6909625000,        160
6909875000,        160
6910125000,        160
6910375000,        160
6910625000,        160
6910875000,        160
6911125000,        160
6911375000,        160
6911625000,        160
6911875000,        160
6912125000,        160
6912375000,        160
6912625000,        160
6912875000,        160
6913125000,        160
6913375000,        160
6913625000,        160
6913875000,        160
6914125000,        160
6914375000,        160
6914625000,        160
6914875000,        160
6915125000,        160
6915375000,        160
6915625000,        160
6915875000,        160
6916125000,        160
6916375000,        160
6916625000,        160
6916875000,        160
6917125000,        160
6917375000,        160
6917625000,        160
6917875000,        160
6918125000,        160
6918375000,        160
6918625000,        160
6918875000,        160
6919125000,        160
6919375000,        160
6919625000,        160
6919875000,        160
6920125000,        160
6920375000,        160
6920625000,        160
6920875000,        160
6921125000,        160
6921375000,        160
6921625000,        160
6921875000,        160
6922125000,        160
6922375000,        160
6922625000,        160
6922875000,        160
6923125000,        160
6923375000,        160
6923625000,        160
6923875000,        160
6924125000,        160
6924375000,        160
6924625000,        160
6924875000,        160
6925125000,        160
6925375000,        160
6925625000,        160
6925875000,        160
6926125000,        160
6926375000,        160
6926625000,        160
6926875000,        160
6927125000,        160
6927375000,        160
6927625000,        160
6927875000,        160
6928125000,        160
6928375000,        160
6928625000,        160
6928875000,        160
6929125000,        160
6929375000,        160
6929625000,        160
6929875000,        160
6930125000,        160
6930375000,        160
6930625000,        160
6930875000,        160
6931125000,        160
6931375000,        160
6931625000,        160
6931875000,        160
6932125000,        160
6932375000,        160
6932625000,        160
6932875000,        160
6933125000,        160
6933375000,        160
6933625000,        160
6933875000,        160
6934125000,        160
6934375000,        160
6934625000,        160
6934875000,        160
6935125000,        160
6935375000,        160
6935625000,        160
6935875000,        160
6936125000,        160
6936375000,        160
6936625000,        160
6936875000,        160
6937125000,        160
6937375000,        160
6937625000,        160
6937875000,        160
6938125000,        160
6938375000,        160
6938625000,        160
6938875000,        160
6939125000,        160
6939375000,        160
6939625000,        160
6939875000,        160
6940125000,        160
6940375000,        160
6940625000,        160
6940875000,        160
6941125000,        160
6941375000,        160
6941625000,        160
6941875000,        160
6942125000,        160
6942375000,        160
6942625000,        160
6942875000,        160
6943125000,        160
6943375000,        160
6943625000,        160
6943875000,        160
6944125000,        160
6944375000,        160
6944625000,        160
6944875000,        160
6945125000,        160
6945375000,        160
6945625000,        160
6945875000,        160
6946125000,        160
6946375000,        160
6946625000,        160
6946875000,        160
6947125000,        160
6947375000,        160
6947625000,        160
6947875000,        160
6948125000,        160
6948375000,        160
6948625000,        160
6948875000,        160
6949125000,        160
6949375000,        160
6949625000,        160
6949875000,        160
6950125000,        160
6950375000,        160
6950625000,        160
6950875000,        160
6951125000,        160
6951375000,        160
6951625000,        160
6951875000,        160
6952125000,        160
6952375000,        160
6952625000,        160
6952875000,        160
6953125000,        160
6953375000,        160
6953625000,        160
6953875000,        160
6954125000,        160
6954375000,        160
6954625000,        160
6954875000,        160
6955125000,        160
6955375000,        160
6955625000,        160
6955875000,        160
6956125000,        160
6956375000,        160
6956625000,        160
6956875000,        160
6957125000,        160
6957375000,        160
6957625000,        160
6957875000,        160
6958125000,        160
6958375000,        160
6958625000,        160
6958875000,        160
6959125000,        160
6959375000,        160
6959625000,        160
6959875000,        160
6960125000,        160
6960375000,        160
6960625000,        160
6960875000,        160
6961125000,        160
6961375000,        160
6961625000,        160
6961875000,        160
6962125000,        160
6962375000,        160
6962625000,        160
6962875000,        160
6963125000,        160
6963375000,        160
6963625000,        160
6963875000,        160
6964125000,        160
6964375000,        160
6964625000,        160
6964875000,        160
6965125000,        160
6965375000,        160
6965625000,        160
6965875000,        160
6966125000,        160
6966375000,        160
6966625000,        160
6966875000,        160
6967125000,        160
6967375000,        160
6967625000,        160
6967875000,        160
6968125000,        160
6968375000,        160
6968625000,        160
6968875000,        160
6969125000,        160
6969375000,        160
6969625000,        160
6969875000,        160
6970125000,        160
6970375000,        160
6970625000,        160
6970875000,        160
6971125000,        160
6971375000,        160
6971625000,        160
6971875000,        160
6972125000,        160
6972375000,        160
6972625000,        160
6972875000,        160
6973125000,        160
6973375000,        160
6973625000,        160
6973875000,        160
6974125000,        160
6974375000,        160
6974625000,        160
6974875000,        160
6975125000,        160
6975375000,        160
6975625000,        160
6975875000,        160
6976125000,        160
6976375000,        160
6976625000,        160
6976875000,        160
6977125000,        160
6977375000,        160
6977625000,        160
6977875000,        160
6978125000,        160
6978375000,        160
6978625000,        160
6978875000,        160
6979125000,        160
6979375000,        160
6979625000,        160
6979875000,        160
6980125000,        160
6980375000,        160
6980625000,        160
6980875000,        160
6981125000,        160
6981375000,        160
6981625000,        160
6981875000,        160
6982125000,        160
6982375000,        160
6982625000,        160
6982875000,        160
6983125000,        160
6983375000,        160
6983625000,        160
6983875000,        160
6984125000,        160
6984375000,        160
6984625000,        160
6984875000,        160
6985125000,        160
6985375000,        160
6985625000,        160
6985875000,        160
6986125000,        160
6986375000,        160
6986625000,        160
6986875000,        160
6987125000,        160
6987375000,        160
6987625000,        160
6987875000,        160
6988125000,        160
6988375000,        160
6988625000,        160
6988875000,        160
6989125000,        160
6989375000,        160
6989625000,        160
6989875000,        160
6990125000,        160
6990375000,        160
6990625000,        160
6990875000,        160
6991125000,        160
6991375000,        160
6991625000,        160
6991875000,        160
6992125000,        160
6992375000,        160
6992625000,        160
6992875000,        160
6993125000,        160
6993375000,        160
6993625000,        160
6993875000,        160
6994125000,        160
6994375000,        160
6994625000,        160
6994875000,        160
6995125000,        160
6995375000,        160
6995625000,        160
6995875000,        160
6996125000,        160
6996375000,        160
6996625000,        160
6996875000,        160
6997125000,        160
6997375000,        160
6997625000,        160
6997875000,        160
6998125000,        160
6998375000,        160
6998625000,        160
6998875000,        160
6999125000,        160
6999375000,        160
6999625000,        160
6999875000,        160
7000125000,        160
7000375000,        160
7000625000,        160
7000875000,        160
7001125000,        160
7001375000,        160
7001625000,        160
7001875000,        160
7002125000,        160
7002375000,        160
7002625000,        160
7002875000,        160
7003125000,        160
7003375000,        160
7003625000,        160
7003875000,        160
7004125000,        160
7004375000,        160
7004625000,        160
7004875000,        160
7005125000,        160
7005375000,        160
7005625000,        160
7005875000,        160
7006125000,        160
7006375000,        160
7006625000,        160
7006875000,        160
7007125000,        160
7007375000,        160
7007625000,        160
7007875000,        160
7008125000,        160
7008375000,        160
7008625000,        160
7008875000,        160
7009125000,        160
7009375000,        160
7009625000,        160
7009875000,        160
7010125000,        160
7010375000,        160
7010625000,        160
7010875000,        160
7011125000,        160
7011375000,        160
7011625000,        160
7011875000,        160
7012125000,        160
7012375000,        160
7012625000,        160
7012875000,        160
7013125000,        160
7013375000,        160
7013625000,        160
7013875000,        160
7014125000,        160
7014375000,        160
7014625000,        160
7014875000,        160
7015125000,        160
7015375000,        160
7015625000,        160
7015875000,        160
7016125000,        160
7016375000,        160
7016625000,        160
7016875000,        160
7017125000,        160
7017375000,        160
7017625000,        160
7017875000,        160
7018125000,        160
7018375000,        160
7018625000,        160
7018875000,        160
7019125000,        160
7019375000,        160
7019625000,        160
7019875000,        160
7020125000,        160
7020375000,        160
7020625000,        160
7020875000,        160
7021125000,        160
7021375000,        160
7021625000,        160
7021875000,        160
7022125000,        160
7022375000,        160
7022625000,        160
7022875000,        160
7023125000,        160
7023375000,        160
7023625000,        160
7023875000,        160
7024125000,        160
7024375000,        160
7024625000,        160
7024875000,        160
7025125000,        160
7025375000,        160
7025625000,        160
7025875000,        160
7026125000,        160
7026375000,        160
7026625000,        160
7026875000,        160
7027125000,        160
7027375000,        160
7027625000,        160
7027875000,        160
7028125000,        160
7028375000,        160
7028625000,        160
7028875000,        160
7029125000,        160
7029375000,        160
7029625000,        160
7029875000,        160
7030125000,        160
7030375000,        160
7030625000,        160
7030875000,        160
7031125000,        160
7031375000,        160
7031625000,        160
7031875000,        160
7032125000,        160
7032375000,        160
7032625000,        160
7032875000,        160
7033125000,        160
7033375000,        160
7033625000,        160
7033875000,        160
7034125000,        160
7034375000,        160
7034625000,        160
7034875000,        160
7035125000,        160
7035375000,        160
7035625000,        160
7035875000,        160
7036125000,        160
7036375000,        160
7036625000,        160
7036875000,        160
7037125000,        160
7037375000,        160
7037625000,        160
7037875000,        160
7038125000,        160
7038375000,        160
7038625000,        160
7038875000,        160
7039125000,        160
7039375000,        160
7039625000,        160
7039875000,        160
7040125000,        160
7040375000,        160
7040625000,        160
7040875000,        160
7041125000,        160
7041375000,        160
7041625000,        160
7041875000,        160
7042125000,        160
7042375000,        160
7042625000,        160
7042875000,        160
7043125000,        160
7043375000,        160
7043625000,        160
7043875000,        160
7044125000,        160
7044375000,        160
7044625000,        160
7044875000,        160
7045125000,        160
7045375000,        160
7045625000,        160
7045875000,        160
7046125000,        160
7046375000,        160
7046625000,        160
7046875000,        160
7047125000,        160
7047375000,        160
7047625000,        160
7047875000,        160
7048125000,        160
7048375000,        160
7048625000,        160
7048875000,        160
7049125000,        160
7049375000,        160
7049625000,        160
7049875000,        160
7050125000,        160
7050375000,        160
7050625000,        160
7050875000,        160
7051125000,        160
7051375000,        160
7051625000,        160
7051875000,        160
7052125000,        160
7052375000,        160
7052625000,        160
7052875000,        160
7053125000,        160
7053375000,        160
7053625000,        160
7053875000,        160
7054125000,        160
7054375000,        160
7054625000,        160
7054875000,        160
7055125000,        160
7055375000,        160
7055625000,        160
7055875000,        160
7056125000,        160
7056375000,        160
7056625000,        160
7056875000,        160
7057125000,        160
7057375000,        160
7057625000,        160
7057875000,        160
7058125000,        160
7058375000,        160
7058625000,        160
7058875000,        160
7059125000,        160
7059375000,        160
7059625000,        160
7059875000,        160
7060125000,        160
7060375000,        160
7060625000,        160
7060875000,        160
7061125000,        160
7061375000,        160
7061625000,        160
7061875000,        160
7062125000,        160
7062375000,        160
7062625000,        160
7062875000,        160
7063125000,        160
7063375000,        160
7063625000,        160
7063875000,        160
7064125000,        160
7064375000,        160
7064625000,        160
7064875000,        160
7065125000,        160
7065375000,        160
7065625000,        160
7065875000,        160
7066125000,        160
7066375000,        160
7066625000,        160
7066875000,        160
7067125000,        160
7067375000,        160
7067625000,        160
7067875000,        160
7068125000,        160
7068375000,        160
7068625000,        160
7068875000,        160
7069125000,        160
7069375000,        160
7069625000,        160
7069875000,        160
7070125000,        160
7070375000,        160
7070625000,        160
7070875000,        160
7071125000,        160
7071375000,        160
7071625000,        160
7071875000,        160
7072125000,        160
7072375000,        160
7072625000,        160
7072875000,        160
7073125000,        160
7073375000,        160
7073625000,        160
7073875000,        160
7074125000,        160
7074375000,        160
7074625000,        160
7074875000,        160
7075125000,        160
7075375000,        160
7075625000,        160
7075875000,        160
7076125000,        160
7076375000,        160
7076625000,        160
7076875000,        160
7077125000,        160
7077375000,        160
7077625000,        160
7077875000,        160
7078125000,        160
7078375000,        160
7078625000,        160
7078875000,        160
7079125000,        160
7079375000,        160
7079625000,        160
7079875000,        160
7080125000,        160
7080375000,        160
7080625000,        160
7080875000,        160
7081125000,        160
7081375000,        160
7081625000,        160
7081875000,        160
7082125000,        160
7082375000,        160
7082625000,        160
7082875000,        160
7083125000,        160
7083375000,        160
7083625000,        160
7083875000,        160
7084125000,        160
7084375000,        160
7084625000,        160
7084875000,        160
7085125000,        160
7085375000,        160
7085625000,        160
7085875000,        160
7086125000,        160
7086375000,        160
7086625000,        160
7086875000,        160
7087125000,        160
7087375000,        160
7087625000,        160
7087875000,        160
7088125000,        160
7088375000,        160
7088625000,        160
7088875000,        160
7089125000,        160
7089375000,        160
7089625000,        160
7089875000,        160
7090125000,        160
7090375000,        160
7090625000,        160
7090875000,        160
7091125000,        160
7091375000,        160
7091625000,        160
7091875000,        160
7092125000,        160
7092375000,        160
7092625000,        160
7092875000,        160
7093125000,        160
7093375000,        160
7093625000,        160
7093875000,        160
7094125000,        160
7094375000,        160
7094625000,        160
7094875000,        160
7095125000,        160
7095375000,        160
7095625000,        160
7095875000,        160
7096125000,        160
7096375000,        160
7096625000,        160
7096875000,        160
7097125000,        160
7097375000,        160
7097625000,        160
7097875000,        160
7098125000,        160
7098375000,        160
7098625000,        160
7098875000,        160
7099125000,        160
7099375000,        160
7099625000,        160
7099875000,        160
7100125000,        160
7100375000,        160
7100625000,        160
7100875000,        160
7101125000,        160
7101375000,        160
7101625000,        160
7101875000,        160
7102125000,        160
7102375000,        160
7102625000,        160
7102875000,        160
7103125000,        160
7103375000,        160
7103625000,        160
7103875000,        160
7104125000,        160
7104375000,        160
7104625000,        160
7104875000,        160
7105125000,        160
7105375000,        160
7105625000,        160
7105875000,        160
7106125000,        160
7106375000,        160
7106625000,        160
7106875000,        160
7107125000,        160
7107375000,        160
7107625000,        160
7107875000,        160
7108125000,        160
7108375000,        160
7108625000,        160
7108875000,        160
7109125000,        160
7109375000,        160
7109625000,        160
7109875000,        160
7110125000,        160
7110375000,        160
7110625000,        160
7110875000,        160
7111125000,        160
7111375000,        160
7111625000,        160
7111875000,        160
7112125000,        160
7112375000,        160
7112625000,        160
7112875000,        160
7113125000,        160
7113375000,        160
7113625000,        160
7113875000,        160
7114125000,        160
7114375000,        160
7114625000,        160
7114875000,        160
7115125000,        160
7115375000,        160
7115625000,        160
7115875000,        160
7116125000,        160
7116375000,        160
7116625000,        160
7116875000,        160
7117125000,        160
7117375000,        160
7117625000,        160
7117875000,        160
7118125000,        160
7118375000,        160
7118625000,        160
7118875000,        160
7119125000,        160
7119375000,        160
7119625000,        160
7119875000,        160
7120125000,        160
7120375000,        160
7120625000,        160
7120875000,        160
7121125000,        160
7121375000,        160
7121625000,        160
7121875000,        160
7122125000,        160
7122375000,        160
7122625000,        160
7122875000,        160
7123125000,        160
7123375000,        160
7123625000,        160
7123875000,        160
7124125000,        160
7124375000,        160
7124625000,        160
7124875000,        160
7125125000,        160
7125375000,        160
7125625000,        160
7125875000,        160
7126125000,        160
7126375000,        160
7126625000,        160
7126875000,        160
7127125000,        160
7127375000,        160
7127625000,        160
7127875000,        160
7128125000,        160
7128375000,        160
7128625000,        160
7128875000,        160
7129125000,        160
7129375000,        160
7129625000,        160
7129875000,        160
7130125000,        160
7130375000,        160
7130625000,        160
7130875000,        160
7131125000,        160
7131375000,        160
7131625000,        160
7131875000,        160
7132125000,        160
7132375000,        160
7132625000,        160
7132875000,        160
7133125000,        160
7133375000,        160
7133625000,        160
7133875000,        160
7134125000,        160
7134375000,        160
7134625000,        160
7134875000,        160
7135125000,        160
7135375000,        160
7135625000,        160
7135875000,        160
7136125000,        160
7136375000,        160
7136625000,        160
7136875000,        160
7137125000,        160
7137375000,        160
7137625000,        160
7137875000,        160
7138125000,        160
7138375000,        160
7138625000,        160
7138875000,        160
7139125000,        160
7139375000,        160
7139625000,        160
7139875000,        160
7140125000,        160
7140375000,        160
7140625000,        160
7140875000,        160
7141125000,        160
7141375000,        160
7141625000,        160
7141875000,        160
7142125000,        160
7142375000,        160
7142625000,        160
7142875000,        160
7143125000,        160
7143375000,        160
7143625000,        160
7143875000,        160
7144125000,        160
7144375000,        160
7144625000,        160
7144875000,        160
7145125000,        160
7145375000,        160
7145625000,        160
7145875000,        160
7146125000,        160
7146375000,        160
7146625000,        160
7146875000,        160
7147125000,        160
7147375000,        160
7147625000,        160
7147875000,        160
7148125000,        160
7148375000,        160
7148625000,        160
7148875000,        160
7149125000,        160
7149375000,        160
7149625000,        160
7149875000,        160
7150125000,        160
7150375000,        160
7150625000,        160
7150875000,        160
7151125000,        160
7151375000,        160
7151625000,        160
7151875000,        160
7152125000,        160
7152375000,        160
7152625000,        160
7152875000,        160
7153125000,        160
7153375000,        160
7153625000,        160
7153875000,        160
7154125000,        160
7154375000,        160
7154625000,        160
7154875000,        160
7155125000,        160
7155375000,        160
7155625000,        160
7155875000,        160
7156125000,        160
7156375000,        160
7156625000,        160
7156875000,        160
7157125000,        160
7157375000,        160
7157625000,        160
7157875000,        160
7158125000,        160
7158375000,        160
7158625000,        160
7158875000,        160
7159125000,        160
7159375000,        160
7159625000,        160
7159875000,        160
7160125000,        160
7160375000,        160
7160625000,        160
7160875000,        160
7161125000,        160
7161375000,        160
7161625000,        160
7161875000,        160
7162125000,        160
7162375000,        160
7162625000,        160
7162875000,        160
7163125000,        160
7163375000,        160
7163625000,        160
7163875000,        160
7164125000,        160
7164375000,        160
7164625000,        160
7164875000,        160
7165125000,        160
7165375000,        160
7165625000,        160
7165875000,        160
7166125000,        160
7166375000,        160
7166625000,        160
7166875000,        160
7167125000,        160
7167375000,        160
7167625000,        160
7167875000,        160
7168125000,        160
7168375000,        160
7168625000,        160
7168875000,        160
7169125000,        160
7169375000,        160
7169625000,        160
7169875000,        160
7170125000,        160
7170375000,        160
7170625000,        160
7170875000,        160
7171125000,        160
7171375000,        160
7171625000,        160
7171875000,        160
7172125000,        160
7172375000,        160
7172625000,        160
7172875000,        160
7173125000,        160
7173375000,        160
7173625000,        160
7173875000,        160
7174125000,        160
7174375000,        160
7174625000,        160
7174875000,        160
7175125000,        160
7175375000,        160
7175625000,        160
7175875000,        160
7176125000,        160
7176375000,        160
7176625000,        160
7176875000,        160
7177125000,        160
7177375000,        160
7177625000,        160
7177875000,        160
7178125000,        160
7178375000,        160
7178625000,        160
7178875000,        160
7179125000,        160
7179375000,        160
7179625000,        160
7179875000,        160
7180125000,        160
7180375000,        160
7180625000,        160
7180875000,        160
7181125000,        160
7181375000,        160
7181625000,        160
7181875000,        160
7182125000,        160
7182375000,        160
7182625000,        160
7182875000,        160
7183125000,        160
7183375000,        160
7183625000,        160
7183875000,        160
7184125000,        160
7184375000,        160
7184625000,        160
7184875000,        160
7185125000,        160
7185375000,        160
7185625000,        160
7185875000,        160
7186125000,        160
7186375000,        160
7186625000,        160
7186875000,        160
7187125000,        160
7187375000,        160
7187625000,        160
7187875000,        160
7188125000,        160
7188375000,        160
7188625000,        160
7188875000,        160
7189125000,        160
7189375000,        160
7189625000,        160
7189875000,        160
7190125000,        160
7190375000,        160
7190625000,        160
7190875000,        160
7191125000,        160
7191375000,        160
7191625000,        160
7191875000,        160
7192125000,        160
7192375000,        160
7192625000,        160
7192875000,        160
7193125000,        160
7193375000,        160
7193625000,        160
7193875000,        160
7194125000,        160
7194375000,        160
7194625000,        160
7194875000,        160
7195125000,        160
7195375000,        160
7195625000,        160
7195875000,        160
7196125000,        160
7196375000,        160
7196625000,        160
7196875000,        160
7197125000,        160
7197375000,        160
7197625000,        160
7197875000,        160
7198125000,        160
7198375000,        160
7198625000,        160
7198875000,        160
7199125000,        160
7199375000,        160
7199625000,        160
7199875000,        160
7200125000,        160
7200375000,        160
7200625000,        160
7200875000,        160
7201125000,        160
7201375000,        160
7201625000,        160
7201875000,        160
7202125000,        160
7202375000,        160
7202625000,        160
7202875000,        160
7203125000,        160
7203375000,        160
7203625000,        160
7203875000,        160
7204125000,        160
7204375000,        160
7204625000,        160
7204875000,        160
7205125000,        160
7205375000,        160
7205625000,        160
7205875000,        160
7206125000,        160
7206375000,        160
7206625000,        160
7206875000,        160
7207125000,        160
7207375000,        160
7207625000,        160
7207875000,        160
7208125000,        160
7208375000,        160
7208625000,        160
7208875000,        160
7209125000,        160
7209375000,        160
7209625000,        160
7209875000,        160
7210125000,        160
7210375000,        160
7210625000,        160
7210875000,        160
7211125000,        160
7211375000,        160
7211625000,        160
7211875000,        160
7212125000,        160
7212375000,        160
7212625000,        160
7212875000,        160
7213125000,        160
7213375000,        160
7213625000,        160
7213875000,        160
7214125000,        160
7214375000,        160
7214625000,        160
7214875000,        160
7215125000,        160
7215375000,        160
7215625000,        160
7215875000,        160
7216125000,        160
7216375000,        160
7216625000,        160
7216875000,        160
7217125000,        160
7217375000,        160
7217625000,        160
7217875000,        160
7218125000,        160
7218375000,        160
7218625000,        160
7218875000,        160
7219125000,        160
7219375000,        160
7219625000,        160
7219875000,        160
7220125000,        160
7220375000,        160
7220625000,        160
7220875000,        160
7221125000,        160
7221375000,        160
7221625000,        160
7221875000,        160
7222125000,        160
7222375000,        160
7222625000,        160
7222875000,        160
7223125000,        160
7223375000,        160
7223625000,        160
7223875000,        160
7224125000,        160
7224375000,        160
7224625000,        160
7224875000,        160
7225125000,        160
7225375000,        160
7225625000,        160
7225875000,        160
7226125000,        160
7226375000,        160
7226625000,        160
7226875000,        160
7227125000,        160
7227375000,        160
7227625000,        160
7227875000,        160
7228125000,        160
7228375000,        160
7228625000,        160
7228875000,        160
7229125000,        160
7229375000,        160
7229625000,        160
7229875000,        160
7230125000,        160
7230375000,        160
7230625000,        160
7230875000,        160
7231125000,        160
7231375000,        160
7231625000,        160
7231875000,        160
7232125000,        160
7232375000,        160
7232625000,        160
7232875000,        160
7233125000,        160
7233375000,        160
7233625000,        160
7233875000,        160
7234125000,        160
7234375000,        160
7234625000,        160
7234875000,        160
7235125000,        160
7235375000,        160
7235625000,        160
7235875000,        160
7236125000,        160
7236375000,        160
7236625000,        160
7236875000,        160
7237125000,        160
7237375000,        160
7237625000,        160
7237875000,        160
7238125000,        160
7238375000,        160
7238625000,        160
7238875000,        160
7239125000,        160
7239375000,        160
7239625000,        160
7239875000,        160
7240125000,        160
7240375000,        160
7240625000,        160
7240875000,        160
7241125000,        160
7241375000,        160
7241625000,        160
7241875000,        160
7242125000,        160
7242375000,        160
7242625000,        160
7242875000,        160
7243125000,        160
7243375000,        160
7243625000,        160
7243875000,        160
7244125000,        160
7244375000,        160
7244625000,        160
7244875000,        160
7245125000,        160
7245375000,        160
7245625000,        160
7245875000,        160
7246125000,        160
7246375000,        160
7246625000,        160
7246875000,        160
7247125000,        160
7247375000,        160
7247625000,        160
7247875000,        160
7248125000,        160
7248375000,        160
7248625000,        160
7248875000,        160
7249125000,        160
7249375000,        160
7249625000,        160
7249875000,        160
7250125000,        160
7250375000,        160
7250625000,        160
7250875000,        160
7251125000,        160
7251375000,        160
7251625000,        160
7251875000,        160
7252125000,        160
7252375000,        160
7252625000,        160
7252875000,        160
7253125000,        160
7253375000,        160
7253625000,        160
7253875000,        160
7254125000,        160
7254375000,        160
7254625000,        160
7254875000,        160
7255125000,        160
7255375000,        160
7255625000,        160
7255875000,        160
7256125000,        160
7256375000,        160
7256625000,        160
7256875000,        160
7257125000,        160
7257375000,        160
7257625000,        160
7257875000,        160
7258125000,        160
7258375000,        160
7258625000,        160
7258875000,        160
7259125000,        160
7259375000,        160
7259625000,        160
7259875000,        160
7260125000,        160
7260375000,        160
7260625000,        160
7260875000,        160
7261125000,        160
7261375000,        160
7261625000,        160
7261875000,        160
7262125000,        160
7262375000,        160
7262625000,        160
7262875000,        160
7263125000,        160
7263375000,        160
7263625000,        160
7263875000,        160
7264125000,        160
7264375000,        160
7264625000,        160
7264875000,        160
7265125000,        160
7265375000,        160
7265625000,        160
7265875000,        160
7266125000,        160
7266375000,        160
7266625000,        160
7266875000,        160
7267125000,        160
7267375000,        160
7267625000,        160
7267875000,        160
7268125000,        160
7268375000,        160
7268625000,        160
7268875000,        160
7269125000,        160
7269375000,        160
7269625000,        160
7269875000,        160
7270125000,        160
7270375000,        160
7270625000,        160
7270875000,        160
7271125000,        160
7271375000,        160
7271625000,        160
7271875000,        160
7272125000,        160
7272375000,        160
7272625000,        160
7272875000,        160
7273125000,        160
7273375000,        160
7273625000,        160
7273875000,        160
7274125000,        160
7274375000,        160
7274625000,        160
7274875000,        160
7275125000,        160
7275375000,        160
7275625000,        160
7275875000,        160
7276125000,        160
7276375000,        160
7276625000,        160
7276875000,        160
7277125000,        160
7277375000,        160
7277625000,        160
7277875000,        160
7278125000,        160
7278375000,        160
7278625000,        160
7278875000,        160
7279125000,        160
7279375000,        160
7279625000,        160
7279875000,        160
7280125000,        160
7280375000,        160
7280625000,        160
7280875000,        160
7281125000,        160
7281375000,        160
7281625000,        160
7281875000,        160
7282125000,        160
7282375000,        160
7282625000,        160
7282875000,        160
7283125000,        160
7283375000,        160
7283625000,        160
7283875000,        160
7284125000,        160
7284375000,        160
7284625000,        160
7284875000,        160
7285125000,        160
7285375000,        160
7285625000,        160
7285875000,        160
7286125000,        160
7286375000,        160
7286625000,        160
7286875000,        160
7287125000,        160
7287375000,        160
7287625000,        160
7287875000,        160
7288125000,        160
7288375000,        160
7288625000,        160
7288875000,        160
7289125000,        160
7289375000,        160
7289625000,        160
7289875000,        160
7290125000,        160
7290375000,        160
7290625000,        160
7290875000,        160
7291125000,        160
7291375000,        160
7291625000,        160
7291875000,        160
7292125000,        160
7292375000,        160
7292625000,        160
7292875000,        160
7293125000,        160
7293375000,        160
7293625000,        160
7293875000,        160
7294125000,        160
7294375000,        160
7294625000,        160
7294875000,        160
7295125000,        160
7295375000,        160
7295625000,        160
7295875000,        160
7296125000,        160
7296375000,        160
7296625000,        160
7296875000,        160
7297125000,        160
7297375000,        160
7297625000,        160
7297875000,        160
7298125000,        160
7298375000,        160
7298625000,        160
7298875000,        160
7299125000,        160
7299375000,        160
7299625000,        160
7299875000,        160
7300125000,        160
7300375000,        160
7300625000,        160
7300875000,        160
7301125000,        160
7301375000,        160
7301625000,        160
7301875000,        160
7302125000,        160
7302375000,        160
7302625000,        160
7302875000,        160
7303125000,        160
7303375000,        160
7303625000,        160
7303875000,        160
7304125000,        160
7304375000,        160
7304625000,        160
7304875000,        160
7305125000,        160
7305375000,        160
7305625000,        160
7305875000,        160
7306125000,        160
7306375000,        160
7306625000,        160
7306875000,        160
7307125000,        160
7307375000,        160
7307625000,        160
7307875000,        160
7308125000,        160
7308375000,        160
7308625000,        160
7308875000,        160
7309125000,        160
7309375000,        160
7309625000,        160
7309875000,        160
7310125000,        160
7310375000,        160
7310625000,        160
7310875000,        160
7311125000,        160
7311375000,        160
7311625000,        160
7311875000,        160
7312125000,        160
7312375000,        160
7312625000,        160
7312875000,        160
7313125000,        160
7313375000,        160
7313625000,        160
7313875000,        160
7314125000,        160
7314375000,        160
7314625000,        160
7314875000,        160
7315125000,        160
7315375000,        160
7315625000,        160
7315875000,        160
7316125000,        160
7316375000,        160
7316625000,        160
7316875000,        160
7317125000,        160
7317375000,        160
7317625000,        160
7317875000,        160
7318125000,        160
7318375000,        160
7318625000,        160
7318875000,        160
7319125000,        160
7319375000,        160
7319625000,        160
7319875000,        160
7320125000,        160
7320375000,        160
7320625000,        160
7320875000,        160
7321125000,        160
7321375000,        160
7321625000,        160
7321875000,        160
7322125000,        160
7322375000,        160
7322625000,        160
7322875000,        160
7323125000,        160
7323375000,        160
7323625000,        160
7323875000,        160
7324125000,        160
7324375000,        160
7324625000,        160
7324875000,        160
7325125000,        160
7325375000,        160
7325625000,        160
7325875000,        160
7326125000,        160
7326375000,        160
7326625000,        160
7326875000,        160
7327125000,        160
7327375000,        160
7327625000,        160
7327875000,        160
7328125000,        160
7328375000,        160
7328625000,        160
7328875000,        160
7329125000,        160
7329375000,        160
7329625000,        160
7329875000,        160
7330125000,        160
7330375000,        160
7330625000,        160
7330875000,        160
7331125000,        160
7331375000,        160
7331625000,        160
7331875000,        160
7332125000,        160
7332375000,        160
7332625000,        160
7332875000,        160
7333125000,        160
7333375000,        160
7333625000,        160
7333875000,        160
7334125000,        160
7334375000,        160
7334625000,        160
7334875000,        160
7335125000,        160
7335375000,        160
7335625000,        160
7335875000,        160
7336125000,        160
7336375000,        160
7336625000,        160
7336875000,        160
7337125000,        160
7337375000,        160
7337625000,        160
7337875000,        160
7338125000,        160
7338375000,        160
7338625000,        160
7338875000,        160
7339125000,        160
7339375000,        160
7339625000,        160
7339875000,        160
7340125000,        160
7340375000,        160
7340625000,        160
7340875000,        160
7341125000,        160
7341375000,        160
7341625000,        160
7341875000,        160
7342125000,        160
7342375000,        160
7342625000,        160
7342875000,        160
7343125000,        160
7343375000,        160
7343625000,        160
7343875000,        160
7344125000,        160
7344375000,        160
7344625000,        160
7344875000,        160
7345125000,        160
7345375000,        160
7345625000,        160
7345875000,        160
7346125000,        160
7346375000,        160
7346625000,        160
7346875000,        160
7347125000,        160
7347375000,        160
7347625000,        160
7347875000,        160
7348125000,        160
7348375000,        160
7348625000,        160
7348875000,        160
7349125000,        160
7349375000,        160
7349625000,        160
7349875000,        160
7350125000,        160
7350375000,        160
7350625000,        160
7350875000,        160
7351125000,        160
7351375000,        160
7351625000,        160
7351875000,        160
7352125000,        160
7352375000,        160
7352625000,        160
7352875000,        160
7353125000,        160
7353375000,        160
7353625000,        160
7353875000,        160
7354125000,        160
7354375000,        160
7354625000,        160
7354875000,        160
7355125000,        160
7355375000,        160
7355625000,        160
7355875000,        160
7356125000,        160
7356375000,        160
7356625000,        160
7356875000,        160
7357125000,        160
7357375000,        160
7357625000,        160
7357875000,        160
7358125000,        160
7358375000,        160
7358625000,        160
7358875000,        160
7359125000,        160
7359375000,        160
7359625000,        160
7359875000,        160
7360125000,        160
7360375000,        160
7360625000,        160
7360875000,        160
7361125000,        160
7361375000,        160
7361625000,        160
7361875000,        160
7362125000,        160
7362375000,        160
7362625000,        160
7362875000,        160
7363125000,        160
7363375000,        160
7363625000,        160
7363875000,        160
7364125000,        160
7364375000,        160
7364625000,        160
7364875000,        160
7365125000,        160
7365375000,        160
7365625000,        160
7365875000,        160
7366125000,        160
7366375000,        160
7366625000,        160
7366875000,        160
7367125000,        160
7367375000,        160
7367625000,        160
7367875000,        160
7368125000,        160
7368375000,        160
7368625000,        160
7368875000,        160
7369125000,        160
7369375000,        160
7369625000,        160
7369875000,        160
7370125000,        160
7370375000,        160
7370625000,        160
7370875000,        160
7371125000,        160
7371375000,        160
7371625000,        160
7371875000,        160
7372125000,        160
7372375000,        160
7372625000,        160
7372875000,        160
7373125000,        160
7373375000,        160
7373625000,        160
7373875000,        160
7374125000,        160
7374375000,        160
7374625000,        160
7374875000,        160
7375125000,        160
7375375000,        160
7375625000,        160
7375875000,        160
7376125000,        160
7376375000,        160
7376625000,        160
7376875000,        160
7377125000,        160
7377375000,        160
7377625000,        160
7377875000,        160
7378125000,        160
7378375000,        160
7378625000,        160
7378875000,        160
7379125000,        160
7379375000,        160
7379625000,        160
7379875000,        160
7380125000,        160
7380375000,        160
7380625000,        160
7380875000,        160
7381125000,        160
7381375000,        160
7381625000,        160
7381875000,        160
7382125000,        160
7382375000,        160
7382625000,        160
7382875000,        160
7383125000,        160
7383375000,        160
7383625000,        160
7383875000,        160
7384125000,        160
7384375000,        160
7384625000,        160
7384875000,        160
7385125000,        160
7385375000,        160
7385625000,        160
7385875000,        160
7386125000,        160
7386375000,        160
7386625000,        160
7386875000,        160
7387125000,        160
7387375000,        160
7387625000,        160
7387875000,        160
7388125000,        160
7388375000,        160
7388625000,        160
7388875000,        160
7389125000,        160
7389375000,        160
7389625000,        160
7389875000,        160
7390125000,        160
7390375000,        160
7390625000,        160
7390875000,        160
7391125000,        160
7391375000,        160
7391625000,        160
7391875000,        160
7392125000,        160
7392375000,        160
7392625000,        160
7392875000,        160
7393125000,        160
7393375000,        160
7393625000,        160
7393875000,        160
7394125000,        160
7394375000,        160
7394625000,        160
7394875000,        160
7395125000,        160
7395375000,        160
7395625000,        160
7395875000,        160
7396125000,        160
7396375000,        160
7396625000,        160
7396875000,        160
7397125000,        160
7397375000,        160
7397625000,        160
7397875000,        160
7398125000,        160
7398375000,        160
7398625000,        160
7398875000,        160
7399125000,        160
7399375000,        160
7399625000,        160
7399875000,        160
7400125000,        160
7400375000,        160
7400625000,        160
7400875000,        160
7401125000,        160
7401375000,        160
7401625000,        160
7401875000,        160
7402125000,        160
7402375000,        160
7402625000,        160
7402875000,        160
7403125000,        160
7403375000,        160
7403625000,        160
7403875000,        160
7404125000,        160
7404375000,        160
7404625000,        160
7404875000,        160
7405125000,        160
7405375000,        160
7405625000,        160
7405875000,        160
7406125000,        160
7406375000,        160
7406625000,        160
7406875000,        160
7407125000,        160
7407375000,        160
7407625000,        160
7407875000,        160
7408125000,        160
7408375000,        160
7408625000,        160
7408875000,        160
7409125000,        160
7409375000,        160
7409625000,        160
7409875000,        160
7410125000,        160
7410375000,        160
7410625000,        160
7410875000,        160
7411125000,        160
7411375000,        160
7411625000,        160
7411875000,        160
7412125000,        160
7412375000,        160
7412625000,        160
7412875000,        160
7413125000,        160
7413375000,        160
7413625000,        160
7413875000,        160
7414125000,        160
7414375000,        160
7414625000,        160
7414875000,        160
7415125000,        160
7415375000,        160
7415625000,        160
7415875000,        160
7416125000,        160
7416375000,        160
7416625000,        160
7416875000,        160
7417125000,        160
7417375000,        160
7417625000,        160
7417875000,        160
7418125000,        160
7418375000,        160
7418625000,        160
7418875000,        160
7419125000,        160
7419375000,        160
7419625000,        160
7419875000,        160
7420125000,        160
7420375000,        160
7420625000,        160
7420875000,        160
7421125000,        160
7421375000,        160
7421625000,        160
7421875000,        160
7422125000,        160
7422375000,        160
7422625000,        160
7422875000,        160
7423125000,        160
7423375000,        160
7423625000,        160
7423875000,        160
7424125000,        160
7424375000,        160
7424625000,        160
7424875000,        160
7425125000,        160
7425375000,        160
7425625000,        160
7425875000,        160
7426125000,        160
7426375000,        160
7426625000,        160
7426875000,        160
7427125000,        160
7427375000,        160
7427625000,        160
7427875000,        160
7428125000,        160
7428375000,        160
7428625000,        160
7428875000,        160
7429125000,        160
7429375000,        160
7429625000,        160
7429875000,        160
7430125000,        160
7430375000,        160
7430625000,        160
7430875000,        160
7431125000,        160
7431375000,        160
7431625000,        160
7431875000,        160
7432125000,        160
7432375000,        160
7432625000,        160
7432875000,        160
7433125000,        160
7433375000,        160
7433625000,        160
7433875000,        160
7434125000,        160
7434375000,        160
7434625000,        160
7434875000,        160
7435125000,        160
7435375000,        160
7435625000,        160
7435875000,        160
7436125000,        160
7436375000,        160
7436625000,        160
7436875000,        160
7437125000,        160
7437375000,        160
7437625000,        160
7437875000,        160
7438125000,        160
7438375000,        160
7438625000,        160
7438875000,        160
7439125000,        160
7439375000,        160
7439625000,        160
7439875000,        160
7440125000,        160
7440375000,        160
7440625000,        160
7440875000,        160
7441125000,        160
7441375000,        160
7441625000,        160
7441875000,        160
7442125000,        160
7442375000,        160
7442625000,        160
7442875000,        160
7443125000,        160
7443375000,        160
7443625000,        160
7443875000,        160
7444125000,        160
7444375000,        160
7444625000,        160
7444875000,        160
7445125000,        160
7445375000,        160
7445625000,        160
7445875000,        160
7446125000,        160
7446375000,        160
7446625000,        160
7446875000,        160
7447125000,        160
7447375000,        160
7447625000,        160
7447875000,        160
7448125000,        160
7448375000,        160
7448625000,        160
7448875000,        160
7449125000,        160
7449375000,        160
7449625000,        160
7449875000,        160
7450125000,        160
7450375000,        160
7450625000,        160
7450875000,        160
7451125000,        160
7451375000,        160
7451625000,        160
7451875000,        160
7452125000,        160
7452375000,        160
7452625000,        160
7452875000,        160
7453125000,        160
7453375000,        160
7453625000,        160
7453875000,        160
7454125000,        160
7454375000,        160
7454625000,        160
7454875000,        160
7455125000,        160
7455375000,        160
7455625000,        160
7455875000,        160
7456125000,        160
7456375000,        160
7456625000,        160
7456875000,        160
7457125000,        160
7457375000,        160
7457625000,        160
7457875000,        160
7458125000,        160
7458375000,        160
7458625000,        160
7458875000,        160
7459125000,        160
7459375000,        160
7459625000,        160
7459875000,        160
7460125000,        160
7460375000,        160
7460625000,        160
7460875000,        160
7461125000,        160
7461375000,        160
7461625000,        160
7461875000,        160
7462125000,        160
7462375000,        160
7462625000,        160
7462875000,        160
7463125000,        160
7463375000,        160
7463625000,        160
7463875000,        160
7464125000,        160
7464375000,        160
7464625000,        160
7464875000,        160
7465125000,        160
7465375000,        160
7465625000,        160
7465875000,        160
7466125000,        160
7466375000,        160
7466625000,        160
7466875000,        160
7467125000,        160
7467375000,        160
7467625000,        160
7467875000,        160
7468125000,        160
7468375000,        160
7468625000,        160
7468875000,        160
7469125000,        160
7469375000,        160
7469625000,        160
7469875000,        160
7470125000,        160
7470375000,        160
7470625000,        160
7470875000,        160
7471125000,        160
7471375000,        160
7471625000,        160
7471875000,        160
7472125000,        160
7472375000,        160
7472625000,        160
7472875000,        160
7473125000,        160
7473375000,        160
7473625000,        160
7473875000,        160
7474125000,        160
7474375000,        160
7474625000,        160
7474875000,        160
7475125000,        160
7475375000,        160
7475625000,        160
7475875000,        160
7476125000,        160
7476375000,        160
7476625000,        160
7476875000,        160
7477125000,        160
7477375000,        160
7477625000,        160
7477875000,        160
7478125000,        160
7478375000,        160
7478625000,        160
7478875000,        160
7479125000,        160
7479375000,        160
7479625000,        160
7479875000,        160
7480125000,        160
7480375000,        160
7480625000,        160
7480875000,        160
7481125000,        160
7481375000,        160
7481625000,        160
7481875000,        160
7482125000,        160
7482375000,        160
7482625000,        160
7482875000,        160
7483125000,        160
7483375000,        160
7483625000,        160
7483875000,        160
7484125000,        160
7484375000,        160
7484625000,        160
7484875000,        160
7485125000,        160
7485375000,        160
7485625000,        160
7485875000,        160
7486125000,        160
7486375000,        160
7486625000,        160
7486875000,        160
7487125000,        160
7487375000,        160
7487625000,        160
7487875000,        160
7488125000,        160
7488375000,        160
7488625000,        160
7488875000,        160
7489125000,        160
7489375000,        160
7489625000,        160
7489875000,        160
7490125000,        160
7490375000,        160
7490625000,        160
7490875000,        160
7491125000,        160
7491375000,        160
7491625000,        160
7491875000,        160
7492125000,        160
7492375000,        160
7492625000,        160
7492875000,        160
7493125000,        160
7493375000,        160
7493625000,        160
7493875000,        160
7494125000,        160
7494375000,        160
7494625000,        160
7494875000,        160
7495125000,        160
7495375000,        160
7495625000,        160
7495875000,        160
7496125000,        160
7496375000,        160
7496625000,        160
7496875000,        160
7497125000,        160
7497375000,        160
7497625000,        160
7497875000,        160
7498125000,        160
7498375000,        160
7498625000,        160
7498875000,        160
7499125000,        160
7499375000,        160
7499625000,        160
7499875000,        160
7500125000,        160
7500375000,        160
7500625000,        160
7500875000,        160
7501125000,        160
7501375000,        160
7501625000,        160
7501875000,        160
7502125000,        160
7502375000,        160
7502625000,        160
7502875000,        160
7503125000,        160
7503375000,        160
7503625000,        160
7503875000,        160
7504125000,        160
7504375000,        160
7504625000,        160
7504875000,        160
7505125000,        160
7505375000,        160
7505625000,        160
7505875000,        160
7506125000,        160
7506375000,        160
7506625000,        160
7506875000,        160
7507125000,        160
7507375000,        160
7507625000,        160
7507875000,        160
7508125000,        160
7508375000,        160
7508625000,        160
7508875000,        160
7509125000,        160
7509375000,        160
7509625000,        160
7509875000,        160
7510125000,        160
7510375000,        160
7510625000,        160
7510875000,        160
7511125000,        160
7511375000,        160
7511625000,        160
7511875000,        160
7512125000,        160
7512375000,        160
7512625000,        160
7512875000,        160
7513125000,        160
7513375000,        160
7513625000,        160
7513875000,        160
7514125000,        160
7514375000,        160
7514625000,        160
7514875000,        160
7515125000,        160
7515375000,        160
7515625000,        160
7515875000,        160
7516125000,        160
7516375000,        160
7516625000,        160
7516875000,        160
7517125000,        160
7517375000,        160
7517625000,        160
7517875000,        160
7518125000,        160
7518375000,        160
7518625000,        160
7518875000,        160
7519125000,        160
7519375000,        160
7519625000,        160
7519875000,        160
7520125000,        160
7520375000,        160
7520625000,        160
7520875000,        160
7521125000,        160
7521375000,        160
7521625000,        160
7521875000,        160
7522125000,        160
7522375000,        160
7522625000,        160
7522875000,        160
7523125000,        160
7523375000,        160
7523625000,        160
7523875000,        160
7524125000,        160
7524375000,        160
7524625000,        160
7524875000,        160
7525125000,        160
7525375000,        160
7525625000,        160
7525875000,        160
7526125000,        160
7526375000,        160
7526625000,        160
7526875000,        160
7527125000,        160
7527375000,        160
7527625000,        160
7527875000,        160
7528125000,        160
7528375000,        160
7528625000,        160
7528875000,        160
7529125000,        160
7529375000,        160
7529625000,        160
7529875000,        160
7530125000,        160
7530375000,        160
7530625000,        160
7530875000,        160
7531125000,        160
7531375000,        160
7531625000,        160
7531875000,        160
7532125000,        160
7532375000,        160
7532625000,        160
7532875000,        160
7533125000,        160
7533375000,        160
7533625000,        160
7533875000,        160
7534125000,        160
7534375000,        160
7534625000,        160
7534875000,        160
7535125000,        160
7535375000,        160
7535625000,        160
7535875000,        160
7536125000,        160
7536375000,        160
7536625000,        160
7536875000,        160
7537125000,        160
7537375000,        160
7537625000,        160
7537875000,        160
7538125000,        160
7538375000,        160
7538625000,        160
7538875000,        160
7539125000,        160
7539375000,        160
7539625000,        160
7539875000,        160
7540125000,        160
7540375000,        160
7540625000,        160
7540875000,        160
7541125000,        160
7541375000,        160
7541625000,        160
7541875000,        160
7542125000,        160
7542375000,        160
7542625000,        160
7542875000,        160
7543125000,        160
7543375000,        160
7543625000,        160
7543875000,        160
7544125000,        160
7544375000,        160
7544625000,        160
7544875000,        160
7545125000,        160
7545375000,        160
7545625000,        160
7545875000,        160
7546125000,        160
7546375000,        160
7546625000,        160
7546875000,        160
7547125000,        160
7547375000,        160
7547625000,        160
7547875000,        160
7548125000,        160
7548375000,        160
7548625000,        160
7548875000,        160
7549125000,        160
7549375000,        160
7549625000,        160
7549875000,        160
7550125000,        160
7550375000,        160
7550625000,        160
7550875000,        160
7551125000,        160
7551375000,        160
7551625000,        160
7551875000,        160
7552125000,        160
7552375000,        160
7552625000,        160
7552875000,        160
7553125000,        160
7553375000,        160
7553625000,        160
7553875000,        160
7554125000,        160
7554375000,        160
7554625000,        160
7554875000,        160
7555125000,        160
7555375000,        160
7555625000,        160
7555875000,        160
7556125000,        160
7556375000,        160
7556625000,        160
7556875000,        160
7557125000,        160
7557375000,        160
7557625000,        160
7557875000,        160
7558125000,        160
7558375000,        160
7558625000,        160
7558875000,        160
7559125000,        160
7559375000,        160
7559625000,        160
7559875000,        160
7560125000,        160
7560375000,        160
7560625000,        160
7560875000,        160
7561125000,        160
7561375000,        160
7561625000,        160
7561875000,        160
7562125000,        160
7562375000,        160
7562625000,        160
7562875000,        160
7563125000,        160
7563375000,        160
7563625000,        160
7563875000,        160
7564125000,        160
7564375000,        160
7564625000,        160
7564875000,        160
7565125000,        160
7565375000,        160
7565625000,        160
7565875000,        160
7566125000,        160
7566375000,        160
7566625000,        160
7566875000,        160
7567125000,        160
7567375000,        160
7567625000,        160
7567875000,        160
7568125000,        160
7568375000,        160
7568625000,        160
7568875000,        160
7569125000,        160
7569375000,        160
7569625000,        160
7569875000,        160
7570125000,        160
7570375000,        160
7570625000,        160
7570875000,        160
7571125000,        160
7571375000,        160
7571625000,        160
7571875000,        160
7572125000,        160
7572375000,        160
7572625000,        160
7572875000,        160
7573125000,        160
7573375000,        160
7573625000,        160
7573875000,        160
7574125000,        160
7574375000,        160
7574625000,        160
7574875000,        160
7575125000,        160
7575375000,        160
7575625000,        160
7575875000,        160
7576125000,        160
7576375000,        160
7576625000,        160
7576875000,        160
7577125000,        160
7577375000,        160
7577625000,        160
7577875000,        160
7578125000,        160
7578375000,        160
7578625000,        160
7578875000,        160
7579125000,        160
7579375000,        160
7579625000,        160
7579875000,        160
7580125000,        160
7580375000,        160
7580625000,        160
7580875000,        160
7581125000,        160
7581375000,        160
7581625000,        160
7581875000,        160
7582125000,        160
7582375000,        160
7582625000,        160
7582875000,        160
7583125000,        160
7583375000,        160
7583625000,        160
7583875000,        160
7584125000,        160
7584375000,        160
7584625000,        160
7584875000,        160
7585125000,        160
7585375000,        160
7585625000,        160
7585875000,        160
7586125000,        160
7586375000,        160
7586625000,        160
7586875000,        160
7587125000,        160
7587375000,        160
7587625000,        160
7587875000,        160
7588125000,        160
7588375000,        160
7588625000,        160
7588875000,        160
7589125000,        160
7589375000,        160
7589625000,        160
7589875000,        160
7590125000,        160
7590375000,        160
7590625000,        160
7590875000,        160
7591125000,        160
7591375000,        160
7591625000,        160
7591875000,        160
7592125000,        160
7592375000,        160
7592625000,        160
7592875000,        160
7593125000,        160
7593375000,        160
7593625000,        160
7593875000,        160
7594125000,        160
7594375000,        160
7594625000,        160
7594875000,        160
7595125000,        160
7595375000,        160
7595625000,        160
7595875000,        160
7596125000,        160
7596375000,        160
7596625000,        160
7596875000,        160
7597125000,        160
7597375000,        160
7597625000,        160
7597875000,        160
7598125000,        160
7598375000,        160
7598625000,        160
7598875000,        160
7599125000,        160
7599375000,        160
7599625000,        160
7599875000,        160
7600125000,        160
7600375000,        160
7600625000,        160
7600875000,        160
7601125000,        160
7601375000,        160
7601625000,        160
7601875000,        160
7602125000,        160
7602375000,        160
7602625000,        160
7602875000,        160
7603125000,        160
7603375000,        160
7603625000,        160
7603875000,        160
7604125000,        160
7604375000,        160
7604625000,        160
7604875000,        160
7605125000,        160
7605375000,        160
7605625000,        160
7605875000,        160
7606125000,        160
7606375000,        160
7606625000,        160
7606875000,        160
7607125000,        160
7607375000,        160
7607625000,        160
7607875000,        160
7608125000,        160
7608375000,        160
7608625000,        160
7608875000,        160
7609125000,        160
7609375000,        160
7609625000,        160
7609875000,        160
7610125000,        160
7610375000,        160
7610625000,        160
7610875000,        160
7611125000,        160
7611375000,        160
7611625000,        160
7611875000,        160
7612125000,        160
7612375000,        160
7612625000,        160
7612875000,        160
7613125000,        160
7613375000,        160
7613625000,        160
7613875000,        160
7614125000,        160
7614375000,        160
7614625000,        160
7614875000,        160
7615125000,        160
7615375000,        160
7615625000,        160
7615875000,        160
7616125000,        160
7616375000,        160
7616625000,        160
7616875000,        160
7617125000,        160
7617375000,        160
7617625000,        160
7617875000,        160
7618125000,        160
7618375000,        160
7618625000,        160
7618875000,        160
7619125000,        160
7619375000,        160
7619625000,        160
7619875000,        160
7620125000,        160
7620375000,        160
7620625000,        160
7620875000,        160
7621125000,        160
7621375000,        160
7621625000,        160
7621875000,        160
7622125000,        160
7622375000,        160
7622625000,        160
7622875000,        160
7623125000,        160
7623375000,        160
7623625000,        160
7623875000,        160
7624125000,        160
7624375000,        160
7624625000,        160
7624875000,        160
7625125000,        160
7625375000,        160
7625625000,        160
7625875000,        160
7626125000,        160
7626375000,        160
7626625000,        160
7626875000,        160
7627125000,        160
7627375000,        160
7627625000,        160
7627875000,        160
7628125000,        160
7628375000,        160
7628625000,        160
7628875000,        160
7629125000,        160
7629375000,        160
7629625000,        160
7629875000,        160
7630125000,        160
7630375000,        160
7630625000,        160
7630875000,        160
7631125000,        160
7631375000,        160
7631625000,        160
7631875000,        160
7632125000,        160
7632375000,        160
7632625000,        160
7632875000,        160
7633125000,        160
7633375000,        160
7633625000,        160
7633875000,        160
7634125000,        160
7634375000,        160
7634625000,        160
7634875000,        160
7635125000,        160
7635375000,        160
7635625000,        160
7635875000,        160
7636125000,        160
7636375000,        160
7636625000,        160
7636875000,        160
7637125000,        160
7637375000,        160
7637625000,        160
7637875000,        160
7638125000,        160
7638375000,        160
7638625000,        160
7638875000,        160
7639125000,        160
7639375000,        160
7639625000,        160
7639875000,        160
7640125000,        160
7640375000,        160
7640625000,        160
7640875000,        160
7641125000,        160
7641375000,        160
7641625000,        160
7641875000,        160
7642125000,        160
7642375000,        160
7642625000,        160
7642875000,        160
7643125000,        160
7643375000,        160
7643625000,        160
7643875000,        160
7644125000,        160
7644375000,        160
7644625000,        160
7644875000,        160
7645125000,        160
7645375000,        160
7645625000,        160
7645875000,        160
7646125000,        160
7646375000,        160
7646625000,        160
7646875000,        160
7647125000,        160
7647375000,        160
7647625000,        160
7647875000,        160
7648125000,        160
7648375000,        160
7648625000,        160
7648875000,        160
7649125000,        160
7649375000,        160
7649625000,        160
7649875000,        160
7650125000,        160
7650375000,        160
7650625000,        160
7650875000,        160
7651125000,        160
7651375000,        160
7651625000,        160
7651875000,        160
7652125000,        160
7652375000,        160
7652625000,        160
7652875000,        160
7653125000,        160
7653375000,        160
7653625000,        160
7653875000,        160
7654125000,        160
7654375000,        160
7654625000,        160
7654875000,        160
7655125000,        160
7655375000,        160
7655625000,        160
7655875000,        160
7656125000,        160
7656375000,        160
7656625000,        160
7656875000,        160
7657125000,        160
7657375000,        160
7657625000,        160
7657875000,        160
7658125000,        160
7658375000,        160
7658625000,        160
7658875000,        160
7659125000,        160
7659375000,        160
7659625000,        160
7659875000,        160
7660125000,        160
7660375000,        160
7660625000,        160
7660875000,        160
7661125000,        160
7661375000,        160
7661625000,        160
7661875000,        160
7662125000,        160
7662375000,        160
7662625000,        160
7662875000,        160
7663125000,        160
7663375000,        160
7663625000,        160
7663875000,        160
7664125000,        160
7664375000,        160
7664625000,        160
7664875000,        160
7665125000,        160
7665375000,        160
7665625000,        160
7665875000,        160
7666125000,        160
7666375000,        160
7666625000,        160
7666875000,        160
7667125000,        160
7667375000,        160
7667625000,        160
7667875000,        160
7668125000,        160
7668375000,        160
7668625000,        160
7668875000,        160
7669125000,        160
7669375000,        160
7669625000,        160
7669875000,        160
7670125000,        160
7670375000,        160
7670625000,        160
7670875000,        160
7671125000,        160
7671375000,        160
7671625000,        160
7671875000,        160
7672125000,        160
7672375000,        160
7672625000,        160
7672875000,        160
7673125000,        160
7673375000,        160
7673625000,        160
7673875000,        160
7674125000,        160
7674375000,        160
7674625000,        160
7674875000,        160
7675125000,        160
7675375000,        160
7675625000,        160
7675875000,        160
7676125000,        160
7676375000,        160
7676625000,        160
7676875000,        160
7677125000,        160
7677375000,        160
7677625000,        160
7677875000,        160
7678125000,        160
7678375000,        160
7678625000,        160
7678875000,        160
7679125000,        160
7679375000,        160
7679625000,        160
7679875000,        160
7680125000,        160
7680375000,        160
7680625000,        160
7680875000,        160
7681125000,        160
7681375000,        160
7681625000,        160
7681875000,        160
7682125000,        160
7682375000,        160
7682625000,        160
7682875000,        160
7683125000,        160
7683375000,        160
7683625000,        160
7683875000,        160
7684125000,        160
7684375000,        160
7684625000,        160
7684875000,        160
7685125000,        160
7685375000,        160
7685625000,        160
7685875000,        160
7686125000,        160
7686375000,        160
7686625000,        160
7686875000,        160
7687125000,        160
7687375000,        160
7687625000,        160
7687875000,        160
7688125000,        160
7688375000,        160
7688625000,        160
7688875000,        160
7689125000,        160
7689375000,        160
7689625000,        160
7689875000,        160
7690125000,        160
7690375000,        160
7690625000,        160
7690875000,        160
7691125000,        160
7691375000,        160
7691625000,        160
7691875000,        160
7692125000,        160
7692375000,        160
7692625000,        160
7692875000,        160
7693125000,        160
7693375000,        160
7693625000,        160
7693875000,        160
7694125000,        160
7694375000,        160
7694625000,        160
7694875000,        160
7695125000,        160
7695375000,        160
7695625000,        160
7695875000,        160
7696125000,        160
7696375000,        160
7696625000,        160
7696875000,        160
7697125000,        160
7697375000,        160
7697625000,        160
7697875000,        160
7698125000,        160
7698375000,        160
7698625000,        160
7698875000,        160
7699125000,        160
7699375000,        160
7699625000,        160
7699875000,        160
7700125000,        160
7700375000,        160
7700625000,        160
7700875000,        160
7701125000,        160
7701375000,        160
7701625000,        160
7701875000,        160
7702125000,        160
7702375000,        160
7702625000,        160
7702875000,        160
7703125000,        160
7703375000,        160
7703625000,        160
7703875000,        160
7704125000,        160
7704375000,        160
7704625000,        160
7704875000,        160
7705125000,        160
7705375000,        160
7705625000,        160
7705875000,        160
7706125000,        160
7706375000,        160
7706625000,        160
7706875000,        160
7707125000,        160
7707375000,        160
7707625000,        160
7707875000,        160
7708125000,        160
7708375000,        160
7708625000,        160
7708875000,        160
7709125000,        160
7709375000,        160
7709625000,        160
7709875000,        160
7710125000,        160
7710375000,        160
7710625000,        160
7710875000,        160
7711125000,        160
7711375000,        160
7711625000,        160
7711875000,        160
7712125000,        160
7712375000,        160
7712625000,        160
7712875000,        160
7713125000,        160
7713375000,        160
7713625000,        160
7713875000,        160
7714125000,        160
7714375000,        160
7714625000,        160
7714875000,        160
7715125000,        160
7715375000,        160
7715625000,        160
7715875000,        160
7716125000,        160
7716375000,        160
7716625000,        160
7716875000,        160
7717125000,        160
7717375000,        160
7717625000,        160
7717875000,        160
7718125000,        160
7718375000,        160
7718625000,        160
7718875000,        160
7719125000,        160
7719375000,        160
7719625000,        160
7719875000,        160
7720125000,        160
7720375000,        160
7720625000,        160
7720875000,        160
7721125000,        160
7721375000,        160
7721625000,        160
7721875000,        160
7722125000,        160
7722375000,        160
7722625000,        160
7722875000,        160
7723125000,        160
7723375000,        160
7723625000,        160
7723875000,        160
7724125000,        160
7724375000,        160
7724625000,        160
7724875000,        160
7725125000,        160
7725375000,        160
7725625000,        160
7725875000,        160
7726125000,        160
7726375000,        160
7726625000,        160
7726875000,        160
7727125000,        160
7727375000,        160
7727625000,        160
7727875000,        160
7728125000,        160
7728375000,        160
7728625000,        160
7728875000,        160
7729125000,        160
7729375000,        160
7729625000,        160
7729875000,        160
7730125000,        160
7730375000,        160
7730625000,        160
7730875000,        160
7731125000,        160
7731375000,        160
7731625000,        160
7731875000,        160
7732125000,        160
7732375000,        160
7732625000,        160
7732875000,        160
7733125000,        160
7733375000,        160
7733625000,        160
7733875000,        160
7734125000,        160
7734375000,        160
7734625000,        160
7734875000,        160
7735125000,        160
7735375000,        160
7735625000,        160
7735875000,        160
7736125000,        160
7736375000,        160
7736625000,        160
7736875000,        160
7737125000,        160
7737375000,        160
7737625000,        160
7737875000,        160
7738125000,        160
7738375000,        160
7738625000,        160
7738875000,        160
7739125000,        160
7739375000,        160
7739625000,        160
7739875000,        160
7740125000,        160
7740375000,        160
7740625000,        160
7740875000,        160
7741125000,        160
7741375000,        160
7741625000,        160
7741875000,        160
7742125000,        160
7742375000,        160
7742625000,        160
7742875000,        160
7743125000,        160
7743375000,        160
7743625000,        160
7743875000,        160
7744125000,        160
7744375000,        160
7744625000,        160
7744875000,        160
7745125000,        160
7745375000,        160
7745625000,        160
7745875000,        160
7746125000,        160
7746375000,        160
7746625000,        160
7746875000,        160
7747125000,        160
7747375000,        160
7747625000,        160
7747875000,        160
7748125000,        160
7748375000,        160
7748625000,        160
7748875000,        160
7749125000,        160
7749375000,        160
7749625000,        160
7749875000,        160
7750125000,        160
7750375000,        160
7750625000,        160
7750875000,        160
7751125000,        160
7751375000,        160
7751625000,        160
7751875000,        160
7752125000,        160
7752375000,        160
7752625000,        160
7752875000,        160
7753125000,        160
7753375000,        160
7753625000,        160
7753875000,        160
7754125000,        160
7754375000,        160
7754625000,        160
7754875000,        160
7755125000,        160
7755375000,        160
7755625000,        160
7755875000,        160
7756125000,        160
7756375000,        160
7756625000,        160
7756875000,        160
7757125000,        160
7757375000,        160
7757625000,        160
7757875000,        160
7758125000,        160
7758375000,        160
7758625000,        160
7758875000,        160
7759125000,        160
7759375000,        160
7759625000,        160
7759875000,        160
7760125000,        160
7760375000,        160
7760625000,        160
7760875000,        160
7761125000,        160
7761375000,        160
7761625000,        160
7761875000,        160
7762125000,        160
7762375000,        160
7762625000,        160
7762875000,        160
7763125000,        160
7763375000,        160
7763625000,        160
7763875000,        160
7764125000,        160
7764375000,        160
7764625000,        160
7764875000,        160
7765125000,        160
7765375000,        160
7765625000,        160
7765875000,        160
7766125000,        160
7766375000,        160
7766625000,        160
7766875000,        160
7767125000,        160
7767375000,        160
7767625000,        160
7767875000,        160
7768125000,        160
7768375000,        160
7768625000,        160
7768875000,        160
7769125000,        160
7769375000,        160
7769625000,        160
7769875000,        160
7770125000,        160
7770375000,        160
7770625000,        160
7770875000,        160
7771125000,        160
7771375000,        160
7771625000,        160
7771875000,        160
7772125000,        160
7772375000,        160
7772625000,        160
7772875000,        160
7773125000,        160
7773375000,        160
7773625000,        160
7773875000,        160
7774125000,        160
7774375000,        160
7774625000,        160
7774875000,        160
7775125000,        160
7775375000,        160
7775625000,        160
7775875000,        160
7776125000,        160
7776375000,        160
7776625000,        160
7776875000,        160
7777125000,        160
7777375000,        160
7777625000,        160
7777875000,        160
7778125000,        160
7778375000,        160
7778625000,        160
7778875000,        160
7779125000,        160
7779375000,        160
7779625000,        160
7779875000,        160
7780125000,        160
7780375000,        160
7780625000,        160
7780875000,        160
7781125000,        160
7781375000,        160
7781625000,        160
7781875000,        160
7782125000,        160
7782375000,        160
7782625000,        160
7782875000,        160
7783125000,        160
7783375000,        160
7783625000,        160
7783875000,        160
7784125000,        160
7784375000,        160
7784625000,        160
7784875000,        160
7785125000,        160
7785375000,        160
7785625000,        160
7785875000,        160
7786125000,        160
7786375000,        160
7786625000,        160
7786875000,        160
7787125000,        160
7787375000,        160
7787625000,        160
7787875000,        160
7788125000,        160
7788375000,        160
7788625000,        160
7788875000,        160
7789125000,        160
7789375000,        160
7789625000,        160
7789875000,        160
7790125000,        160
7790375000,        160
7790625000,        160
7790875000,        160
7791125000,        160
7791375000,        160
7791625000,        160
7791875000,        160
7792125000,        160
7792375000,        160
7792625000,        160
7792875000,        160
7793125000,        160
7793375000,        160
7793625000,        160
7793875000,        160
7794125000,        160
7794375000,        160
7794625000,        160
7794875000,        160
7795125000,        160
7795375000,        160
7795625000,        160
7795875000,        160
7796125000,        160
7796375000,        160
7796625000,        160
7796875000,        160
7797125000,        160
7797375000,        160
7797625000,        160
7797875000,        160
7798125000,        160
7798375000,        160
7798625000,        160
7798875000,        160
7799125000,        160
7799375000,        160
7799625000,        160
7799875000,        160
7800125000,        160
7800375000,        160
7800625000,        160
7800875000,        160
7801125000,        160
7801375000,        160
7801625000,        160
7801875000,        160
7802125000,        160
7802375000,        160
7802625000,        160
7802875000,        160
7803125000,        160
7803375000,        160
7803625000,        160
7803875000,        160
7804125000,        160
7804375000,        160
7804625000,        160
7804875000,        160
7805125000,        160
7805375000,        160
7805625000,        160
7805875000,        160
7806125000,        160
7806375000,        160
7806625000,        160
7806875000,        160
7807125000,        160
7807375000,        160
7807625000,        160
7807875000,        160
7808125000,        160
7808375000,        160
7808625000,        160
7808875000,        160
7809125000,        160
7809375000,        160
7809625000,        160
7809875000,        160
7810125000,        160
7810375000,        160
7810625000,        160
7810875000,        160
7811125000,        160
7811375000,        160
7811625000,        160
7811875000,        160
7812125000,        160
7812375000,        160
7812625000,        160
7812875000,        160
7813125000,        160
7813375000,        160
7813625000,        160
7813875000,        160
7814125000,        160
7814375000,        160
7814625000,        160
7814875000,        160
7815125000,        160
7815375000,        160
7815625000,        160
7815875000,        160
7816125000,        160
7816375000,        160
7816625000,        160
7816875000,        160
7817125000,        160
7817375000,        160
7817625000,        160
7817875000,        160
7818125000,        160
7818375000,        160
7818625000,        160
7818875000,        160
7819125000,        160
7819375000,        160
7819625000,        160
7819875000,        160
7820125000,        160
7820375000,        160
7820625000,        160
7820875000,        160
7821125000,        160
7821375000,        160
7821625000,        160
7821875000,        160
7822125000,        160
7822375000,        160
7822625000,        160
7822875000,        160
7823125000,        160
7823375000,        160
7823625000,        160
7823875000,        160
7824125000,        160
7824375000,        160
7824625000,        160
7824875000,        160
7825125000,        160
7825375000,        160
7825625000,        160
7825875000,        160
7826125000,        160
7826375000,        160
7826625000,        160
7826875000,        160
7827125000,        160
7827375000,        160
7827625000,        160
7827875000,        160
7828125000,        160
7828375000,        160
7828625000,        160
7828875000,        160
7829125000,        160
7829375000,        160
7829625000,        160
7829875000,        160
7830125000,        160
7830375000,        160
7830625000,        160
7830875000,        160
7831125000,        160
7831375000,        160
7831625000,        160
7831875000,        160
7832125000,        160
7832375000,        160
7832625000,        160
7832875000,        160
7833125000,        160
7833375000,        160
7833625000,        160
7833875000,        160
7834125000,        160
7834375000,        160
7834625000,        160
7834875000,        160
7835125000,        160
7835375000,        160
7835625000,        160
7835875000,        160
7836125000,        160
7836375000,        160
7836625000,        160
7836875000,        160
7837125000,        160
7837375000,        160
7837625000,        160
7837875000,        160
7838125000,        160
7838375000,        160
7838625000,        160
7838875000,        160
7839125000,        160
7839375000,        160
7839625000,        160
7839875000,        160
7840125000,        160
7840375000,        160
7840625000,        160
7840875000,        160
7841125000,        160
7841375000,        160
7841625000,        160
7841875000,        160
7842125000,        160
7842375000,        160
7842625000,        160
7842875000,        160
7843125000,        160
7843375000,        160
7843625000,        160
7843875000,        160
7844125000,        160
7844375000,        160
7844625000,        160
7844875000,        160
7845125000,        160
7845375000,        160
7845625000,        160
7845875000,        160
7846125000,        160
7846375000,        160
7846625000,        160
7846875000,        160
7847125000,        160
7847375000,        160
7847625000,        160
7847875000,        160
7848125000,        160
7848375000,        160
7848625000,        160
7848875000,        160
7849125000,        160
7849375000,        160
7849625000,        160
7849875000,        160
7850125000,        160
7850375000,        160
7850625000,        160
7850875000,        160
7851125000,        160
7851375000,        160
7851625000,        160
7851875000,        160
7852125000,        160
7852375000,        160
7852625000,        160
7852875000,        160
7853125000,        160
7853375000,        160
7853625000,        160
7853875000,        160
7854125000,        160
7854375000,        160
7854625000,        160
7854875000,        160
7855125000,        160
7855375000,        160
7855625000,        160
7855875000,        160
7856125000,        160
7856375000,        160
7856625000,        160
7856875000,        160
7857125000,        160
7857375000,        160
7857625000,        160
7857875000,        160
7858125000,        160
7858375000,        160
7858625000,        160
7858875000,        160
7859125000,        160
7859375000,        160
7859625000,        160
7859875000,        160
7860125000,        160
7860375000,        160
7860625000,        160
7860875000,        160
7861125000,        160
7861375000,        160
7861625000,        160
7861875000,        160
7862125000,        160
7862375000,        160
7862625000,        160
7862875000,        160
7863125000,        160
7863375000,        160
7863625000,        160
7863875000,        160
7864125000,        160
7864375000,        160
7864625000,        160
7864875000,        160
7865125000,        160
7865375000,        160
7865625000,        160
7865875000,        160
7866125000,        160
7866375000,        160
7866625000,        160
7866875000,        160
7867125000,        160
7867375000,        160
7867625000,        160
7867875000,        160
7868125000,        160
7868375000,        160
7868625000,        160
7868875000,        160
7869125000,        160
7869375000,        160
7869625000,        160
7869875000,        160
7870125000,        160
7870375000,        160
7870625000,        160
7870875000,        160
7871125000,        160
7871375000,        160
7871625000,        160
7871875000,        160
7872125000,        160
7872375000,        160
7872625000,        160
7872875000,        160
7873125000,        160
7873375000,        160
7873625000,        160
7873875000,        160
7874125000,        160
7874375000,        160
7874625000,        160
7874875000,        160
7875125000,        160
7875375000,        160
7875625000,        160
7875875000,        160
7876125000,        160
7876375000,        160
7876625000,        160
7876875000,        160
7877125000,        160
7877375000,        160
7877625000,        160
7877875000,        160
7878125000,        160
7878375000,        160
7878625000,        160
7878875000,        160
7879125000,        160
7879375000,        160
7879625000,        160
7879875000,        160
7880125000,        160
7880375000,        160
7880625000,        160
7880875000,        160
7881125000,        160
7881375000,        160
7881625000,        160
7881875000,        160
7882125000,        160
7882375000,        160
7882625000,        160
7882875000,        160
7883125000,        160
7883375000,        160
7883625000,        160
7883875000,        160
7884125000,        160
7884375000,        160
7884625000,        160
7884875000,        160
7885125000,        160
7885375000,        160
7885625000,        160
7885875000,        160
7886125000,        160
7886375000,        160
7886625000,        160
7886875000,        160
7887125000,        160
7887375000,        160
7887625000,        160
7887875000,        160
7888125000,        160
7888375000,        160
7888625000,        160
7888875000,        160
7889125000,        160
7889375000,        160
7889625000,        160
7889875000,        160
7890125000,        160
7890375000,        160
7890625000,        160
7890875000,        160
7891125000,        160
7891375000,        160
7891625000,        160
7891875000,        160
7892125000,        160
7892375000,        160
7892625000,        160
7892875000,        160
7893125000,        160
7893375000,        160
7893625000,        160
7893875000,        160
7894125000,        160
7894375000,        160
7894625000,        160
7894875000,        160
7895125000,        160
7895375000,        160
7895625000,        160
7895875000,        160
7896125000,        160
7896375000,        160
7896625000,        160
7896875000,        160
7897125000,        160
7897375000,        160
7897625000,        160
7897875000,        160
7898125000,        160
7898375000,        160
7898625000,        160
7898875000,        160
7899125000,        160
7899375000,        160
7899625000,        160
7899875000,        160
7900125000,        160
7900375000,        160
7900625000,        160
7900875000,        160
7901125000,        160
7901375000,        160
7901625000,        160
7901875000,        160
7902125000,        160
7902375000,        160
7902625000,        160
7902875000,        160
7903125000,        160
7903375000,        160
7903625000,        160
7903875000,        160
7904125000,        160
7904375000,        160
7904625000,        160
7904875000,        160
7905125000,        160
7905375000,        160
7905625000,        160
7905875000,        160
7906125000,        160
7906375000,        160
7906625000,        160
7906875000,        160
7907125000,        160
7907375000,        160
7907625000,        160
7907875000,        160
7908125000,        160
7908375000,        160
7908625000,        160
7908875000,        160
7909125000,        160
7909375000,        160
7909625000,        160
7909875000,        160
7910125000,        160
7910375000,        160
7910625000,        160
7910875000,        160
7911125000,        160
7911375000,        160
7911625000,        160
7911875000,        160
7912125000,        160
7912375000,        160
7912625000,        160
7912875000,        160
7913125000,        160
7913375000,        160
7913625000,        160
7913875000,        160
7914125000,        160
7914375000,        160
7914625000,        160
7914875000,        160
7915125000,        160
7915375000,        160
7915625000,        160
7915875000,        160
7916125000,        160
7916375000,        160
7916625000,        160
7916875000,        160
7917125000,        160
7917375000,        160
7917625000,        160
7917875000,        160
7918125000,        160
7918375000,        160
7918625000,        160
7918875000,        160
7919125000,        160
7919375000,        160
7919625000,        160
7919875000,        160
7920125000,        160
7920375000,        160
7920625000,        160
7920875000,        160
7921125000,        160
7921375000,        160
7921625000,        160
7921875000,        160
7922125000,        160
7922375000,        160
7922625000,        160
7922875000,        160
7923125000,        160
7923375000,        160
7923625000,        160
7923875000,        160
7924125000,        160
7924375000,        160
7924625000,        160
7924875000,        160
7925125000,        160
7925375000,        160
7925625000,        160
7925875000,        160
7926125000,        160
7926375000,        160
7926625000,        160
7926875000,        160
7927125000,        160
7927375000,        160
7927625000,        160
7927875000,        160
7928125000,        160
7928375000,        160
7928625000,        160
7928875000,        160
7929125000,        160
7929375000,        160
7929625000,        160
7929875000,        160
7930125000,        160
7930375000,        160
7930625000,        160
7930875000,        160
7931125000,        160
7931375000,        160
7931625000,        160
7931875000,        160
7932125000,        160
7932375000,        160
7932625000,        160
7932875000,        160
7933125000,        160
7933375000,        160
7933625000,        160
7933875000,        160
7934125000,        160
7934375000,        160
7934625000,        160
7934875000,        160
7935125000,        160
7935375000,        160
7935625000,        160
7935875000,        160
7936125000,        160
7936375000,        160
7936625000,        160
7936875000,        160
7937125000,        160
7937375000,        160
7937625000,        160
7937875000,        160
7938125000,        160
7938375000,        160
7938625000,        160
7938875000,        160
7939125000,        160
7939375000,        160
7939625000,        160
7939875000,        160
7940125000,        160
7940375000,        160
7940625000,        160
7940875000,        160
7941125000,        160
7941375000,        160
7941625000,        160
7941875000,        160
7942125000,        160
7942375000,        160
7942625000,        160
7942875000,        160
7943125000,        160
7943375000,        160
7943625000,        160
7943875000,        160
7944125000,        160
7944375000,        160
7944625000,        160
7944875000,        160
7945125000,        160
7945375000,        160
7945625000,        160
7945875000,        160
7946125000,        160
7946375000,        160
7946625000,        160
7946875000,        160
7947125000,        160
7947375000,        160
7947625000,        160
7947875000,        160
7948125000,        160
7948375000,        160
7948625000,        160
7948875000,        160
7949125000,        160
7949375000,        160
7949625000,        160
7949875000,        160
7950125000,        160
7950375000,        160
7950625000,        160
7950875000,        160
7951125000,        160
7951375000,        160
7951625000,        160
7951875000,        160
7952125000,        160
7952375000,        160
7952625000,        160
7952875000,        160
7953125000,        160
7953375000,        160
7953625000,        160
7953875000,        160
7954125000,        160
7954375000,        160
7954625000,        160
7954875000,        160
7955125000,        160
7955375000,        160
7955625000,        160
7955875000,        160
7956125000,        160
7956375000,        160
7956625000,        160
7956875000,        160
7957125000,        160
7957375000,        160
7957625000,        160
7957875000,        160
7958125000,        160
7958375000,        160
7958625000,        160
7958875000,        160
7959125000,        160
7959375000,        160
7959625000,        160
7959875000,        160
7960125000,        160
7960375000,        160
7960625000,        160
7960875000,        160
7961125000,        160
7961375000,        160
7961625000,        160
7961875000,        160
7962125000,        160
7962375000,        160
7962625000,        160
7962875000,        160
7963125000,        160
7963375000,        160
7963625000,        160
7963875000,        160
7964125000,        160
7964375000,        160
7964625000,        160
7964875000,        160
7965125000,        160
7965375000,        160
7965625000,        160
7965875000,        160
7966125000,        160
7966375000,        160
7966625000,        160
7966875000,        160
7967125000,        160
7967375000,        160
7967625000,        160
7967875000,        160
7968125000,        160
7968375000,        160
7968625000,        160
7968875000,        160
7969125000,        160
7969375000,        160
7969625000,        160
7969875000,        160
7970125000,        160
7970375000,        160
7970625000,        160
7970875000,        160
7971125000,        160
7971375000,        160
7971625000,        160
7971875000,        160
7972125000,        160
7972375000,        160
7972625000,        160
7972875000,        160
7973125000,        160
7973375000,        160
7973625000,        160
7973875000,        160
7974125000,        160
7974375000,        160
7974625000,        160
7974875000,        160
7975125000,        160
7975375000,        160
7975625000,        160
7975875000,        160
7976125000,        160
7976375000,        160
7976625000,        160
7976875000,        160
7977125000,        160
7977375000,        160
7977625000,        160
7977875000,        160
7978125000,        160
7978375000,        160
7978625000,        160
7978875000,        160
7979125000,        160
7979375000,        160
7979625000,        160
7979875000,        160
7980125000,        160
7980375000,        160
7980625000,        160
7980875000,        160
7981125000,        160
7981375000,        160
7981625000,        160
7981875000,        160
7982125000,        160
7982375000,        160
7982625000,        160
7982875000,        160
7983125000,        160
7983375000,        160
7983625000,        160
7983875000,        160
7984125000,        160
7984375000,        160
7984625000,        160
7984875000,        160
7985125000,        160
7985375000,        160
7985625000,        160
7985875000,        160
7986125000,        160
7986375000,        160
7986625000,        160
7986875000,        160
7987125000,        160
7987375000,        160
7987625000,        160
7987875000,        160
7988125000,        160
7988375000,        160
7988625000,        160
7988875000,        160
7989125000,        160
7989375000,        160
7989625000,        160
7989875000,        160
7990125000,        160
7990375000,        160
7990625000,        160
7990875000,        160
7991125000,        160
7991375000,        160
7991625000,        160
7991875000,        160
7992125000,        160
7992375000,        160
7992625000,        160
7992875000,        160
7993125000,        160
7993375000,        160
7993625000,        160
7993875000,        160
7994125000,        160
7994375000,        160
7994625000,        160
7994875000,        160
7995125000,        160
7995375000,        160
7995625000,        160
7995875000,        160
7996125000,        160
7996375000,        160
7996625000,        160
7996875000,        160
7997125000,        160
7997375000,        160
7997625000,        160
7997875000,        160
7998125000,        160
7998375000,        160
7998625000,        160
7998875000,        160
7999125000,        160
7999375000,        160
7999625000,        160
7999875000,        160
